[2026-04-29T15:14:30.334+0000] {taskinstance.py:1956} INFO - Dependencies all met for dep_context=non-requeueable deps ti=<TaskInstance: sus_pipeline.salvar_no_s3 manual__2026-04-29T15:12:49.894708+00:00 [queued]>
[2026-04-29T15:14:30.342+0000] {taskinstance.py:1956} INFO - Dependencies all met for dep_context=requeueable deps ti=<TaskInstance: sus_pipeline.salvar_no_s3 manual__2026-04-29T15:12:49.894708+00:00 [queued]>
[2026-04-29T15:14:30.342+0000] {taskinstance.py:2170} INFO - Starting attempt 1 of 2
[2026-04-29T15:14:30.355+0000] {taskinstance.py:2191} INFO - Executing <Task(PythonOperator): salvar_no_s3> on 2026-04-29 15:12:49.894708+00:00
[2026-04-29T15:14:30.364+0000] {standard_task_runner.py:60} INFO - Started process 4547 to run task
[2026-04-29T15:14:30.368+0000] {standard_task_runner.py:87} INFO - Running: ['***', 'tasks', 'run', 'sus_pipeline', 'salvar_no_s3', 'manual__2026-04-29T15:12:49.894708+00:00', '--job-id', '24', '--raw', '--subdir', 'DAGS_FOLDER/sus_pipeline.py', '--cfg-path', '/tmp/tmpfp9k24ep']
[2026-04-29T15:14:30.370+0000] {standard_task_runner.py:88} INFO - Job 24: Subtask salvar_no_s3
[2026-04-29T15:14:30.408+0000] {task_command.py:423} INFO - Running <TaskInstance: sus_pipeline.salvar_no_s3 manual__2026-04-29T15:12:49.894708+00:00 [running]> on host a7e6afc000b8
[2026-04-29T15:14:30.952+0000] {taskinstance.py:2480} INFO - Exporting env vars: AIRFLOW_CTX_DAG_OWNER='kelli' AIRFLOW_CTX_DAG_ID='sus_pipeline' AIRFLOW_CTX_TASK_ID='salvar_no_s3' AIRFLOW_CTX_EXECUTION_DATE='2026-04-29T15:12:49.894708+00:00' AIRFLOW_CTX_TRY_NUMBER='1' AIRFLOW_CTX_DAG_RUN_ID='manual__2026-04-29T15:12:49.894708+00:00'
[2026-04-29T15:14:30.952+0000] {logging_mixin.py:188} INFO - Enviando dados para o S3...
[2026-04-29T15:14:30.962+0000] {base.py:83} INFO - Using connection ID 'aws_default' for task execution.
[2026-04-29T15:14:32.898+0000] {logging_mixin.py:188} INFO - Enviado: raw/sih/RDSP2110.parquet/d392f55b87454e8bbe0efe1f06b5cce4-0.parquet
[2026-04-29T15:14:33.801+0000] {logging_mixin.py:188} INFO - Enviado: raw/sih/RDSP2110.parquet/488f329a437e4158ac54c9fcd7fb9382-0.parquet
[2026-04-29T15:14:34.619+0000] {logging_mixin.py:188} INFO - Enviado: raw/sih/RDSP2110.parquet/2bf67ab885c644369c56491960eea7df-0.parquet
[2026-04-29T15:14:35.363+0000] {logging_mixin.py:188} INFO - Enviado: raw/sih/RDSP2110.parquet/b8b668121b0c480186313479c31df71a-0.parquet
[2026-04-29T15:14:36.218+0000] {logging_mixin.py:188} INFO - Enviado: raw/sih/RDSP2110.parquet/0c156a0be81f41128688c71af1156542-0.parquet
[2026-04-29T15:14:36.962+0000] {logging_mixin.py:188} INFO - Enviado: raw/sih/RDSP2110.parquet/350276fc41e149abba9a69a09c21b61a-0.parquet
[2026-04-29T15:14:37.421+0000] {logging_mixin.py:188} INFO - Enviado: raw/sih/RDSP2110.parquet/136d9c75f1fb41b2bcfc56a53c03b0c5-0.parquet
[2026-04-29T15:14:38.182+0000] {logging_mixin.py:188} INFO - Enviado: raw/sih/RDSP1904.parquet/c014e1123078432f8a3b9ba7c7cd74f6-0.parquet
[2026-04-29T15:14:38.947+0000] {logging_mixin.py:188} INFO - Enviado: raw/sih/RDSP1904.parquet/c36d80b9f12044e8af0c83a4067eb1c5-0.parquet
[2026-04-29T15:14:39.695+0000] {logging_mixin.py:188} INFO - Enviado: raw/sih/RDSP1904.parquet/bbb345e2b03e49e0afbd6176f17f0635-0.parquet
[2026-04-29T15:14:40.166+0000] {logging_mixin.py:188} INFO - Enviado: raw/sih/RDSP1904.parquet/dfc38e7ce8f241be9029299648ad08fc-0.parquet
[2026-04-29T15:14:43.362+0000] {logging_mixin.py:188} INFO - Enviado: raw/sih/RDSP1904.parquet/4a7c30a1d8344cea84add89b33116dc4-0.parquet
[2026-04-29T15:14:44.150+0000] {logging_mixin.py:188} INFO - Enviado: raw/sih/RDSP1904.parquet/cbb3b34889fd46e28f6ce7b72bef2617-0.parquet
[2026-04-29T15:14:44.812+0000] {logging_mixin.py:188} INFO - Enviado: raw/sih/RDSP1904.parquet/c814109bca4a440a8f06ed66cfdd8d20-0.parquet
[2026-04-29T15:14:45.648+0000] {logging_mixin.py:188} INFO - Enviado: raw/sih/RDSP1904.parquet/9627fab125b6462fbfd2b0f11e15c9dc-0.parquet
[2026-04-29T15:14:46.302+0000] {logging_mixin.py:188} INFO - Enviado: raw/sih/RDSP1903.parquet/fb7511d0fd6040dcb462ff44406e9a88-0.parquet
[2026-04-29T15:14:47.150+0000] {logging_mixin.py:188} INFO - Enviado: raw/sih/RDSP1903.parquet/759e78830bf14e56a59befb174d541e8-0.parquet
[2026-04-29T15:14:47.887+0000] {logging_mixin.py:188} INFO - Enviado: raw/sih/RDSP1903.parquet/2d85ac4947fe43f7824908f791857b0e-0.parquet
[2026-04-29T15:14:48.566+0000] {logging_mixin.py:188} INFO - Enviado: raw/sih/RDSP1903.parquet/e55d0bf543a646f6820694b8c02c2643-0.parquet
[2026-04-29T15:14:48.929+0000] {logging_mixin.py:188} INFO - Enviado: raw/sih/RDSP1903.parquet/10de87f7ef1b46a5b56417e307a588dd-0.parquet
[2026-04-29T15:14:49.577+0000] {logging_mixin.py:188} INFO - Enviado: raw/sih/RDSP1903.parquet/4c8479ccc3c94ff0b0a485ee2444e585-0.parquet
[2026-04-29T15:14:50.257+0000] {logging_mixin.py:188} INFO - Enviado: raw/sih/RDSP1903.parquet/64ff0c57db0047e1b7a2b3c2cffc0e96-0.parquet
[2026-04-29T15:14:50.895+0000] {logging_mixin.py:188} INFO - Enviado: raw/sih/RDSP1903.parquet/28d3fd6004ca4a0a8526bb59cae72b7b-0.parquet
[2026-04-29T15:14:51.508+0000] {logging_mixin.py:188} INFO - Enviado: raw/sih/RDSP1804.parquet/1f846113230949b5b5b6ccec8533bc19-0.parquet
[2026-04-29T15:14:52.073+0000] {logging_mixin.py:188} INFO - Enviado: raw/sih/RDSP1804.parquet/83b982e46efb4d4684a960a75d20eed0-0.parquet
[2026-04-29T15:14:52.408+0000] {logging_mixin.py:188} INFO - Enviado: raw/sih/RDSP1804.parquet/dca679c0a89347e088740c4f84d6eeda-0.parquet
[2026-04-29T15:14:53.019+0000] {logging_mixin.py:188} INFO - Enviado: raw/sih/RDSP1804.parquet/1cd48b85bfe6473bb10a1f6a5c259906-0.parquet
[2026-04-29T15:14:53.555+0000] {logging_mixin.py:188} INFO - Enviado: raw/sih/RDSP1804.parquet/6be3113fd6724fa8b9cb30af18044a55-0.parquet
[2026-04-29T15:14:54.017+0000] {logging_mixin.py:188} INFO - Enviado: raw/sih/RDSP1804.parquet/647b20ee1ebe4fb3a8434af31f7085ba-0.parquet
[2026-04-29T15:14:54.581+0000] {logging_mixin.py:188} INFO - Enviado: raw/sih/RDSP1804.parquet/199b1a0f367e4c64b5810b9916a360de-0.parquet
[2026-04-29T15:14:55.238+0000] {logging_mixin.py:188} INFO - Enviado: raw/sih/RDSP1804.parquet/79bbd2c970c245fd978893f9be7ea4d7-0.parquet
[2026-04-29T15:14:55.738+0000] {logging_mixin.py:188} INFO - Enviado: raw/sih/RDSP2105.parquet/f94a99e33bb3481d812f787f7ab9f084-0.parquet
[2026-04-29T15:14:56.223+0000] {logging_mixin.py:188} INFO - Enviado: raw/sih/RDSP2105.parquet/22dd08488c32491aa283189354589eff-0.parquet
[2026-04-29T15:14:56.686+0000] {logging_mixin.py:188} INFO - Enviado: raw/sih/RDSP2105.parquet/9e471d5aa01e4085a36027c31ca24ee2-0.parquet
[2026-04-29T15:14:57.201+0000] {logging_mixin.py:188} INFO - Enviado: raw/sih/RDSP2105.parquet/22fd024c80b64bde81ce3875a8fcf2fa-0.parquet
[2026-04-29T15:14:57.658+0000] {logging_mixin.py:188} INFO - Enviado: raw/sih/RDSP2105.parquet/7494acc737d24115bd98b849656fe661-0.parquet
[2026-04-29T15:14:58.141+0000] {logging_mixin.py:188} INFO - Enviado: raw/sih/RDSP2105.parquet/0c31495431054177aa06b922e232bbf3-0.parquet
[2026-04-29T15:14:58.610+0000] {logging_mixin.py:188} INFO - Enviado: raw/sih/RDSP2105.parquet/a9906681c5544b3c860dd6e3268315e4-0.parquet
[2026-04-29T15:14:59.087+0000] {logging_mixin.py:188} INFO - Enviado: raw/sih/RDSP2112.parquet/10314b2ae8de473386625f03dc9c67ff-0.parquet
[2026-04-29T15:14:59.561+0000] {logging_mixin.py:188} INFO - Enviado: raw/sih/RDSP2112.parquet/03c011fda35a4eee870859fd0157c9c0-0.parquet
[2026-04-29T15:15:00.028+0000] {logging_mixin.py:188} INFO - Enviado: raw/sih/RDSP2112.parquet/1c6dc4d261b8470e83e4acae311abc8d-0.parquet
[2026-04-29T15:15:00.480+0000] {logging_mixin.py:188} INFO - Enviado: raw/sih/RDSP2112.parquet/30ae63003fce455a94a01287cef92ddf-0.parquet
[2026-04-29T15:15:00.929+0000] {logging_mixin.py:188} INFO - Enviado: raw/sih/RDSP2112.parquet/26d0fc2c4c61463aaf41d85a3f01814a-0.parquet
[2026-04-29T15:15:01.418+0000] {logging_mixin.py:188} INFO - Enviado: raw/sih/RDSP2112.parquet/0624b7a3d4d843fe8f9f8c4dee407a6f-0.parquet
[2026-04-29T15:15:01.932+0000] {logging_mixin.py:188} INFO - Enviado: raw/sih/RDSP2112.parquet/a29e1e03a800412382f0a43ae86eb807-0.parquet
[2026-04-29T15:15:02.415+0000] {logging_mixin.py:188} INFO - Enviado: raw/sih/RDSP2409.parquet/bdb53aa72baa4ebc81ee8cb8669e7f27-0.parquet
[2026-04-29T15:15:02.836+0000] {logging_mixin.py:188} INFO - Enviado: raw/sih/RDSP2409.parquet/4963361afeca48be8667429d92223666-0.parquet
[2026-04-29T15:15:03.134+0000] {logging_mixin.py:188} INFO - Enviado: raw/sih/RDSP2409.parquet/9c035a888d56478f876a3e4a4e5c8664-0.parquet
[2026-04-29T15:15:03.600+0000] {logging_mixin.py:188} INFO - Enviado: raw/sih/RDSP2409.parquet/3925a78584a14581b90b1c26d68bbbed-0.parquet
[2026-04-29T15:15:04.073+0000] {logging_mixin.py:188} INFO - Enviado: raw/sih/RDSP2409.parquet/2c38453d13c944448c082ff99b07c8d5-0.parquet
[2026-04-29T15:15:04.607+0000] {logging_mixin.py:188} INFO - Enviado: raw/sih/RDSP2409.parquet/e38589e01ce54059a26c962e94647498-0.parquet
[2026-04-29T15:15:05.119+0000] {logging_mixin.py:188} INFO - Enviado: raw/sih/RDSP2409.parquet/82d1c1ed4a874dab9bf17e0203839c1e-0.parquet
[2026-04-29T15:15:05.614+0000] {logging_mixin.py:188} INFO - Enviado: raw/sih/RDSP2409.parquet/15f2cf9863fe436aa49856e8811f517e-0.parquet
[2026-04-29T15:15:06.117+0000] {logging_mixin.py:188} INFO - Enviado: raw/sih/RDSP2409.parquet/eba58b865f8542a2bc7f1c72729cc5d8-0.parquet
[2026-04-29T15:15:06.546+0000] {logging_mixin.py:188} INFO - Enviado: raw/sih/RDSP1806.parquet/82d2a95e4e1f4aec829186e6dd533f56-0.parquet
[2026-04-29T15:15:07.061+0000] {logging_mixin.py:188} INFO - Enviado: raw/sih/RDSP1806.parquet/af00bb2620ef4790ac5b6fbf9a906576-0.parquet
[2026-04-29T15:15:07.465+0000] {logging_mixin.py:188} INFO - Enviado: raw/sih/RDSP1806.parquet/08ada2f7a8354bc08672bd88444ec604-0.parquet
[2026-04-29T15:15:07.963+0000] {logging_mixin.py:188} INFO - Enviado: raw/sih/RDSP1806.parquet/925ba7b8bffc481a8b830f0ba4d099f9-0.parquet
[2026-04-29T15:15:08.439+0000] {logging_mixin.py:188} INFO - Enviado: raw/sih/RDSP1806.parquet/08daa1c2aab04385a3dd457b1ff74474-0.parquet
[2026-04-29T15:15:09.026+0000] {logging_mixin.py:188} INFO - Enviado: raw/sih/RDSP1806.parquet/be359cea95304e0ca6f79eef8c71ae4f-0.parquet
[2026-04-29T15:15:09.507+0000] {logging_mixin.py:188} INFO - Enviado: raw/sih/RDSP1806.parquet/414e66716a6444258934ac80467392c3-0.parquet
[2026-04-29T15:15:09.853+0000] {logging_mixin.py:188} INFO - Enviado: raw/sih/RDSP1806.parquet/2c5083888b9d4a249526064b91bfba8b-0.parquet
[2026-04-29T15:15:10.306+0000] {logging_mixin.py:188} INFO - Enviado: raw/sih/RDSP2510.parquet/29975f61c0f94a298ce68e0f30bcf2f5-0.parquet
[2026-04-29T15:15:10.705+0000] {logging_mixin.py:188} INFO - Enviado: raw/sih/RDSP2510.parquet/c92e5b3a1d8d4423920664501e64f8d2-0.parquet
[2026-04-29T15:15:11.205+0000] {logging_mixin.py:188} INFO - Enviado: raw/sih/RDSP2510.parquet/eb4e4f962ba54df4b6e00a838e7e0cf7-0.parquet
[2026-04-29T15:15:11.617+0000] {logging_mixin.py:188} INFO - Enviado: raw/sih/RDSP2510.parquet/9a64761638884f4c8d3c89662ed6b862-0.parquet
[2026-04-29T15:15:12.084+0000] {logging_mixin.py:188} INFO - Enviado: raw/sih/RDSP2510.parquet/f319f558ba5d49ee836ca3d402f7fbff-0.parquet
[2026-04-29T15:15:12.538+0000] {logging_mixin.py:188} INFO - Enviado: raw/sih/RDSP2510.parquet/e6adc97c8b854ca9a2581a5ec59ee497-0.parquet
[2026-04-29T15:15:13.000+0000] {logging_mixin.py:188} INFO - Enviado: raw/sih/RDSP2510.parquet/e6f819d628fa4239bc96760be218ca2c-0.parquet
[2026-04-29T15:15:13.481+0000] {logging_mixin.py:188} INFO - Enviado: raw/sih/RDSP2510.parquet/855c89b0f8e24513bc31bffa66b558ad-0.parquet
[2026-04-29T15:15:13.965+0000] {logging_mixin.py:188} INFO - Enviado: raw/sih/RDSP2510.parquet/15cef2a65a354a23abd7a5080f627ff5-0.parquet
[2026-04-29T15:15:14.426+0000] {logging_mixin.py:188} INFO - Enviado: raw/sih/RDSP2011.parquet/6232f6a44173412e8ba13c71e080ccda-0.parquet
[2026-04-29T15:15:14.884+0000] {logging_mixin.py:188} INFO - Enviado: raw/sih/RDSP2011.parquet/bc24a4bbced1471e8b8b887267d9e546-0.parquet
[2026-04-29T15:15:15.329+0000] {logging_mixin.py:188} INFO - Enviado: raw/sih/RDSP2011.parquet/c34a99bab82c49ce92d7cc6ca9ec52d1-0.parquet
[2026-04-29T15:15:18.077+0000] {logging_mixin.py:188} INFO - Enviado: raw/sih/RDSP2011.parquet/8a69e02f5d7349cdaeb7ecaf315f88e5-0.parquet
[2026-04-29T15:15:18.576+0000] {logging_mixin.py:188} INFO - Enviado: raw/sih/RDSP2011.parquet/dc66b77d09a748cf99c9471c06c4675b-0.parquet
[2026-04-29T15:15:18.964+0000] {logging_mixin.py:188} INFO - Enviado: raw/sih/RDSP2011.parquet/649b78768301436f81dcf47404705608-0.parquet
[2026-04-29T15:15:19.472+0000] {logging_mixin.py:188} INFO - Enviado: raw/sih/RDSP2011.parquet/0ad5b5ed18804159aaf74d98784f9227-0.parquet
[2026-04-29T15:15:19.950+0000] {logging_mixin.py:188} INFO - Enviado: raw/sih/RDSP2212.parquet/a40dd15e146c4ecd92bdc145ca89f033-0.parquet
[2026-04-29T15:15:20.399+0000] {logging_mixin.py:188} INFO - Enviado: raw/sih/RDSP2212.parquet/32b0c635e8ad45bfa9188ad3d86df522-0.parquet
[2026-04-29T15:15:20.715+0000] {logging_mixin.py:188} INFO - Enviado: raw/sih/RDSP2212.parquet/31b919f047684d2396aff7c86e805d88-0.parquet
[2026-04-29T15:15:21.151+0000] {logging_mixin.py:188} INFO - Enviado: raw/sih/RDSP2212.parquet/14b93c2d5f874d4fa55a7a61120c6610-0.parquet
[2026-04-29T15:15:21.639+0000] {logging_mixin.py:188} INFO - Enviado: raw/sih/RDSP2212.parquet/22a31126ed974397994cb05e44d3b27e-0.parquet
[2026-04-29T15:15:22.096+0000] {logging_mixin.py:188} INFO - Enviado: raw/sih/RDSP2212.parquet/abcd08317d264cf0b0da9181021bcdf8-0.parquet
[2026-04-29T15:15:22.496+0000] {logging_mixin.py:188} INFO - Enviado: raw/sih/RDSP2212.parquet/a3b4db03da6e41c2adc2a7ad72668ec4-0.parquet
[2026-04-29T15:15:22.924+0000] {logging_mixin.py:188} INFO - Enviado: raw/sih/RDSP2212.parquet/c2054255a1b143b8b52e13f1079fed7d-0.parquet
[2026-04-29T15:15:23.308+0000] {logging_mixin.py:188} INFO - Enviado: raw/sih/RDSP1811.parquet/5600de9c107e49709ba501f08a3924e2-0.parquet
[2026-04-29T15:15:23.818+0000] {logging_mixin.py:188} INFO - Enviado: raw/sih/RDSP1811.parquet/e6052ba9575a486ea02ff9ab0cd8e325-0.parquet
[2026-04-29T15:15:24.374+0000] {logging_mixin.py:188} INFO - Enviado: raw/sih/RDSP1811.parquet/e234a86cc2a7401a896def9285cb880e-0.parquet
[2026-04-29T15:15:24.904+0000] {logging_mixin.py:188} INFO - Enviado: raw/sih/RDSP1811.parquet/62abbebe0e454f389a9f35bc63aab595-0.parquet
[2026-04-29T15:15:25.320+0000] {logging_mixin.py:188} INFO - Enviado: raw/sih/RDSP1811.parquet/3704b985191a4048ad7e419d6945898b-0.parquet
[2026-04-29T15:15:25.807+0000] {logging_mixin.py:188} INFO - Enviado: raw/sih/RDSP1811.parquet/0badea90567d4e1981311a0eeed70c39-0.parquet
[2026-04-29T15:15:26.233+0000] {logging_mixin.py:188} INFO - Enviado: raw/sih/RDSP1811.parquet/2795b34f9cdd49b08f0d39e1ace989a0-0.parquet
[2026-04-29T15:15:26.618+0000] {logging_mixin.py:188} INFO - Enviado: raw/sih/RDSP2312.parquet/af6c2ca6fb4b4dec8a1143122110cc26-0.parquet
[2026-04-29T15:15:27.024+0000] {logging_mixin.py:188} INFO - Enviado: raw/sih/RDSP2312.parquet/a537089b02c6493995837d5a5a086799-0.parquet
[2026-04-29T15:15:27.455+0000] {logging_mixin.py:188} INFO - Enviado: raw/sih/RDSP2312.parquet/f24f8984acf14bc68a5cbf4f25859a87-0.parquet
[2026-04-29T15:15:27.854+0000] {logging_mixin.py:188} INFO - Enviado: raw/sih/RDSP2312.parquet/2f66a29ab9fc4b57a3971741e47a16fa-0.parquet
[2026-04-29T15:15:28.273+0000] {logging_mixin.py:188} INFO - Enviado: raw/sih/RDSP2312.parquet/abbfb610de5f4b22b2aeb5fbba561f1b-0.parquet
[2026-04-29T15:15:28.641+0000] {logging_mixin.py:188} INFO - Enviado: raw/sih/RDSP2312.parquet/687c0dd89f9346dd899880c90e1046ea-0.parquet
[2026-04-29T15:15:29.050+0000] {logging_mixin.py:188} INFO - Enviado: raw/sih/RDSP2312.parquet/f39217f19961474eab52e3a3560ecc91-0.parquet
[2026-04-29T15:15:32.331+0000] {logging_mixin.py:188} INFO - Enviado: raw/sih/RDSP2312.parquet/8891bbdcdd3f42219f4c9e035ee8fc05-0.parquet
[2026-04-29T15:15:34.580+0000] {logging_mixin.py:188} INFO - Enviado: raw/sih/RDSP2602.parquet/c42908a3bd5141e583603552de394a10-0.parquet
[2026-04-29T15:15:36.500+0000] {logging_mixin.py:188} INFO - Enviado: raw/sih/RDSP2602.parquet/4cf052cb3a164e7182d92a388bf4bcf3-0.parquet
[2026-04-29T15:15:37.810+0000] {logging_mixin.py:188} INFO - Enviado: raw/sih/RDSP2602.parquet/509feac542254caebccb297ef07e6aee-0.parquet
[2026-04-29T15:15:38.968+0000] {logging_mixin.py:188} INFO - Enviado: raw/sih/RDSP2602.parquet/bead66d359be46c79422d8e9852076fd-0.parquet
[2026-04-29T15:15:39.951+0000] {logging_mixin.py:188} INFO - Enviado: raw/sih/RDSP2602.parquet/b861f4ecef78484bb279cb02999b1736-0.parquet
[2026-04-29T15:15:40.579+0000] {logging_mixin.py:188} INFO - Enviado: raw/sih/RDSP2602.parquet/5c369a27dc194203b42a6a82e7d5c43f-0.parquet
[2026-04-29T15:15:41.425+0000] {logging_mixin.py:188} INFO - Enviado: raw/sih/RDSP2602.parquet/9b9bfab5eb904268af8e4a863b0d4c69-0.parquet
[2026-04-29T15:15:42.283+0000] {logging_mixin.py:188} INFO - Enviado: raw/sih/RDSP2602.parquet/6d48b35d1bc34e3480e028d8ce4e0c66-0.parquet
[2026-04-29T15:15:43.063+0000] {logging_mixin.py:188} INFO - Enviado: raw/sih/RDSP1901.parquet/403d595cc97f488cb982f1a3b3cc5e78-0.parquet
[2026-04-29T15:15:43.790+0000] {logging_mixin.py:188} INFO - Enviado: raw/sih/RDSP1901.parquet/7556906251c143c691e0b8c907e0dcf0-0.parquet
[2026-04-29T15:15:44.413+0000] {logging_mixin.py:188} INFO - Enviado: raw/sih/RDSP1901.parquet/b15101045a6946039ad3ad17cf6c6833-0.parquet
[2026-04-29T15:15:45.103+0000] {logging_mixin.py:188} INFO - Enviado: raw/sih/RDSP1901.parquet/a4c1ab58259b4b40af468cf7b38ea754-0.parquet
[2026-04-29T15:15:45.440+0000] {logging_mixin.py:188} INFO - Enviado: raw/sih/RDSP1901.parquet/5c3dee7b556a452db771dbef41544b50-0.parquet
[2026-04-29T15:15:46.090+0000] {logging_mixin.py:188} INFO - Enviado: raw/sih/RDSP1901.parquet/1cb0dd8cfc7c4b5bbb7b2b30e77d596c-0.parquet
[2026-04-29T15:15:46.690+0000] {logging_mixin.py:188} INFO - Enviado: raw/sih/RDSP1901.parquet/8e5436d91eed45adbe3ef845e744858c-0.parquet
[2026-04-29T15:15:47.344+0000] {logging_mixin.py:188} INFO - Enviado: raw/sih/RDSP1901.parquet/caad19a9a2b443b192c6eac183d50247-0.parquet
[2026-04-29T15:15:47.824+0000] {logging_mixin.py:188} INFO - Enviado: raw/sih/RDSP2307.parquet/7fe5b67291ad43909a7cd6ddb69cac0e-0.parquet
[2026-04-29T15:15:48.353+0000] {logging_mixin.py:188} INFO - Enviado: raw/sih/RDSP2307.parquet/a91e258a2a3140ba87ba249742a6e05a-0.parquet
[2026-04-29T15:15:48.929+0000] {logging_mixin.py:188} INFO - Enviado: raw/sih/RDSP2307.parquet/0f49afbc5bad4f00b1c1a54f87fac74c-0.parquet
[2026-04-29T15:15:49.520+0000] {logging_mixin.py:188} INFO - Enviado: raw/sih/RDSP2307.parquet/5d2af69d44ef465fae88f2e6ab525595-0.parquet
[2026-04-29T15:15:52.575+0000] {logging_mixin.py:188} INFO - Enviado: raw/sih/RDSP2307.parquet/7257a8f26fdc495da24bd8564dc71545-0.parquet
[2026-04-29T15:15:53.115+0000] {logging_mixin.py:188} INFO - Enviado: raw/sih/RDSP2307.parquet/f5baa0b96d414cc7bbeae2109027821c-0.parquet
[2026-04-29T15:15:53.658+0000] {logging_mixin.py:188} INFO - Enviado: raw/sih/RDSP2307.parquet/c693235f666242c897e0e4f89025bad8-0.parquet
[2026-04-29T15:15:54.210+0000] {logging_mixin.py:188} INFO - Enviado: raw/sih/RDSP2307.parquet/6dd6aa5b76c54600be20d6d6871cf019-0.parquet
[2026-04-29T15:15:54.760+0000] {logging_mixin.py:188} INFO - Enviado: raw/sih/RDSP2408.parquet/dd982833c9984eb6af0bec402276a733-0.parquet
[2026-04-29T15:15:55.343+0000] {logging_mixin.py:188} INFO - Enviado: raw/sih/RDSP2408.parquet/77bd9e805a2d47569a1de4c884e011e2-0.parquet
[2026-04-29T15:15:55.726+0000] {logging_mixin.py:188} INFO - Enviado: raw/sih/RDSP2408.parquet/cef6c51e59044b85ba57cbb6a73938d5-0.parquet
[2026-04-29T15:15:56.334+0000] {logging_mixin.py:188} INFO - Enviado: raw/sih/RDSP2408.parquet/8ae0e411e5414e35865502cb020ef945-0.parquet
[2026-04-29T15:15:56.900+0000] {logging_mixin.py:188} INFO - Enviado: raw/sih/RDSP2408.parquet/b30fb0fe741c42588f6aebdbb0336b2a-0.parquet
[2026-04-29T15:15:57.447+0000] {logging_mixin.py:188} INFO - Enviado: raw/sih/RDSP2408.parquet/3c8ccc1712bd4688996d1befd1a4629d-0.parquet
[2026-04-29T15:15:57.970+0000] {logging_mixin.py:188} INFO - Enviado: raw/sih/RDSP2408.parquet/8c50638d901c4b84b6f0c0f22620a061-0.parquet
[2026-04-29T15:15:58.470+0000] {logging_mixin.py:188} INFO - Enviado: raw/sih/RDSP2408.parquet/81ecef1fa18d49599abd43f15aab5bd4-0.parquet
[2026-04-29T15:15:58.961+0000] {logging_mixin.py:188} INFO - Enviado: raw/sih/RDSP2408.parquet/2cb30f41f04d4b16afa5957531b53269-0.parquet
[2026-04-29T15:15:59.547+0000] {logging_mixin.py:188} INFO - Enviado: raw/sih/RDSP2004.parquet/edb41dc9110d4506921264fe0f35b56b-0.parquet
[2026-04-29T15:16:00.041+0000] {logging_mixin.py:188} INFO - Enviado: raw/sih/RDSP2004.parquet/f1bd6e81b86841819bf16833cebce878-0.parquet
[2026-04-29T15:16:00.613+0000] {logging_mixin.py:188} INFO - Enviado: raw/sih/RDSP2506.parquet/c0228c3d24984fe49240352fcc035b56-0.parquet
[2026-04-29T15:16:01.085+0000] {logging_mixin.py:188} INFO - Enviado: raw/sih/RDSP2506.parquet/4785790aad014d5384d762eded11cd63-0.parquet
[2026-04-29T15:16:01.585+0000] {logging_mixin.py:188} INFO - Enviado: raw/sih/RDSP2506.parquet/e377515968e144369ec400ca09ac7c42-0.parquet
[2026-04-29T15:16:01.903+0000] {logging_mixin.py:188} INFO - Enviado: raw/sih/RDSP2506.parquet/293382e234514d2d83f87dd207ac6551-0.parquet
[2026-04-29T15:16:02.428+0000] {logging_mixin.py:188} INFO - Enviado: raw/sih/RDSP2506.parquet/5fd7e498fad04c4bb56db8d31ea59cca-0.parquet
[2026-04-29T15:16:02.873+0000] {logging_mixin.py:188} INFO - Enviado: raw/sih/RDSP2506.parquet/86a5c8cff945405e92e34c5e20623997-0.parquet
[2026-04-29T15:16:03.271+0000] {logging_mixin.py:188} INFO - Enviado: raw/sih/RDSP2506.parquet/b5987f7dccd2411ab06560d931073910-0.parquet
[2026-04-29T15:16:03.905+0000] {logging_mixin.py:188} INFO - Enviado: raw/sih/RDSP2506.parquet/45f85d00252448eca4d2067e171bf167-0.parquet
[2026-04-29T15:16:04.421+0000] {logging_mixin.py:188} INFO - Enviado: raw/sih/RDSP2506.parquet/921dcaa193fb48e38fab8d75ee56c14f-0.parquet
[2026-04-29T15:16:04.919+0000] {logging_mixin.py:188} INFO - Enviado: raw/sih/RDSP2111.parquet/076f182e4e2c4208bd116afe82f4ef72-0.parquet
[2026-04-29T15:16:05.363+0000] {logging_mixin.py:188} INFO - Enviado: raw/sih/RDSP2111.parquet/32bdc00ac8b34ff2b486d7d0fce37080-0.parquet
[2026-04-29T15:16:05.861+0000] {logging_mixin.py:188} INFO - Enviado: raw/sih/RDSP2111.parquet/bc6fdff2b77e496888cf4115a88a6e4e-0.parquet
[2026-04-29T15:16:06.310+0000] {logging_mixin.py:188} INFO - Enviado: raw/sih/RDSP2111.parquet/0e797385d4c54e5ea0e28d5bc24398a7-0.parquet
[2026-04-29T15:16:06.753+0000] {logging_mixin.py:188} INFO - Enviado: raw/sih/RDSP2111.parquet/00f95efeee2045d18e102ed08a3e7e3a-0.parquet
[2026-04-29T15:16:07.209+0000] {logging_mixin.py:188} INFO - Enviado: raw/sih/RDSP2111.parquet/029dce4b149f4522b35c66aebfb0c6f3-0.parquet
[2026-04-29T15:16:07.639+0000] {logging_mixin.py:188} INFO - Enviado: raw/sih/RDSP2111.parquet/45aae560abe5426aa81d22ff60047685-0.parquet
[2026-04-29T15:16:08.084+0000] {logging_mixin.py:188} INFO - Enviado: raw/sih/RDSP2412.parquet/d13a53380d5b4799b6bafb8f487f7914-0.parquet
[2026-04-29T15:16:08.560+0000] {logging_mixin.py:188} INFO - Enviado: raw/sih/RDSP2412.parquet/75aadaf144984d668349a6ed63d6521a-0.parquet
[2026-04-29T15:16:09.065+0000] {logging_mixin.py:188} INFO - Enviado: raw/sih/RDSP2412.parquet/30970defa1664d78a52f093f4e0f7eca-0.parquet
[2026-04-29T15:16:09.418+0000] {logging_mixin.py:188} INFO - Enviado: raw/sih/RDSP2412.parquet/ab7e16fe6e4d4a01aa274219ef711be5-0.parquet
[2026-04-29T15:16:09.888+0000] {logging_mixin.py:188} INFO - Enviado: raw/sih/RDSP2412.parquet/874bd7bf306043108ee97553b264f72e-0.parquet
[2026-04-29T15:16:10.345+0000] {logging_mixin.py:188} INFO - Enviado: raw/sih/RDSP2412.parquet/5997658616744a7d914210b2f8509da6-0.parquet
[2026-04-29T15:16:10.868+0000] {logging_mixin.py:188} INFO - Enviado: raw/sih/RDSP2412.parquet/70f203bf9abf48b78ecf6203ae704f32-0.parquet
[2026-04-29T15:16:11.281+0000] {logging_mixin.py:188} INFO - Enviado: raw/sih/RDSP2412.parquet/c03d9332cd944229b63953a438aa31ab-0.parquet
[2026-04-29T15:16:11.766+0000] {logging_mixin.py:188} INFO - Enviado: raw/sih/RDSP2308.parquet/01eac318ed444dd6aedeff2c524c7c5d-0.parquet
[2026-04-29T15:16:12.230+0000] {logging_mixin.py:188} INFO - Enviado: raw/sih/RDSP2308.parquet/88f9375c9f234e01999398ec7db7d3c5-0.parquet
[2026-04-29T15:16:12.643+0000] {logging_mixin.py:188} INFO - Enviado: raw/sih/RDSP2308.parquet/40067cac192c4819945384de6995ba1a-0.parquet
[2026-04-29T15:16:13.122+0000] {logging_mixin.py:188} INFO - Enviado: raw/sih/RDSP2308.parquet/7a68fe709d57445795f1f8aa3e758aa8-0.parquet
[2026-04-29T15:16:13.626+0000] {logging_mixin.py:188} INFO - Enviado: raw/sih/RDSP2308.parquet/b9065aa008034adfb3e8cb48f4c4cda7-0.parquet
[2026-04-29T15:16:14.474+0000] {logging_mixin.py:188} INFO - Enviado: raw/sih/RDSP2308.parquet/4d436f66489c41fb9bae7787d5b1aae0-0.parquet
[2026-04-29T15:16:15.099+0000] {logging_mixin.py:188} INFO - Enviado: raw/sih/RDSP2308.parquet/be4e8cfc09f844b18692601edf015b4f-0.parquet
[2026-04-29T15:16:15.597+0000] {logging_mixin.py:188} INFO - Enviado: raw/sih/RDSP2308.parquet/776e64b4c26e48959d900b6ec31df6ed-0.parquet
[2026-04-29T15:16:16.134+0000] {logging_mixin.py:188} INFO - Enviado: raw/sih/RDSP2012.parquet/65592b1560624aff961dc9ca014059a1-0.parquet
[2026-04-29T15:16:16.582+0000] {logging_mixin.py:188} INFO - Enviado: raw/sih/RDSP2012.parquet/cb3450ce2edc4d19a5d64c2d0df3e2f5-0.parquet
[2026-04-29T15:16:16.976+0000] {logging_mixin.py:188} INFO - Enviado: raw/sih/RDSP2012.parquet/5494b1da3fb849c3a152d47f67e791e6-0.parquet
[2026-04-29T15:16:17.416+0000] {logging_mixin.py:188} INFO - Enviado: raw/sih/RDSP2012.parquet/42bd642391a748faa6e03408c95c7ea9-0.parquet
[2026-04-29T15:16:17.920+0000] {logging_mixin.py:188} INFO - Enviado: raw/sih/RDSP2012.parquet/eb3942c4862140b5ab1cac62bac27003-0.parquet
[2026-04-29T15:16:18.402+0000] {logging_mixin.py:188} INFO - Enviado: raw/sih/RDSP2012.parquet/5bd80e305c834af39dde81efc4e2ddbd-0.parquet
[2026-04-29T15:16:18.911+0000] {logging_mixin.py:188} INFO - Enviado: raw/sih/RDSP2012.parquet/81673d3f3e3245359acf9889bb44e28c-0.parquet
[2026-04-29T15:16:19.416+0000] {logging_mixin.py:188} INFO - Enviado: raw/sih/RDSP1803.parquet/8b00a6b65e894daa87659b95d5aa5847-0.parquet
[2026-04-29T15:16:20.002+0000] {logging_mixin.py:188} INFO - Enviado: raw/sih/RDSP1803.parquet/e228794d7dc44814b7dbc8b8628dd792-0.parquet
[2026-04-29T15:16:20.565+0000] {logging_mixin.py:188} INFO - Enviado: raw/sih/RDSP1803.parquet/585591a614b643e0a926b30ed961a9ee-0.parquet
[2026-04-29T15:16:20.986+0000] {logging_mixin.py:188} INFO - Enviado: raw/sih/RDSP1803.parquet/1971762baec54f489a4ac8d2cfa6b45a-0.parquet
[2026-04-29T15:16:21.485+0000] {logging_mixin.py:188} INFO - Enviado: raw/sih/RDSP1803.parquet/0d5217ade49d4330ab0f88ba8e53c4c1-0.parquet
[2026-04-29T15:16:21.958+0000] {logging_mixin.py:188} INFO - Enviado: raw/sih/RDSP1803.parquet/2fadcd35da9e44c0869f6528a06e26df-0.parquet
[2026-04-29T15:16:22.411+0000] {logging_mixin.py:188} INFO - Enviado: raw/sih/RDSP1803.parquet/527dda407bf34de186798496b391fdbb-0.parquet
[2026-04-29T15:16:22.844+0000] {logging_mixin.py:188} INFO - Enviado: raw/sih/RDSP1803.parquet/f856b3671cbc44b2964b4c997cf7efdd-0.parquet
[2026-04-29T15:16:23.262+0000] {logging_mixin.py:188} INFO - Enviado: raw/sih/RDSP2104.parquet/9ddee8f8233c4ed29d38d749314c63e9-0.parquet
[2026-04-29T15:16:23.990+0000] {logging_mixin.py:188} INFO - Enviado: raw/sih/RDSP2104.parquet/5995d525b7fc4ff789308c5b6f1fc12b-0.parquet
[2026-04-29T15:16:24.432+0000] {logging_mixin.py:188} INFO - Enviado: raw/sih/RDSP2104.parquet/e50e5eab796e4b75b4520a391a2288a0-0.parquet
[2026-04-29T15:16:27.283+0000] {logging_mixin.py:188} INFO - Enviado: raw/sih/RDSP2104.parquet/7f1d5df7864d40029bf44d55a95eb424-0.parquet
[2026-04-29T15:16:27.769+0000] {logging_mixin.py:188} INFO - Enviado: raw/sih/RDSP2104.parquet/00c71f73eb5446a0ba45e115fda26a39-0.parquet
[2026-04-29T15:16:28.260+0000] {logging_mixin.py:188} INFO - Enviado: raw/sih/RDSP2104.parquet/c606c7d80560455cb80247892ec51707-0.parquet
[2026-04-29T15:16:28.724+0000] {logging_mixin.py:188} INFO - Enviado: raw/sih/RDSP2104.parquet/fd118f96e2e847c4b97c414a5a80471c-0.parquet
[2026-04-29T15:16:29.212+0000] {logging_mixin.py:188} INFO - Enviado: raw/sih/RDSP2301.parquet/9fd69d44b2b24465ac1f39394ed72fbc-0.parquet
[2026-04-29T15:16:29.722+0000] {logging_mixin.py:188} INFO - Enviado: raw/sih/RDSP2301.parquet/6450f1ec39964956ad8a8f3e74578a50-0.parquet
[2026-04-29T15:16:30.225+0000] {logging_mixin.py:188} INFO - Enviado: raw/sih/RDSP2301.parquet/3287d94a51394bc58cdc6422fe3574a0-0.parquet
[2026-04-29T15:16:30.620+0000] {logging_mixin.py:188} INFO - Enviado: raw/sih/RDSP2301.parquet/6d24eb9eee85498988723036ec77da7e-0.parquet
[2026-04-29T15:16:31.113+0000] {logging_mixin.py:188} INFO - Enviado: raw/sih/RDSP2301.parquet/e57c3a0d6ab446c1bf84443b702a220b-0.parquet
[2026-04-29T15:16:31.745+0000] {logging_mixin.py:188} INFO - Enviado: raw/sih/RDSP2301.parquet/52603f57127c4049a13ec401cdee33cd-0.parquet
[2026-04-29T15:16:32.234+0000] {logging_mixin.py:188} INFO - Enviado: raw/sih/RDSP2301.parquet/a3fc291f60cc4599bafd26f276431bc0-0.parquet
[2026-04-29T15:16:32.749+0000] {logging_mixin.py:188} INFO - Enviado: raw/sih/RDSP2301.parquet/d32de135e19047128f164f18d2ec606b-0.parquet
[2026-04-29T15:16:33.285+0000] {logging_mixin.py:188} INFO - Enviado: raw/sih/RDSP2109.parquet/8a2f9cff8b474a6aa5e9044c0a875b2f-0.parquet
[2026-04-29T15:16:33.822+0000] {logging_mixin.py:188} INFO - Enviado: raw/sih/RDSP2109.parquet/9798562341334093a36808054fe4e602-0.parquet
[2026-04-29T15:16:35.796+0000] {logging_mixin.py:188} INFO - Enviado: raw/sih/RDSP2109.parquet/71642e888d15490c9d1490f96f2ed00a-0.parquet
[2026-04-29T15:16:36.471+0000] {logging_mixin.py:188} INFO - Enviado: raw/sih/RDSP2109.parquet/98255e88e7eb4d698a720d9b4080f439-0.parquet
[2026-04-29T15:16:36.950+0000] {logging_mixin.py:188} INFO - Enviado: raw/sih/RDSP2109.parquet/e2ae9086df2b4992941fd15aaf65a975-0.parquet
[2026-04-29T15:16:37.547+0000] {logging_mixin.py:188} INFO - Enviado: raw/sih/RDSP2109.parquet/c71833b920b44c1cb746b1d07dff214b-0.parquet
[2026-04-29T15:16:38.141+0000] {logging_mixin.py:188} INFO - Enviado: raw/sih/RDSP2109.parquet/181fa370b838462f9edb57d857e23a82-0.parquet
[2026-04-29T15:16:38.770+0000] {logging_mixin.py:188} INFO - Enviado: raw/sih/RDSP2508.parquet/f893783097bb4f5e843c4a1d4835f9a7-0.parquet
[2026-04-29T15:16:39.404+0000] {logging_mixin.py:188} INFO - Enviado: raw/sih/RDSP2508.parquet/c64e81c313c84f7d881ed9b51603a219-0.parquet
[2026-04-29T15:16:39.989+0000] {logging_mixin.py:188} INFO - Enviado: raw/sih/RDSP2508.parquet/449be1fbbbdb4389904b5fa659e82555-0.parquet
[2026-04-29T15:16:40.668+0000] {logging_mixin.py:188} INFO - Enviado: raw/sih/RDSP2508.parquet/3d0dd1bc1ade4217b629658537b7cf70-0.parquet
[2026-04-29T15:16:41.140+0000] {logging_mixin.py:188} INFO - Enviado: raw/sih/RDSP2508.parquet/d3104e1cde3e4bd9b1951fc271506537-0.parquet
[2026-04-29T15:16:41.691+0000] {logging_mixin.py:188} INFO - Enviado: raw/sih/RDSP2508.parquet/e831d701ee99459da5539d81ac3363a1-0.parquet
[2026-04-29T15:16:42.277+0000] {logging_mixin.py:188} INFO - Enviado: raw/sih/RDSP2508.parquet/97cae80a70cf47b5a7b2812078b6022a-0.parquet
[2026-04-29T15:16:42.917+0000] {logging_mixin.py:188} INFO - Enviado: raw/sih/RDSP2508.parquet/5e39cefc1cdf4be488fbd2f1823e48f3-0.parquet
[2026-04-29T15:16:43.595+0000] {logging_mixin.py:188} INFO - Enviado: raw/sih/RDSP2508.parquet/0cae61bf8bfc4d1188d2bd3e19e2d8d7-0.parquet
[2026-04-29T15:16:44.173+0000] {logging_mixin.py:188} INFO - Enviado: raw/sih/RDSP2406.parquet/7f68162c42dd44eab34e03d3e6c47bc9-0.parquet
[2026-04-29T15:16:44.782+0000] {logging_mixin.py:188} INFO - Enviado: raw/sih/RDSP2406.parquet/d1ff53dd65cf44ca9415b7b4c7f34aea-0.parquet
[2026-04-29T15:16:45.424+0000] {logging_mixin.py:188} INFO - Enviado: raw/sih/RDSP2406.parquet/49ea351b974e4f92b0327a677ff93663-0.parquet
[2026-04-29T15:16:45.733+0000] {logging_mixin.py:188} INFO - Enviado: raw/sih/RDSP2406.parquet/ad6b92cccf144cef85bd1bd32bd75044-0.parquet
[2026-04-29T15:16:46.349+0000] {logging_mixin.py:188} INFO - Enviado: raw/sih/RDSP2406.parquet/9b8947c7135c44a095d153a620b57e34-0.parquet
[2026-04-29T15:16:46.960+0000] {logging_mixin.py:188} INFO - Enviado: raw/sih/RDSP2406.parquet/b3ca1790c1bc4d67b3dcfca5a746eabe-0.parquet
[2026-04-29T15:16:47.550+0000] {logging_mixin.py:188} INFO - Enviado: raw/sih/RDSP2406.parquet/c7e81c5d8d1642fa8a6ed605a1b183ab-0.parquet
[2026-04-29T15:16:48.097+0000] {logging_mixin.py:188} INFO - Enviado: raw/sih/RDSP2406.parquet/4d8789adb0824711b5b29c9a6a2df4b3-0.parquet
[2026-04-29T15:16:48.703+0000] {logging_mixin.py:188} INFO - Enviado: raw/sih/RDSP2406.parquet/9e79c2972dad4c4e8be29d4ba7cf1d78-0.parquet
[2026-04-29T15:16:49.338+0000] {logging_mixin.py:188} INFO - Enviado: raw/sih/RDSP2402.parquet/73f246a7a1f44d0bbdb1eb589c6f468c-0.parquet
[2026-04-29T15:16:49.982+0000] {logging_mixin.py:188} INFO - Enviado: raw/sih/RDSP2402.parquet/25b8fa3fc7ff4805b80b4791119c97cc-0.parquet
[2026-04-29T15:16:50.601+0000] {logging_mixin.py:188} INFO - Enviado: raw/sih/RDSP2402.parquet/1b3d5be7260e42b689df9feaa56d1c90-0.parquet
[2026-04-29T15:16:51.204+0000] {logging_mixin.py:188} INFO - Enviado: raw/sih/RDSP2402.parquet/25cc922defea430681d460322e252586-0.parquet
[2026-04-29T15:16:51.574+0000] {logging_mixin.py:188} INFO - Enviado: raw/sih/RDSP2402.parquet/bffc8ec63b1c40e3b085e179fdeef761-0.parquet
[2026-04-29T15:16:52.211+0000] {logging_mixin.py:188} INFO - Enviado: raw/sih/RDSP2402.parquet/dc14f1c743014753a97dc5037a9e6f48-0.parquet
[2026-04-29T15:16:53.060+0000] {logging_mixin.py:188} INFO - Enviado: raw/sih/RDSP2402.parquet/3d7ad658093945cb85ad8ab1ac2b1464-0.parquet
[2026-04-29T15:16:53.765+0000] {logging_mixin.py:188} INFO - Enviado: raw/sih/RDSP2402.parquet/ae625dcda26746569745017e9ec64967-0.parquet
[2026-04-29T15:16:54.386+0000] {logging_mixin.py:188} INFO - Enviado: raw/sih/RDSP2305.parquet/622cda5163fa499a9ba9e79290634aaa-0.parquet
[2026-04-29T15:16:55.091+0000] {logging_mixin.py:188} INFO - Enviado: raw/sih/RDSP2305.parquet/74ab057ec03e4219a29ad9e7860668ee-0.parquet
[2026-04-29T15:16:55.743+0000] {logging_mixin.py:188} INFO - Enviado: raw/sih/RDSP2305.parquet/4044de9eddcc437381bf386184057ccc-0.parquet
[2026-04-29T15:16:56.371+0000] {logging_mixin.py:188} INFO - Enviado: raw/sih/RDSP2305.parquet/57bec5af0e974e2f9ef29e2da2e8e465-0.parquet
[2026-04-29T15:16:56.842+0000] {logging_mixin.py:188} INFO - Enviado: raw/sih/RDSP2305.parquet/4dfcaf6cbc984078aacc20ee5ac6b1ff-0.parquet
[2026-04-29T15:16:57.454+0000] {logging_mixin.py:188} INFO - Enviado: raw/sih/RDSP2305.parquet/788609fe716e46b68908c1ade01ba945-0.parquet
[2026-04-29T15:16:58.181+0000] {logging_mixin.py:188} INFO - Enviado: raw/sih/RDSP2305.parquet/dc8bcc6991de4de0a18d3a8eb06c0f54-0.parquet
[2026-04-29T15:16:58.924+0000] {logging_mixin.py:188} INFO - Enviado: raw/sih/RDSP2305.parquet/9548292d1c1846a4b3acc263c38dd3ad-0.parquet
[2026-04-29T15:17:02.092+0000] {logging_mixin.py:188} INFO - Enviado: raw/sih/RDSP2203.parquet/ec8f77e457be4c989b5eb5e672d01ee5-0.parquet
[2026-04-29T15:17:02.908+0000] {logging_mixin.py:188} INFO - Enviado: raw/sih/RDSP2203.parquet/d46c5523c09c421eb2dc5b985481d23d-0.parquet
[2026-04-29T15:17:03.642+0000] {logging_mixin.py:188} INFO - Enviado: raw/sih/RDSP2203.parquet/d76159ca88e44f83adfddb8eacc3d0ee-0.parquet
[2026-04-29T15:17:04.159+0000] {logging_mixin.py:188} INFO - Enviado: raw/sih/RDSP2203.parquet/3719ca7ef2154a0298486d296a27118c-0.parquet
[2026-04-29T15:17:04.971+0000] {logging_mixin.py:188} INFO - Enviado: raw/sih/RDSP2203.parquet/f3aa166bc4c74dccaa5fee3d77e400d3-0.parquet
[2026-04-29T15:17:05.645+0000] {logging_mixin.py:188} INFO - Enviado: raw/sih/RDSP2203.parquet/2641ae714b5b4060996d3847fe570b62-0.parquet
[2026-04-29T15:17:06.448+0000] {logging_mixin.py:188} INFO - Enviado: raw/sih/RDSP2203.parquet/0151fb6b36fc46ef9cdd9ec72f405323-0.parquet
[2026-04-29T15:17:07.279+0000] {logging_mixin.py:188} INFO - Enviado: raw/sih/RDSP2203.parquet/bfaa874eb7f5426c9cc4e09dcc76e1df-0.parquet
[2026-04-29T15:17:07.891+0000] {logging_mixin.py:188} INFO - Enviado: raw/sih/RDSP2505.parquet/896e338a811a400c972411734d55ef35-0.parquet
[2026-04-29T15:17:08.596+0000] {logging_mixin.py:188} INFO - Enviado: raw/sih/RDSP2505.parquet/a560582cfac7463d9d28a511cca914f4-0.parquet
[2026-04-29T15:17:09.255+0000] {logging_mixin.py:188} INFO - Enviado: raw/sih/RDSP2505.parquet/73708b6fef7141ba842645d5f9d8c20f-0.parquet
[2026-04-29T15:17:09.767+0000] {logging_mixin.py:188} INFO - Enviado: raw/sih/RDSP2505.parquet/0e0245ea583d476294f82fc8173641ca-0.parquet
[2026-04-29T15:17:10.489+0000] {logging_mixin.py:188} INFO - Enviado: raw/sih/RDSP2505.parquet/45e0619cb0454227918de637b19a14fd-0.parquet
[2026-04-29T15:17:11.110+0000] {logging_mixin.py:188} INFO - Enviado: raw/sih/RDSP2505.parquet/eab05797d27c4649940940f7e975dd4f-0.parquet
[2026-04-29T15:17:11.803+0000] {logging_mixin.py:188} INFO - Enviado: raw/sih/RDSP2505.parquet/7f4e26f8b665431d9a1641e364665611-0.parquet
[2026-04-29T15:17:12.414+0000] {logging_mixin.py:188} INFO - Enviado: raw/sih/RDSP2505.parquet/c65a6eb98e934ff2b81af43d823d00e0-0.parquet
[2026-04-29T15:17:13.161+0000] {logging_mixin.py:188} INFO - Enviado: raw/sih/RDSP2505.parquet/694e276e6d244af482a36b93afeb330b-0.parquet
[2026-04-29T15:17:13.833+0000] {logging_mixin.py:188} INFO - Enviado: raw/sih/RDSP2601.parquet/eeff40b048a74321ab1cf856837106a8-0.parquet
[2026-04-29T15:17:14.470+0000] {logging_mixin.py:188} INFO - Enviado: raw/sih/RDSP2601.parquet/bd873b0891c6467d8c09c1ab7e15f5a3-0.parquet
[2026-04-29T15:17:15.231+0000] {logging_mixin.py:188} INFO - Enviado: raw/sih/RDSP2601.parquet/859fadf9bdd74614b9f4d1dbb97fdcac-0.parquet
[2026-04-29T15:17:15.953+0000] {logging_mixin.py:188} INFO - Enviado: raw/sih/RDSP2601.parquet/28a4bd7479784fd5836f13502ab5e399-0.parquet
[2026-04-29T15:17:16.644+0000] {logging_mixin.py:188} INFO - Enviado: raw/sih/RDSP2601.parquet/347247b9bed446cab5b5efb2142203d2-0.parquet
[2026-04-29T15:17:17.393+0000] {logging_mixin.py:188} INFO - Enviado: raw/sih/RDSP2601.parquet/bcf0c8fedfc84df4bbcdaf65803697e0-0.parquet
[2026-04-29T15:17:18.212+0000] {logging_mixin.py:188} INFO - Enviado: raw/sih/RDSP2601.parquet/1df0ec91034f4199a3c7cdb14dee0f9a-0.parquet
[2026-04-29T15:17:18.821+0000] {logging_mixin.py:188} INFO - Enviado: raw/sih/RDSP2601.parquet/cc99346ca85b47c6b2e72048eab12766-0.parquet
[2026-04-29T15:17:19.412+0000] {logging_mixin.py:188} INFO - Enviado: raw/sih/RDSP2407.parquet/7f0b5d56364f4646bead8fe1f1068980-0.parquet
[2026-04-29T15:17:20.099+0000] {logging_mixin.py:188} INFO - Enviado: raw/sih/RDSP2407.parquet/6c689f60790a4db5aa14ae12807dc7d2-0.parquet
[2026-04-29T15:17:20.718+0000] {logging_mixin.py:188} INFO - Enviado: raw/sih/RDSP2407.parquet/e607e61630354a6289f262f6b39ce5a0-0.parquet
[2026-04-29T15:17:21.361+0000] {logging_mixin.py:188} INFO - Enviado: raw/sih/RDSP2407.parquet/8ac222991aef49a680d1f38a87de1d55-0.parquet
[2026-04-29T15:17:21.969+0000] {logging_mixin.py:188} INFO - Enviado: raw/sih/RDSP2407.parquet/fe8ce22dd17142a0a9f2fe7fe11410a8-0.parquet
[2026-04-29T15:17:22.581+0000] {logging_mixin.py:188} INFO - Enviado: raw/sih/RDSP2407.parquet/c2343155e2a74d4bab0d94714b22c485-0.parquet
[2026-04-29T15:17:23.209+0000] {logging_mixin.py:188} INFO - Enviado: raw/sih/RDSP2407.parquet/bde40ac5aa43404bbfbf552936205f54-0.parquet
[2026-04-29T15:17:23.512+0000] {logging_mixin.py:188} INFO - Enviado: raw/sih/RDSP2407.parquet/5cc93aa41de144f9ae2d6ee03d3ec228-0.parquet
[2026-04-29T15:17:24.116+0000] {logging_mixin.py:188} INFO - Enviado: raw/sih/RDSP2407.parquet/7ee51d6b511b48ea9d5d640cbfe3d303-0.parquet
[2026-04-29T15:17:24.732+0000] {logging_mixin.py:188} INFO - Enviado: raw/sih/RDSP2512.parquet/3ca0cd0b70584a14ad89b718d64a91f8-0.parquet
[2026-04-29T15:17:25.366+0000] {logging_mixin.py:188} INFO - Enviado: raw/sih/RDSP2512.parquet/d294f7313f264c3d9e047321b51eee03-0.parquet
[2026-04-29T15:17:25.973+0000] {logging_mixin.py:188} INFO - Enviado: raw/sih/RDSP2512.parquet/58893348bce543d596993aef9dbcd700-0.parquet
[2026-04-29T15:17:26.597+0000] {logging_mixin.py:188} INFO - Enviado: raw/sih/RDSP2512.parquet/631f5b914e2d4e329e7a8660404a94ee-0.parquet
[2026-04-29T15:17:27.257+0000] {logging_mixin.py:188} INFO - Enviado: raw/sih/RDSP2512.parquet/12cf9395fb2f4ab79175baac742612ec-0.parquet
[2026-04-29T15:17:27.892+0000] {logging_mixin.py:188} INFO - Enviado: raw/sih/RDSP2512.parquet/9457b12ab81a4d018e5e3af4249c0943-0.parquet
[2026-04-29T15:17:28.377+0000] {logging_mixin.py:188} INFO - Enviado: raw/sih/RDSP2512.parquet/3e84911ad54a49bda0e88c17aac2ce76-0.parquet
[2026-04-29T15:17:29.037+0000] {logging_mixin.py:188} INFO - Enviado: raw/sih/RDSP2512.parquet/00c2771e436348b793cbb105e6c16612-0.parquet
[2026-04-29T15:17:29.495+0000] {logging_mixin.py:188} INFO - Enviado: raw/sih/RDSP2302.parquet/e0c178df784548afb9a062b71a9ee5a9-0.parquet
[2026-04-29T15:17:30.139+0000] {logging_mixin.py:188} INFO - Enviado: raw/sih/RDSP2302.parquet/8fefad33f93b45939a3d2adc435ef094-0.parquet
[2026-04-29T15:17:30.732+0000] {logging_mixin.py:188} INFO - Enviado: raw/sih/RDSP2302.parquet/98ab68750fdc450682abf27c4213d14a-0.parquet
[2026-04-29T15:17:31.338+0000] {logging_mixin.py:188} INFO - Enviado: raw/sih/RDSP2302.parquet/5f695f46c1164faea4f28deff9d1d71a-0.parquet
[2026-04-29T15:17:31.841+0000] {logging_mixin.py:188} INFO - Enviado: raw/sih/RDSP2302.parquet/287c5aa8de95473a868772af7f1294d2-0.parquet
[2026-04-29T15:17:32.452+0000] {logging_mixin.py:188} INFO - Enviado: raw/sih/RDSP2302.parquet/d48aaa459d5d494bb7a1f4b7574f4bfa-0.parquet
[2026-04-29T15:17:32.948+0000] {logging_mixin.py:188} INFO - Enviado: raw/sih/RDSP2302.parquet/09571e9df5b14e9baff659599fd68fdd-0.parquet
[2026-04-29T15:17:33.457+0000] {logging_mixin.py:188} INFO - Enviado: raw/sih/RDSP2509.parquet/0dd5ea0746ef45f18b8fe11cafb4219e-0.parquet
[2026-04-29T15:17:36.196+0000] {logging_mixin.py:188} INFO - Enviado: raw/sih/RDSP2509.parquet/3e874b78271a4be89603f33b3960b2d1-0.parquet
[2026-04-29T15:17:36.737+0000] {logging_mixin.py:188} INFO - Enviado: raw/sih/RDSP2509.parquet/4c92fd1a39484122828e4165228390c4-0.parquet
[2026-04-29T15:17:37.294+0000] {logging_mixin.py:188} INFO - Enviado: raw/sih/RDSP2509.parquet/03a75729abd34980850ec00b8e34189a-0.parquet
[2026-04-29T15:17:37.802+0000] {logging_mixin.py:188} INFO - Enviado: raw/sih/RDSP2509.parquet/baa002096dc04cbd99becb875fcdb6bd-0.parquet
[2026-04-29T15:17:38.414+0000] {logging_mixin.py:188} INFO - Enviado: raw/sih/RDSP2509.parquet/8eb5d2f06ae848d48f3dbaa81616b741-0.parquet
[2026-04-29T15:17:38.916+0000] {logging_mixin.py:188} INFO - Enviado: raw/sih/RDSP2509.parquet/f229d24b01f54207a7c2d2d9c15cc83e-0.parquet
[2026-04-29T15:17:39.290+0000] {logging_mixin.py:188} INFO - Enviado: raw/sih/RDSP2509.parquet/20a0afd8035448f2bf1334f4cdc9319d-0.parquet
[2026-04-29T15:17:39.839+0000] {logging_mixin.py:188} INFO - Enviado: raw/sih/RDSP2509.parquet/035538c31f3a426ea4dce05870ff3a75-0.parquet
[2026-04-29T15:17:40.332+0000] {logging_mixin.py:188} INFO - Enviado: raw/sih/RDSP1907.parquet/7a84357854d6414697e33401061c81e6-0.parquet
[2026-04-29T15:17:40.886+0000] {logging_mixin.py:188} INFO - Enviado: raw/sih/RDSP1907.parquet/186e35bc012e45b1a948433a0813ee67-0.parquet
[2026-04-29T15:17:41.441+0000] {logging_mixin.py:188} INFO - Enviado: raw/sih/RDSP1907.parquet/86a8e6b9eeeb410b839c8edf713457f9-0.parquet
[2026-04-29T15:17:43.037+0000] {logging_mixin.py:188} INFO - Enviado: raw/sih/RDSP1907.parquet/3d661508b43543e38a7551579cf565c5-0.parquet
[2026-04-29T15:17:43.564+0000] {logging_mixin.py:188} INFO - Enviado: raw/sih/RDSP1907.parquet/412de70410b349ba8b44b31f493f94d3-0.parquet
[2026-04-29T15:17:43.925+0000] {logging_mixin.py:188} INFO - Enviado: raw/sih/RDSP1907.parquet/640aa42c70924b419eb069bf02c5e7af-0.parquet
[2026-04-29T15:17:44.898+0000] {logging_mixin.py:188} INFO - Enviado: raw/sih/RDSP1907.parquet/3ca235c30add41018bc050c7b3afa346-0.parquet
[2026-04-29T15:17:45.279+0000] {logging_mixin.py:188} INFO - Enviado: raw/sih/RDSP1907.parquet/830bf5a4687041d4a3f06fc78ecc179c-0.parquet
[2026-04-29T15:17:45.710+0000] {logging_mixin.py:188} INFO - Enviado: raw/sih/RDSP1810.parquet/d153768b22214672a374bd4a9401a607-0.parquet
[2026-04-29T15:17:46.139+0000] {logging_mixin.py:188} INFO - Enviado: raw/sih/RDSP1810.parquet/6e557de566684c72ab64b1b012fa4503-0.parquet
[2026-04-29T15:17:46.491+0000] {logging_mixin.py:188} INFO - Enviado: raw/sih/RDSP1810.parquet/c9f0639cc5114755ab89ad59b17276f0-0.parquet
[2026-04-29T15:17:46.938+0000] {logging_mixin.py:188} INFO - Enviado: raw/sih/RDSP1810.parquet/11ec0707c309483d966584afb732d7c2-0.parquet
[2026-04-29T15:17:47.332+0000] {logging_mixin.py:188} INFO - Enviado: raw/sih/RDSP1810.parquet/56ea113fdd45402faabd1f126915d5a0-0.parquet
[2026-04-29T15:17:47.706+0000] {logging_mixin.py:188} INFO - Enviado: raw/sih/RDSP1810.parquet/2b7cdec8491d496bbde971af50308080-0.parquet
[2026-04-29T15:17:48.295+0000] {logging_mixin.py:188} INFO - Enviado: raw/sih/RDSP1810.parquet/9efc674586ad4a8a8e5cdc2d1ea5ea73-0.parquet
[2026-04-29T15:17:48.741+0000] {logging_mixin.py:188} INFO - Enviado: raw/sih/RDSP1810.parquet/6d642ab2642b430095f4f46b76c2d193-0.parquet
[2026-04-29T15:17:49.187+0000] {logging_mixin.py:188} INFO - Enviado: raw/sih/RDSP2208.parquet/2e5377ef42664c12bdd09a86a7f8fdd5-0.parquet
[2026-04-29T15:17:49.623+0000] {logging_mixin.py:188} INFO - Enviado: raw/sih/RDSP2208.parquet/aafa7b1eca1e4e98b861db3cfd8730f5-0.parquet
[2026-04-29T15:17:50.014+0000] {logging_mixin.py:188} INFO - Enviado: raw/sih/RDSP2208.parquet/17e7a08879d64ee696af4ad07a255f41-0.parquet
[2026-04-29T15:17:50.424+0000] {logging_mixin.py:188} INFO - Enviado: raw/sih/RDSP2208.parquet/c4e3dee136ca4a90887bb33cbe862bad-0.parquet
[2026-04-29T15:17:50.821+0000] {logging_mixin.py:188} INFO - Enviado: raw/sih/RDSP2208.parquet/c367eeb8d58e479da08b8a41960d8519-0.parquet
[2026-04-29T15:17:51.282+0000] {logging_mixin.py:188} INFO - Enviado: raw/sih/RDSP2208.parquet/05157edf98bc4d21aa827d1c5c183439-0.parquet
[2026-04-29T15:17:51.720+0000] {logging_mixin.py:188} INFO - Enviado: raw/sih/RDSP2208.parquet/2cec9191c9bc4477bc8e5ae759a22e8a-0.parquet
[2026-04-29T15:17:52.172+0000] {logging_mixin.py:188} INFO - Enviado: raw/sih/RDSP2208.parquet/3600d4c3795744e2b82f6a4639facee0-0.parquet
[2026-04-29T15:17:52.620+0000] {logging_mixin.py:188} INFO - Enviado: raw/sih/RDSP2303.parquet/1232573c3dd240ccb38a0a685267de7a-0.parquet
[2026-04-29T15:17:53.065+0000] {logging_mixin.py:188} INFO - Enviado: raw/sih/RDSP2303.parquet/7fcc0966d5134e6f827735c0b4f40221-0.parquet
[2026-04-29T15:17:53.493+0000] {logging_mixin.py:188} INFO - Enviado: raw/sih/RDSP2303.parquet/964cd1dca2514137b423991d07561561-0.parquet
[2026-04-29T15:17:53.904+0000] {logging_mixin.py:188} INFO - Enviado: raw/sih/RDSP2303.parquet/2cb1e3d33c134909a293446b0ae2d89c-0.parquet
[2026-04-29T15:17:54.339+0000] {logging_mixin.py:188} INFO - Enviado: raw/sih/RDSP2303.parquet/826f59977fbc490a94d8ac60d13091ef-0.parquet
[2026-04-29T15:17:54.805+0000] {logging_mixin.py:188} INFO - Enviado: raw/sih/RDSP2303.parquet/4c83a1d0d8384a2aa256d0b54e07f579-0.parquet
[2026-04-29T15:17:55.200+0000] {logging_mixin.py:188} INFO - Enviado: raw/sih/RDSP2303.parquet/a329168cbeab41d4b532965d9a8f9471-0.parquet
[2026-04-29T15:17:55.582+0000] {logging_mixin.py:188} INFO - Enviado: raw/sih/RDSP2303.parquet/386ceb01e917432c9c983d7ec816918d-0.parquet
[2026-04-29T15:17:56.017+0000] {logging_mixin.py:188} INFO - Enviado: raw/sih/RDSP2002.parquet/50d265d16e2b412294ac0346b37de6b9-0.parquet
[2026-04-29T15:17:56.436+0000] {logging_mixin.py:188} INFO - Enviado: raw/sih/RDSP2002.parquet/437a7fda7467456aaa841a437260e82f-0.parquet
[2026-04-29T15:17:56.868+0000] {logging_mixin.py:188} INFO - Enviado: raw/sih/RDSP2002.parquet/8ae75510cb4041b38cb41ac8256be063-0.parquet
[2026-04-29T15:17:57.372+0000] {logging_mixin.py:188} INFO - Enviado: raw/sih/RDSP2002.parquet/bd6b1c36c4664187a53e90cab3209c2d-0.parquet
[2026-04-29T15:17:57.790+0000] {logging_mixin.py:188} INFO - Enviado: raw/sih/RDSP2002.parquet/28074e80b57a4a1cabee9d2577022849-0.parquet
[2026-04-29T15:17:58.246+0000] {logging_mixin.py:188} INFO - Enviado: raw/sih/RDSP2002.parquet/84333733e9ed45b484dee2bdecc520a0-0.parquet
[2026-04-29T15:17:58.665+0000] {logging_mixin.py:188} INFO - Enviado: raw/sih/RDSP2002.parquet/ef42f586b39047d6968e51d98ef3a15b-0.parquet
[2026-04-29T15:17:59.041+0000] {logging_mixin.py:188} INFO - Enviado: raw/sih/RDSP2411.parquet/7b4e3729357244d583d6c924e9ca0af3-0.parquet
[2026-04-29T15:17:59.427+0000] {logging_mixin.py:188} INFO - Enviado: raw/sih/RDSP2411.parquet/009dd3511622467985fef15fdb199137-0.parquet
[2026-04-29T15:17:59.888+0000] {logging_mixin.py:188} INFO - Enviado: raw/sih/RDSP2411.parquet/bd4aba79ab6a4569ac6fa80eab6ca7d2-0.parquet
[2026-04-29T15:18:00.337+0000] {logging_mixin.py:188} INFO - Enviado: raw/sih/RDSP2411.parquet/4c1f8de2a7394129b4774cef12aa36e7-0.parquet
[2026-04-29T15:18:00.767+0000] {logging_mixin.py:188} INFO - Enviado: raw/sih/RDSP2411.parquet/9f286bfe039e4cc1a0fcfb2230310c22-0.parquet
[2026-04-29T15:18:01.166+0000] {logging_mixin.py:188} INFO - Enviado: raw/sih/RDSP2411.parquet/9200c8f8b6374f99b2291d37ed8a269a-0.parquet
[2026-04-29T15:18:01.733+0000] {logging_mixin.py:188} INFO - Enviado: raw/sih/RDSP2411.parquet/f9e96a54b740447b8ddc2d628fa1e2a4-0.parquet
[2026-04-29T15:18:02.169+0000] {logging_mixin.py:188} INFO - Enviado: raw/sih/RDSP2411.parquet/b88a9cd09b28408583446044d48f9017-0.parquet
[2026-04-29T15:18:02.597+0000] {logging_mixin.py:188} INFO - Enviado: raw/sih/RDSP2410.parquet/e7bad99fb9c34c75b2a5c9c0f6437671-0.parquet
[2026-04-29T15:18:03.069+0000] {logging_mixin.py:188} INFO - Enviado: raw/sih/RDSP2410.parquet/ea3e14b99faf4b7aa784c4c3da356f2e-0.parquet
[2026-04-29T15:18:03.489+0000] {logging_mixin.py:188} INFO - Enviado: raw/sih/RDSP2410.parquet/99237d429b164830b6d42f6e8e0e2721-0.parquet
[2026-04-29T15:18:03.926+0000] {logging_mixin.py:188} INFO - Enviado: raw/sih/RDSP2410.parquet/8d238e38596a494486ba7474c1e86bee-0.parquet
[2026-04-29T15:18:04.356+0000] {logging_mixin.py:188} INFO - Enviado: raw/sih/RDSP2410.parquet/b2a732e300da40a89ec9764de6ed4dd2-0.parquet
[2026-04-29T15:18:04.803+0000] {logging_mixin.py:188} INFO - Enviado: raw/sih/RDSP2410.parquet/aac8a17cb45049c88e012a067739a6ef-0.parquet
[2026-04-29T15:18:05.268+0000] {logging_mixin.py:188} INFO - Enviado: raw/sih/RDSP2410.parquet/e6901418b5bf4fe588a5f5544235d97c-0.parquet
[2026-04-29T15:18:05.667+0000] {logging_mixin.py:188} INFO - Enviado: raw/sih/RDSP2410.parquet/22af9fe1870b484ea340863ab4a97c1e-0.parquet
[2026-04-29T15:18:06.131+0000] {logging_mixin.py:188} INFO - Enviado: raw/sih/RDSP2410.parquet/d4dbfcbb5988459bba27ca5e0a4af61a-0.parquet
[2026-04-29T15:18:06.806+0000] {logging_mixin.py:188} INFO - Enviado: raw/sih/RDSP1808.parquet/8cff068dfac745ca8cf7a694dc96686c-0.parquet
[2026-04-29T15:18:07.362+0000] {logging_mixin.py:188} INFO - Enviado: raw/sih/RDSP1808.parquet/8d51b8db688b406f86611b896d259a04-0.parquet
[2026-04-29T15:18:07.879+0000] {logging_mixin.py:188} INFO - Enviado: raw/sih/RDSP1808.parquet/5d07c499890f46ac8691a85df57f361a-0.parquet
[2026-04-29T15:18:08.396+0000] {logging_mixin.py:188} INFO - Enviado: raw/sih/RDSP1808.parquet/d76cb1761cc842c7bbca0e5ed1532da5-0.parquet
[2026-04-29T15:18:11.322+0000] {logging_mixin.py:188} INFO - Enviado: raw/sih/RDSP1808.parquet/2d8f3c01f5c14209b688d467393a951c-0.parquet
[2026-04-29T15:18:11.752+0000] {logging_mixin.py:188} INFO - Enviado: raw/sih/RDSP1808.parquet/7a8c2c2ab730480ea12a1b6cecddbe29-0.parquet
[2026-04-29T15:18:12.208+0000] {logging_mixin.py:188} INFO - Enviado: raw/sih/RDSP1808.parquet/be553a9a2aea413f8161c72ed7c76eb3-0.parquet
[2026-04-29T15:18:12.748+0000] {logging_mixin.py:188} INFO - Enviado: raw/sih/RDSP1808.parquet/fcae4683607142af9ce8e65c152bdbbf-0.parquet
[2026-04-29T15:18:13.171+0000] {logging_mixin.py:188} INFO - Enviado: raw/sih/RDSP2304.parquet/dcd1c3d71cea46f3a0d65b0e94f9dbbc-0.parquet
[2026-04-29T15:18:13.679+0000] {logging_mixin.py:188} INFO - Enviado: raw/sih/RDSP2304.parquet/ded661c958494f00a89b5d8ba32d713d-0.parquet
[2026-04-29T15:18:14.126+0000] {logging_mixin.py:188} INFO - Enviado: raw/sih/RDSP2304.parquet/f05c4d7eb38646fdadb89ef79c9be2af-0.parquet
[2026-04-29T15:18:14.574+0000] {logging_mixin.py:188} INFO - Enviado: raw/sih/RDSP2304.parquet/77af2cff610349c4aeb55718d8c07fa6-0.parquet
[2026-04-29T15:18:15.007+0000] {logging_mixin.py:188} INFO - Enviado: raw/sih/RDSP2304.parquet/cb6201827fba4be0800b7fe2c1f7da7d-0.parquet
[2026-04-29T15:18:15.357+0000] {logging_mixin.py:188} INFO - Enviado: raw/sih/RDSP2304.parquet/c71b4e6fd54248bab4beafc5f5b6c2d1-0.parquet
[2026-04-29T15:18:15.882+0000] {logging_mixin.py:188} INFO - Enviado: raw/sih/RDSP2304.parquet/78e7b056c17d4b95901ed4ead8ea50e2-0.parquet
[2026-04-29T15:18:16.282+0000] {logging_mixin.py:188} INFO - Enviado: raw/sih/RDSP2304.parquet/6d8ae0e1dda54c3c9cf69c69398388db-0.parquet
[2026-04-29T15:18:16.742+0000] {logging_mixin.py:188} INFO - Enviado: raw/sih/RDSP1812.parquet/03382879285b453389ac57ae70a6236e-0.parquet
[2026-04-29T15:18:17.294+0000] {logging_mixin.py:188} INFO - Enviado: raw/sih/RDSP1812.parquet/1229ee69260245ffb5546b3e954bc9e1-0.parquet
[2026-04-29T15:18:17.799+0000] {logging_mixin.py:188} INFO - Enviado: raw/sih/RDSP1812.parquet/69912c85f94a455ea9b3fe5ac1e7eced-0.parquet
[2026-04-29T15:18:18.258+0000] {logging_mixin.py:188} INFO - Enviado: raw/sih/RDSP1812.parquet/18dcb27ef4cd4ffdad73e3288b268417-0.parquet
[2026-04-29T15:18:18.768+0000] {logging_mixin.py:188} INFO - Enviado: raw/sih/RDSP1812.parquet/5a22008202c64020bdaa4db8dd87a669-0.parquet
[2026-04-29T15:18:19.205+0000] {logging_mixin.py:188} INFO - Enviado: raw/sih/RDSP1812.parquet/6f042658b8454b7e9f346a0a07dd6f0f-0.parquet
[2026-04-29T15:18:19.689+0000] {logging_mixin.py:188} INFO - Enviado: raw/sih/RDSP1812.parquet/ef42b1a9f3904cc2acf58402d750b5e5-0.parquet
[2026-04-29T15:18:20.112+0000] {logging_mixin.py:188} INFO - Enviado: raw/sih/RDSP1910.parquet/5dce2e049eb34cb39d6edd45bbf5893e-0.parquet
[2026-04-29T15:18:20.596+0000] {logging_mixin.py:188} INFO - Enviado: raw/sih/RDSP1910.parquet/1fbfc217d74045c3926a4792fd6f3c7b-0.parquet
[2026-04-29T15:18:21.133+0000] {logging_mixin.py:188} INFO - Enviado: raw/sih/RDSP1910.parquet/70673b44d2bf41eb857b3b6f77c9d243-0.parquet
[2026-04-29T15:18:21.612+0000] {logging_mixin.py:188} INFO - Enviado: raw/sih/RDSP1910.parquet/b704920f80fe487e86c17dd55bc61e2d-0.parquet
[2026-04-29T15:18:22.069+0000] {logging_mixin.py:188} INFO - Enviado: raw/sih/RDSP1910.parquet/f4f2fb421c0d43ac8c64750181c5be52-0.parquet
[2026-04-29T15:18:22.718+0000] {logging_mixin.py:188} INFO - Enviado: raw/sih/RDSP1910.parquet/389327a56cdc4c2ea87b112ca4377723-0.parquet
[2026-04-29T15:18:23.409+0000] {logging_mixin.py:188} INFO - Enviado: raw/sih/RDSP1910.parquet/f96c5c9b875e45e782031257e22750aa-0.parquet
[2026-04-29T15:18:23.816+0000] {logging_mixin.py:188} INFO - Enviado: raw/sih/RDSP1910.parquet/bca318ce1f1e48769d1b0370406d1a82-0.parquet
[2026-04-29T15:18:24.258+0000] {logging_mixin.py:188} INFO - Enviado: raw/sih/RDSP1809.parquet/e914500a8e0146aeb3374584b718df1b-0.parquet
[2026-04-29T15:18:24.702+0000] {logging_mixin.py:188} INFO - Enviado: raw/sih/RDSP1809.parquet/505c459eff0648dbbcc1fc5ec803867f-0.parquet
[2026-04-29T15:18:25.137+0000] {logging_mixin.py:188} INFO - Enviado: raw/sih/RDSP1809.parquet/9f6310e5483c4b9dbcf23ad7a6056fe6-0.parquet
[2026-04-29T15:18:25.607+0000] {logging_mixin.py:188} INFO - Enviado: raw/sih/RDSP1809.parquet/5e277b6063334d61bcc8c08eb55f00d9-0.parquet
[2026-04-29T15:18:26.038+0000] {logging_mixin.py:188} INFO - Enviado: raw/sih/RDSP1809.parquet/0baf33c1a8784aad814d88341a78ea2c-0.parquet
[2026-04-29T15:18:26.538+0000] {logging_mixin.py:188} INFO - Enviado: raw/sih/RDSP1809.parquet/eec97e4b68fd442f803d8ab56f5fc1d1-0.parquet
[2026-04-29T15:18:27.230+0000] {logging_mixin.py:188} INFO - Enviado: raw/sih/RDSP1809.parquet/5cc49f6303e8437594969274631bd62c-0.parquet
[2026-04-29T15:18:27.660+0000] {logging_mixin.py:188} INFO - Enviado: raw/sih/RDSP1802.parquet/47d930f71a6c4350bbdbfc09bd3cd6cd-0.parquet
[2026-04-29T15:18:28.419+0000] {logging_mixin.py:188} INFO - Enviado: raw/sih/RDSP1802.parquet/55cb994c54be4a2eb02188bc45a59732-0.parquet
[2026-04-29T15:18:28.951+0000] {logging_mixin.py:188} INFO - Enviado: raw/sih/RDSP1802.parquet/5e57845f079a453ab25f292d6c92548f-0.parquet
[2026-04-29T15:18:29.292+0000] {logging_mixin.py:188} INFO - Enviado: raw/sih/RDSP1802.parquet/eb05f315a59848dd88123aafed20008e-0.parquet
[2026-04-29T15:18:29.808+0000] {logging_mixin.py:188} INFO - Enviado: raw/sih/RDSP1802.parquet/d8166ad3d02940868b4d5ceff3b28a17-0.parquet
[2026-04-29T15:18:30.293+0000] {logging_mixin.py:188} INFO - Enviado: raw/sih/RDSP1802.parquet/42c0849baf07488a8b5fc3df236a9360-0.parquet
[2026-04-29T15:18:30.801+0000] {logging_mixin.py:188} INFO - Enviado: raw/sih/RDSP1802.parquet/52add5204db34069b3808c0e9fddefd2-0.parquet
[2026-04-29T15:18:31.308+0000] {logging_mixin.py:188} INFO - Enviado: raw/sih/RDSP2311.parquet/2300ac215a174182b05fccc503089cff-0.parquet
[2026-04-29T15:18:31.791+0000] {logging_mixin.py:188} INFO - Enviado: raw/sih/RDSP2311.parquet/070bee8659bc4e429d066a33bbc0409e-0.parquet
[2026-04-29T15:18:33.368+0000] {logging_mixin.py:188} INFO - Enviado: raw/sih/RDSP2311.parquet/44da4a3797d848ea8b2f83887e5c813d-0.parquet
[2026-04-29T15:18:33.895+0000] {logging_mixin.py:188} INFO - Enviado: raw/sih/RDSP2311.parquet/2945b47159d5415e93dd898b88d6e90c-0.parquet
[2026-04-29T15:18:34.258+0000] {logging_mixin.py:188} INFO - Enviado: raw/sih/RDSP2311.parquet/315fb5e9a33e423e9595b2054a50d860-0.parquet
[2026-04-29T15:18:34.710+0000] {logging_mixin.py:188} INFO - Enviado: raw/sih/RDSP2311.parquet/07c83b92813c4ce2af87022910e165e9-0.parquet
[2026-04-29T15:18:35.213+0000] {logging_mixin.py:188} INFO - Enviado: raw/sih/RDSP2311.parquet/22f0f7a3fbfc48a8ac3fb7843cbf5383-0.parquet
[2026-04-29T15:18:35.801+0000] {logging_mixin.py:188} INFO - Enviado: raw/sih/RDSP2311.parquet/448a0dc5a5324aba82b640819c110564-0.parquet
[2026-04-29T15:18:36.232+0000] {logging_mixin.py:188} INFO - Enviado: raw/sih/RDSP2103.parquet/a28bf8076a0c4f8f9d0b26b73ba45f76-0.parquet
[2026-04-29T15:18:36.699+0000] {logging_mixin.py:188} INFO - Enviado: raw/sih/RDSP2103.parquet/ccb5f3d4088c4d57b5dea09d99e3000f-0.parquet
[2026-04-29T15:18:37.425+0000] {logging_mixin.py:188} INFO - Enviado: raw/sih/RDSP2103.parquet/bd7a93958d334cbda229edfe1bb7a452-0.parquet
[2026-04-29T15:18:37.822+0000] {logging_mixin.py:188} INFO - Enviado: raw/sih/RDSP2103.parquet/fe01e4ecdd854b0eb683090399bc942f-0.parquet
[2026-04-29T15:18:38.300+0000] {logging_mixin.py:188} INFO - Enviado: raw/sih/RDSP2103.parquet/c94b1b1cb8324ab8bc52a3f131c38b9f-0.parquet
[2026-04-29T15:18:38.833+0000] {logging_mixin.py:188} INFO - Enviado: raw/sih/RDSP2103.parquet/4f4716e9a53048248b12b623e0982095-0.parquet
[2026-04-29T15:18:39.317+0000] {logging_mixin.py:188} INFO - Enviado: raw/sih/RDSP2103.parquet/7c7bde75946f4de982d11417332b372c-0.parquet
[2026-04-29T15:18:39.711+0000] {logging_mixin.py:188} INFO - Enviado: raw/sih/RDSP2202.parquet/db86293873404a67b9a6e2d426c4b6da-0.parquet
[2026-04-29T15:18:40.173+0000] {logging_mixin.py:188} INFO - Enviado: raw/sih/RDSP2202.parquet/06f1e7cd1e60423a9c4b00d81dd2ae72-0.parquet
[2026-04-29T15:18:40.647+0000] {logging_mixin.py:188} INFO - Enviado: raw/sih/RDSP2202.parquet/dfd3d6cf5ea94e28bdc153cab2e25306-0.parquet
[2026-04-29T15:18:41.144+0000] {logging_mixin.py:188} INFO - Enviado: raw/sih/RDSP2202.parquet/e8643a31dbdb4726b2a0dcb44455901c-0.parquet
[2026-04-29T15:18:41.577+0000] {logging_mixin.py:188} INFO - Enviado: raw/sih/RDSP2202.parquet/fe03f89713b140d39ef5df70ea693a6d-0.parquet
[2026-04-29T15:18:42.058+0000] {logging_mixin.py:188} INFO - Enviado: raw/sih/RDSP2202.parquet/521f744193a14820ae57a48cd6d9b805-0.parquet
[2026-04-29T15:18:42.545+0000] {logging_mixin.py:188} INFO - Enviado: raw/sih/RDSP2202.parquet/b5fac15bdfab4f2fa3b729de42bc8271-0.parquet
[2026-04-29T15:18:43.053+0000] {logging_mixin.py:188} INFO - Enviado: raw/sih/RDSP2404.parquet/0e77a990e92e47a5bd11056129234f79-0.parquet
[2026-04-29T15:18:45.727+0000] {logging_mixin.py:188} INFO - Enviado: raw/sih/RDSP2404.parquet/00fd53acbdcd484d86b7ffcc38c35609-0.parquet
[2026-04-29T15:18:46.218+0000] {logging_mixin.py:188} INFO - Enviado: raw/sih/RDSP2404.parquet/41c7d7314c4f4453854c184b66b2edc2-0.parquet
[2026-04-29T15:18:46.719+0000] {logging_mixin.py:188} INFO - Enviado: raw/sih/RDSP2404.parquet/e019e37f70054e6b821a464323a7cf35-0.parquet
[2026-04-29T15:18:47.196+0000] {logging_mixin.py:188} INFO - Enviado: raw/sih/RDSP2404.parquet/a1834635dc014828a09f22f0f366d534-0.parquet
[2026-04-29T15:18:47.672+0000] {logging_mixin.py:188} INFO - Enviado: raw/sih/RDSP2404.parquet/31ca1fd61e4e4915b11dfcd7c38b4760-0.parquet
[2026-04-29T15:18:48.121+0000] {logging_mixin.py:188} INFO - Enviado: raw/sih/RDSP2404.parquet/f074f5a34703424ca46fb1f3d9131f6d-0.parquet
[2026-04-29T15:18:48.609+0000] {logging_mixin.py:188} INFO - Enviado: raw/sih/RDSP2404.parquet/30c52689e00040fc87476b947e1d87c4-0.parquet
[2026-04-29T15:18:49.030+0000] {logging_mixin.py:188} INFO - Enviado: raw/sih/RDSP2404.parquet/4fcb1b43521d4d928fa8ae12b4d035da-0.parquet
[2026-04-29T15:18:49.603+0000] {logging_mixin.py:188} INFO - Enviado: raw/sih/RDSP2108.parquet/54b59fa5b4ca48adb23fbfd23c3a21ba-0.parquet
[2026-04-29T15:18:50.012+0000] {logging_mixin.py:188} INFO - Enviado: raw/sih/RDSP2108.parquet/de60f7c2c71c4ff39b05da44684d4faf-0.parquet
[2026-04-29T15:18:50.488+0000] {logging_mixin.py:188} INFO - Enviado: raw/sih/RDSP2108.parquet/04efca1da48848c38d46497dd7071a72-0.parquet
[2026-04-29T15:18:50.948+0000] {logging_mixin.py:188} INFO - Enviado: raw/sih/RDSP2108.parquet/d6f4583cf5ef4dc29231e4774b40c39c-0.parquet
[2026-04-29T15:18:51.336+0000] {logging_mixin.py:188} INFO - Enviado: raw/sih/RDSP2108.parquet/a164198e80d948d49fbc5adbca0e89af-0.parquet
[2026-04-29T15:18:51.962+0000] {logging_mixin.py:188} INFO - Enviado: raw/sih/RDSP2108.parquet/3d4fd951985244fabc01048b982cf4ac-0.parquet
[2026-04-29T15:18:52.543+0000] {logging_mixin.py:188} INFO - Enviado: raw/sih/RDSP2108.parquet/43f69590575a40068038a44c2d33fd30-0.parquet
[2026-04-29T15:18:52.947+0000] {logging_mixin.py:188} INFO - Enviado: raw/sih/RDSP2309.parquet/a549c58f83da4b929b10c15caedbaac4-0.parquet
[2026-04-29T15:18:53.364+0000] {logging_mixin.py:188} INFO - Enviado: raw/sih/RDSP2309.parquet/a3b8d92a3d4e48a79edd5c3567d8fb25-0.parquet
[2026-04-29T15:18:53.778+0000] {logging_mixin.py:188} INFO - Enviado: raw/sih/RDSP2309.parquet/4758b0dbdda340ceb4c7ed202ae2d84f-0.parquet
[2026-04-29T15:18:54.218+0000] {logging_mixin.py:188} INFO - Enviado: raw/sih/RDSP2309.parquet/e61fd3ce0bdf42cd9b26a85662ca360c-0.parquet
[2026-04-29T15:18:54.733+0000] {logging_mixin.py:188} INFO - Enviado: raw/sih/RDSP2309.parquet/9ae3af0bf6e248e1a2d1cc80f409f9b3-0.parquet
[2026-04-29T15:18:55.239+0000] {logging_mixin.py:188} INFO - Enviado: raw/sih/RDSP2309.parquet/34e185204eec4d76ae8728a1e1fa22d5-0.parquet
[2026-04-29T15:18:55.812+0000] {logging_mixin.py:188} INFO - Enviado: raw/sih/RDSP2309.parquet/ee7a1f042ae849d0a7d05184a3d5e31a-0.parquet
[2026-04-29T15:18:56.180+0000] {logging_mixin.py:188} INFO - Enviado: raw/sih/RDSP2309.parquet/3c9fa03678e1480dbf124f9cee10b852-0.parquet
[2026-04-29T15:18:56.638+0000] {logging_mixin.py:188} INFO - Enviado: raw/sih/RDSP2405.parquet/e8f4915173b247a0a53aed317c4d7407-0.parquet
[2026-04-29T15:18:57.019+0000] {logging_mixin.py:188} INFO - Enviado: raw/sih/RDSP2405.parquet/0c78145a4c72401ea342c7759313fc68-0.parquet
[2026-04-29T15:18:57.364+0000] {logging_mixin.py:188} INFO - Enviado: raw/sih/RDSP2405.parquet/914bcdd53fc446918741b26346ba80d7-0.parquet
[2026-04-29T15:18:57.822+0000] {logging_mixin.py:188} INFO - Enviado: raw/sih/RDSP2405.parquet/471f4ad555d444cfbcfc78f6283d8514-0.parquet
[2026-04-29T15:18:58.261+0000] {logging_mixin.py:188} INFO - Enviado: raw/sih/RDSP2405.parquet/a62eb2ec06574d54926b906b6b96d18d-0.parquet
[2026-04-29T15:18:58.679+0000] {logging_mixin.py:188} INFO - Enviado: raw/sih/RDSP2405.parquet/9c989588173a4188953a32fa74f65d4d-0.parquet
[2026-04-29T15:18:59.071+0000] {logging_mixin.py:188} INFO - Enviado: raw/sih/RDSP2405.parquet/5010ec7924dd4de6b1dc6107a00c11c2-0.parquet
[2026-04-29T15:18:59.468+0000] {logging_mixin.py:188} INFO - Enviado: raw/sih/RDSP2405.parquet/c104c34c2bcf45ea9ab05c740811080a-0.parquet
[2026-04-29T15:18:59.910+0000] {logging_mixin.py:188} INFO - Enviado: raw/sih/RDSP2405.parquet/bbc5089358a544a981d1adf8e1b8f31b-0.parquet
[2026-04-29T15:19:00.442+0000] {logging_mixin.py:188} INFO - Enviado: raw/sih/RDSP2210.parquet/24dd38d9884547b28a3261cf4f43bcab-0.parquet
[2026-04-29T15:19:00.947+0000] {logging_mixin.py:188} INFO - Enviado: raw/sih/RDSP2210.parquet/178af1ee4af347908da68c333b1142b2-0.parquet
[2026-04-29T15:19:01.392+0000] {logging_mixin.py:188} INFO - Enviado: raw/sih/RDSP2210.parquet/20d5fe99a95543db911ce413bce0b20b-0.parquet
[2026-04-29T15:19:01.856+0000] {logging_mixin.py:188} INFO - Enviado: raw/sih/RDSP2210.parquet/5b1ad4ef6f1949f59aefab305970902b-0.parquet
[2026-04-29T15:19:02.188+0000] {logging_mixin.py:188} INFO - Enviado: raw/sih/RDSP2210.parquet/6137b397c901483ea947c61a02b7b77a-0.parquet
[2026-04-29T15:19:02.589+0000] {logging_mixin.py:188} INFO - Enviado: raw/sih/RDSP2210.parquet/a686f1d73ac94ac49998307d4469b3bf-0.parquet
[2026-04-29T15:19:03.078+0000] {logging_mixin.py:188} INFO - Enviado: raw/sih/RDSP2210.parquet/e1960368781e442f8e5d69fb3e5ab2be-0.parquet
[2026-04-29T15:19:03.510+0000] {logging_mixin.py:188} INFO - Enviado: raw/sih/RDSP2210.parquet/cdd5097a4604403d8df4b7917c814897-0.parquet
[2026-04-29T15:19:03.809+0000] {logging_mixin.py:188} INFO - Enviado: raw/sih/RDSP2008.parquet/7e5d9a68f76a4fe7bf8a7cbcd689931e-0.parquet
[2026-04-29T15:19:04.271+0000] {logging_mixin.py:188} INFO - Enviado: raw/sih/RDSP2008.parquet/245eda8434d44a92a4d1cc7331b520a7-0.parquet
[2026-04-29T15:19:04.686+0000] {logging_mixin.py:188} INFO - Enviado: raw/sih/RDSP2008.parquet/46c3d6ca67e44faaae6b1b0ed5a15ca9-0.parquet
[2026-04-29T15:19:05.115+0000] {logging_mixin.py:188} INFO - Enviado: raw/sih/RDSP2008.parquet/71b0fc02c4b14c50aa7c7158837724d1-0.parquet
[2026-04-29T15:19:05.546+0000] {logging_mixin.py:188} INFO - Enviado: raw/sih/RDSP2008.parquet/3568e9adcf224fbd95d7aa551ec965f1-0.parquet
[2026-04-29T15:19:05.991+0000] {logging_mixin.py:188} INFO - Enviado: raw/sih/RDSP2008.parquet/6572ec48de184fef8a1a923b8373fe89-0.parquet
[2026-04-29T15:19:06.401+0000] {logging_mixin.py:188} INFO - Enviado: raw/sih/RDSP2008.parquet/139c614460d64aec8ba4d0e3945bb763-0.parquet
[2026-04-29T15:19:06.845+0000] {logging_mixin.py:188} INFO - Enviado: raw/sih/RDSP2401.parquet/7c4f9bec6a0242169e0287b37e3777fe-0.parquet
[2026-04-29T15:19:07.195+0000] {logging_mixin.py:188} INFO - Enviado: raw/sih/RDSP2401.parquet/12c643e41f0a40c69769554590d9dd90-0.parquet
[2026-04-29T15:19:07.909+0000] {logging_mixin.py:188} INFO - Enviado: raw/sih/RDSP2401.parquet/08668619a46a4685a85e72c060f72bd9-0.parquet
[2026-04-29T15:19:08.381+0000] {logging_mixin.py:188} INFO - Enviado: raw/sih/RDSP2401.parquet/bd0b39a95ff247fb996cb15f48f12836-0.parquet
[2026-04-29T15:19:08.900+0000] {logging_mixin.py:188} INFO - Enviado: raw/sih/RDSP2401.parquet/44ef61cdf0024838a0d930bf65d09128-0.parquet
[2026-04-29T15:19:09.334+0000] {logging_mixin.py:188} INFO - Enviado: raw/sih/RDSP2401.parquet/0939da55984c42578cc046b777d471bc-0.parquet
[2026-04-29T15:19:09.750+0000] {logging_mixin.py:188} INFO - Enviado: raw/sih/RDSP2401.parquet/7d3ad178642c455fa8a69875dccef51d-0.parquet
[2026-04-29T15:19:10.289+0000] {logging_mixin.py:188} INFO - Enviado: raw/sih/RDSP2401.parquet/0a5163bba5c640b78efe709afdb77acd-0.parquet
[2026-04-29T15:19:10.931+0000] {logging_mixin.py:188} INFO - Enviado: raw/sih/RDSP2102.parquet/23485fda30c24aebb7a88c23f0ab192f-0.parquet
[2026-04-29T15:19:11.443+0000] {logging_mixin.py:188} INFO - Enviado: raw/sih/RDSP2102.parquet/c724656ffd354ead8bb7f44c2d1c3cd9-0.parquet
[2026-04-29T15:19:11.826+0000] {logging_mixin.py:188} INFO - Enviado: raw/sih/RDSP2102.parquet/2b3fb2f4e3c041a5b49f942a7b8bb835-0.parquet
[2026-04-29T15:19:12.286+0000] {logging_mixin.py:188} INFO - Enviado: raw/sih/RDSP2102.parquet/3c696cb0141d4ce9ad1c3fce49c748d1-0.parquet
[2026-04-29T15:19:12.742+0000] {logging_mixin.py:188} INFO - Enviado: raw/sih/RDSP2102.parquet/441bacb984a342059c1d3dc52247ff29-0.parquet
[2026-04-29T15:19:13.127+0000] {logging_mixin.py:188} INFO - Enviado: raw/sih/RDSP2102.parquet/e828200abf7749c49d120162fefecba4-0.parquet
[2026-04-29T15:19:13.524+0000] {logging_mixin.py:188} INFO - Enviado: raw/sih/RDSP2102.parquet/fd3ee2e413c6402cbfe5b74433e10d56-0.parquet
[2026-04-29T15:19:14.016+0000] {logging_mixin.py:188} INFO - Enviado: raw/sih/RDSP2209.parquet/44e4f5a603a0477baf760d496950dae7-0.parquet
[2026-04-29T15:19:14.451+0000] {logging_mixin.py:188} INFO - Enviado: raw/sih/RDSP2209.parquet/6f1508e4ca844c0798ff03144e69e4fd-0.parquet
[2026-04-29T15:19:14.962+0000] {logging_mixin.py:188} INFO - Enviado: raw/sih/RDSP2209.parquet/1935a160471b4851a19b1b2ce5affe90-0.parquet
[2026-04-29T15:19:15.360+0000] {logging_mixin.py:188} INFO - Enviado: raw/sih/RDSP2209.parquet/c463c7a08ec847ccb89de7b296104455-0.parquet
[2026-04-29T15:19:15.821+0000] {logging_mixin.py:188} INFO - Enviado: raw/sih/RDSP2209.parquet/fb23b3388c2e493a9ba00e4873597be2-0.parquet
[2026-04-29T15:19:16.233+0000] {logging_mixin.py:188} INFO - Enviado: raw/sih/RDSP2209.parquet/79a304e09fec4ff6a3ee40264173a552-0.parquet
[2026-04-29T15:19:16.616+0000] {logging_mixin.py:188} INFO - Enviado: raw/sih/RDSP2209.parquet/8968bbcd570449429d3f29e57ab35a4e-0.parquet
[2026-04-29T15:19:17.106+0000] {logging_mixin.py:188} INFO - Enviado: raw/sih/RDSP2209.parquet/bd4ebc5b4269477496584c53f321b884-0.parquet
[2026-04-29T15:19:17.546+0000] {logging_mixin.py:188} INFO - Enviado: raw/sih/RDSP1911.parquet/0dd5eb1c6b6d4296aa1c4c8147b99d9b-0.parquet
[2026-04-29T15:19:20.447+0000] {logging_mixin.py:188} INFO - Enviado: raw/sih/RDSP1911.parquet/7410b1335aa949de8a1c53b880470c12-0.parquet
[2026-04-29T15:19:20.949+0000] {logging_mixin.py:188} INFO - Enviado: raw/sih/RDSP1911.parquet/8d2836e8f14c4553ae328a9c0582bcec-0.parquet
[2026-04-29T15:19:21.468+0000] {logging_mixin.py:188} INFO - Enviado: raw/sih/RDSP1911.parquet/76a14ad9ec1340b28417f826d1eba4c0-0.parquet
[2026-04-29T15:19:22.031+0000] {logging_mixin.py:188} INFO - Enviado: raw/sih/RDSP1911.parquet/dcef8ebb6c4745bb8d543c9b46cb6774-0.parquet
[2026-04-29T15:19:22.682+0000] {logging_mixin.py:188} INFO - Enviado: raw/sih/RDSP1911.parquet/13fcc0ef7e9c42a993bf847d8d4d0a8f-0.parquet
[2026-04-29T15:19:23.074+0000] {logging_mixin.py:188} INFO - Enviado: raw/sih/RDSP1911.parquet/1cabf23d8b434527a21f84f2a1fe7df2-0.parquet
[2026-04-29T15:19:23.508+0000] {logging_mixin.py:188} INFO - Enviado: raw/sih/RDSP1911.parquet/110fa5866a104cb888b3ab7086f2047c-0.parquet
[2026-04-29T15:19:23.970+0000] {logging_mixin.py:188} INFO - Enviado: raw/sih/RDSP1912.parquet/ff4f97f6576744158fd73095133e05ce-0.parquet
[2026-04-29T15:19:25.543+0000] {logging_mixin.py:188} INFO - Enviado: raw/sih/RDSP1912.parquet/995074e1bd45427aa7fd3a76b0c0495a-0.parquet
[2026-04-29T15:19:25.965+0000] {logging_mixin.py:188} INFO - Enviado: raw/sih/RDSP1912.parquet/e40fd76a92fd4d00a78995b941660a9f-0.parquet
[2026-04-29T15:19:26.410+0000] {logging_mixin.py:188} INFO - Enviado: raw/sih/RDSP1912.parquet/e714d0e6100e48d19303daa478bb611e-0.parquet
[2026-04-29T15:19:26.932+0000] {logging_mixin.py:188} INFO - Enviado: raw/sih/RDSP1912.parquet/bbf120666a634c04aeb42ae61fc3105a-0.parquet
[2026-04-29T15:19:27.394+0000] {logging_mixin.py:188} INFO - Enviado: raw/sih/RDSP1912.parquet/1962b8e396af46fe917dddbee9c65247-0.parquet
[2026-04-29T15:19:27.870+0000] {logging_mixin.py:188} INFO - Enviado: raw/sih/RDSP1912.parquet/91b54173bafc4a7b8374aba7d86bb837-0.parquet
[2026-04-29T15:19:28.304+0000] {logging_mixin.py:188} INFO - Enviado: raw/sih/RDSP2205.parquet/e8b206d0408046878970a6d66dc6815e-0.parquet
[2026-04-29T15:19:28.722+0000] {logging_mixin.py:188} INFO - Enviado: raw/sih/RDSP2205.parquet/26fd984a5dd940d496912fefcf9971e5-0.parquet
[2026-04-29T15:19:29.181+0000] {logging_mixin.py:188} INFO - Enviado: raw/sih/RDSP2205.parquet/a0d3d3f6c26d410694d87e898f27bfb1-0.parquet
[2026-04-29T15:19:29.619+0000] {logging_mixin.py:188} INFO - Enviado: raw/sih/RDSP2205.parquet/c91141e5bd474de8b2e6b2ebc4c3d0c0-0.parquet
[2026-04-29T15:19:30.151+0000] {logging_mixin.py:188} INFO - Enviado: raw/sih/RDSP2205.parquet/726648cdab314dfba9b10d10aefce282-0.parquet
[2026-04-29T15:19:30.624+0000] {logging_mixin.py:188} INFO - Enviado: raw/sih/RDSP2205.parquet/063a03ce68844deea7f3de456629bbdb-0.parquet
[2026-04-29T15:19:31.124+0000] {logging_mixin.py:188} INFO - Enviado: raw/sih/RDSP2205.parquet/547f3a4bcee7407ca18f9e4abcb09ab7-0.parquet
[2026-04-29T15:19:31.567+0000] {logging_mixin.py:188} INFO - Enviado: raw/sih/RDSP2106.parquet/a1d0fe99aa7349fc8ca8bdcc5c4d53df-0.parquet
[2026-04-29T15:19:32.005+0000] {logging_mixin.py:188} INFO - Enviado: raw/sih/RDSP2106.parquet/3b2040280f5e49bfadd4ecab90836753-0.parquet
[2026-04-29T15:19:32.465+0000] {logging_mixin.py:188} INFO - Enviado: raw/sih/RDSP2106.parquet/ad1edd6e582d4ebb8f8dfdae83a47f69-0.parquet
[2026-04-29T15:19:32.894+0000] {logging_mixin.py:188} INFO - Enviado: raw/sih/RDSP2106.parquet/c42786e4ea374a59b646f52a31707a1a-0.parquet
[2026-04-29T15:19:33.340+0000] {logging_mixin.py:188} INFO - Enviado: raw/sih/RDSP2106.parquet/c8a6b609406942a3af8704dd742ab5ac-0.parquet
[2026-04-29T15:19:33.812+0000] {logging_mixin.py:188} INFO - Enviado: raw/sih/RDSP2106.parquet/5149ea7a8b9245f5884aa3e0db480203-0.parquet
[2026-04-29T15:19:34.258+0000] {logging_mixin.py:188} INFO - Enviado: raw/sih/RDSP2106.parquet/478e1505aead4d37b62b00aa594c471f-0.parquet
[2026-04-29T15:19:34.681+0000] {logging_mixin.py:188} INFO - Enviado: raw/sih/RDSP2003.parquet/bdca4dd4cf4d490ab41c7b36c12e4c06-0.parquet
[2026-04-29T15:19:35.113+0000] {logging_mixin.py:188} INFO - Enviado: raw/sih/RDSP2403.parquet/de1bc5be737d4b789aa8829592bc4505-0.parquet
[2026-04-29T15:19:35.569+0000] {logging_mixin.py:188} INFO - Enviado: raw/sih/RDSP2403.parquet/438aa135d2d04b4182325d6bcb505363-0.parquet
[2026-04-29T15:19:36.013+0000] {logging_mixin.py:188} INFO - Enviado: raw/sih/RDSP2403.parquet/d2348fb1cbf64387b595bbd9cba372fe-0.parquet
[2026-04-29T15:19:36.300+0000] {logging_mixin.py:188} INFO - Enviado: raw/sih/RDSP2403.parquet/5edb61edb2404019af010ed30a232058-0.parquet
[2026-04-29T15:19:36.847+0000] {logging_mixin.py:188} INFO - Enviado: raw/sih/RDSP2403.parquet/622fcc5f519f4fe1aa891b82f39fbcaf-0.parquet
[2026-04-29T15:19:37.260+0000] {logging_mixin.py:188} INFO - Enviado: raw/sih/RDSP2403.parquet/a0e83b7fa977400fae7d9b2d7331b396-0.parquet
[2026-04-29T15:19:37.693+0000] {logging_mixin.py:188} INFO - Enviado: raw/sih/RDSP2403.parquet/f8fcb7addc5b46d4ba9d837dd6f49e9f-0.parquet
[2026-04-29T15:19:38.170+0000] {logging_mixin.py:188} INFO - Enviado: raw/sih/RDSP2403.parquet/96e673c5aa974cad940bcebe9382dfa2-0.parquet
[2026-04-29T15:19:38.625+0000] {logging_mixin.py:188} INFO - Enviado: raw/sih/RDSP2403.parquet/720cbb13bda14020834c5d94f8201a7c-0.parquet
[2026-04-29T15:19:39.051+0000] {logging_mixin.py:188} INFO - Enviado: raw/sih/RDSP2005.parquet/b0a3577576d8455894739aadb40a3752-0.parquet
[2026-04-29T15:19:39.549+0000] {logging_mixin.py:188} INFO - Enviado: raw/sih/RDSP2005.parquet/0b7553bdaf3d46fba8ed6c483410c3be-0.parquet
[2026-04-29T15:19:39.946+0000] {logging_mixin.py:188} INFO - Enviado: raw/sih/RDSP2005.parquet/655066425dc1409191bc66d1aff60418-0.parquet
[2026-04-29T15:19:40.429+0000] {logging_mixin.py:188} INFO - Enviado: raw/sih/RDSP2005.parquet/8ac03800b37c40f6875437e4d9d2deab-0.parquet
[2026-04-29T15:19:40.787+0000] {logging_mixin.py:188} INFO - Enviado: raw/sih/RDSP2005.parquet/cbcf0ca906524c4a964e85669571a9eb-0.parquet
[2026-04-29T15:19:41.252+0000] {logging_mixin.py:188} INFO - Enviado: raw/sih/RDSP2005.parquet/84278a31612c48e6a71ccb7e05fe0f6a-0.parquet
[2026-04-29T15:19:41.630+0000] {logging_mixin.py:188} INFO - Enviado: raw/sih/RDSP2010.parquet/9f5561177ee740d8bf086bc0cf31d81e-0.parquet
[2026-04-29T15:19:42.106+0000] {logging_mixin.py:188} INFO - Enviado: raw/sih/RDSP2010.parquet/cfea3a6fb9e14da38ec42fd03eb20c27-0.parquet
[2026-04-29T15:19:42.494+0000] {logging_mixin.py:188} INFO - Enviado: raw/sih/RDSP2010.parquet/3ae29051052d497692b42a15ae3c7a6f-0.parquet
[2026-04-29T15:19:42.931+0000] {logging_mixin.py:188} INFO - Enviado: raw/sih/RDSP2010.parquet/30f7975981e84047b39a068d5270a0d7-0.parquet
[2026-04-29T15:19:43.402+0000] {logging_mixin.py:188} INFO - Enviado: raw/sih/RDSP2010.parquet/045b888aeb574d528e708710ebec3f1d-0.parquet
[2026-04-29T15:19:43.868+0000] {logging_mixin.py:188} INFO - Enviado: raw/sih/RDSP2010.parquet/bab5c046b99744acbc2668c31ec223d4-0.parquet
[2026-04-29T15:19:44.397+0000] {logging_mixin.py:188} INFO - Enviado: raw/sih/RDSP2010.parquet/189bb9bb89e249feb7508741688f51eb-0.parquet
[2026-04-29T15:19:44.904+0000] {logging_mixin.py:188} INFO - Enviado: raw/sih/RDSP2511.parquet/6c28056e46744db38b6053eb5ee2b720-0.parquet
[2026-04-29T15:19:45.378+0000] {logging_mixin.py:188} INFO - Enviado: raw/sih/RDSP2511.parquet/a2d2cc192b0042e1ac6aa664e37cbc20-0.parquet
[2026-04-29T15:19:45.933+0000] {logging_mixin.py:188} INFO - Enviado: raw/sih/RDSP2511.parquet/449cacf7e5f24e0bab47ce960ed76c06-0.parquet
[2026-04-29T15:19:46.439+0000] {logging_mixin.py:188} INFO - Enviado: raw/sih/RDSP2511.parquet/014f4c77450247e8a2d8fab920224308-0.parquet
[2026-04-29T15:19:46.845+0000] {logging_mixin.py:188} INFO - Enviado: raw/sih/RDSP2511.parquet/dd347435103d4234bb4bae1d08569238-0.parquet
[2026-04-29T15:19:47.265+0000] {logging_mixin.py:188} INFO - Enviado: raw/sih/RDSP2511.parquet/d327e59e0c734909ad77c55c115d63b7-0.parquet
[2026-04-29T15:19:47.680+0000] {logging_mixin.py:188} INFO - Enviado: raw/sih/RDSP2511.parquet/c2661d5c820a4ae3a714c87be43d5dfd-0.parquet
[2026-04-29T15:19:48.153+0000] {logging_mixin.py:188} INFO - Enviado: raw/sih/RDSP2511.parquet/5a3f12eb712c4a238bb5dad51236373a-0.parquet
[2026-04-29T15:19:48.661+0000] {logging_mixin.py:188} INFO - Enviado: raw/sih/RDSP2206.parquet/c1fe9a01ad3746c8aa33bca0bbe8ff71-0.parquet
[2026-04-29T15:19:49.231+0000] {logging_mixin.py:188} INFO - Enviado: raw/sih/RDSP2206.parquet/4e1c8cfe8f2a4d108420a4e901105d4f-0.parquet
[2026-04-29T15:19:49.674+0000] {logging_mixin.py:188} INFO - Enviado: raw/sih/RDSP2206.parquet/34d9278770ef4510b68ce6d4f05b2a1d-0.parquet
[2026-04-29T15:19:49.956+0000] {logging_mixin.py:188} INFO - Enviado: raw/sih/RDSP2206.parquet/650f93d674e94570a1f0cbea061660e6-0.parquet
[2026-04-29T15:19:50.432+0000] {logging_mixin.py:188} INFO - Enviado: raw/sih/RDSP2206.parquet/9c51e6795fd74f85968e2ea057a42beb-0.parquet
[2026-04-29T15:19:50.929+0000] {logging_mixin.py:188} INFO - Enviado: raw/sih/RDSP2206.parquet/6fc0601c924f48b2bc2cbc7cdd1c3e67-0.parquet
[2026-04-29T15:19:51.396+0000] {logging_mixin.py:188} INFO - Enviado: raw/sih/RDSP2206.parquet/8ac09b9ac7bd42b6a4e164b40ae092b4-0.parquet
[2026-04-29T15:19:51.834+0000] {logging_mixin.py:188} INFO - Enviado: raw/sih/RDSP2206.parquet/2b986ed2b217470d96990ca0802dd366-0.parquet
[2026-04-29T15:19:52.304+0000] {logging_mixin.py:188} INFO - Enviado: raw/sih/RDSP1908.parquet/ee5b8a6a48254e1cba7eb32001b19d39-0.parquet
[2026-04-29T15:19:55.092+0000] {logging_mixin.py:188} INFO - Enviado: raw/sih/RDSP1908.parquet/069315494bd44bb8b1759ac1e44cc860-0.parquet
[2026-04-29T15:19:55.589+0000] {logging_mixin.py:188} INFO - Enviado: raw/sih/RDSP1908.parquet/0e23b4321c914f3398b7594c96953653-0.parquet
[2026-04-29T15:19:56.020+0000] {logging_mixin.py:188} INFO - Enviado: raw/sih/RDSP1908.parquet/ec72e209dc8e4f59a9d9e8afbc08ac87-0.parquet
[2026-04-29T15:19:56.422+0000] {logging_mixin.py:188} INFO - Enviado: raw/sih/RDSP1908.parquet/f6f5630ac2344b17b554c71a119b6db4-0.parquet
[2026-04-29T15:19:56.808+0000] {logging_mixin.py:188} INFO - Enviado: raw/sih/RDSP1908.parquet/3cbab91690f84b7fa8262bcc636478e0-0.parquet
[2026-04-29T15:19:57.250+0000] {logging_mixin.py:188} INFO - Enviado: raw/sih/RDSP1908.parquet/19910be72ff6439ab0dbf1b32cf5181f-0.parquet
[2026-04-29T15:19:57.694+0000] {logging_mixin.py:188} INFO - Enviado: raw/sih/RDSP1908.parquet/a99f0855dc2640c1b45c65be9da52358-0.parquet
[2026-04-29T15:19:58.159+0000] {logging_mixin.py:188} INFO - Enviado: raw/sih/RDSP1909.parquet/a91f915c4db246269bc75700dabdd17d-0.parquet
[2026-04-29T15:19:58.690+0000] {logging_mixin.py:188} INFO - Enviado: raw/sih/RDSP1909.parquet/e89155063b244e678141bfc061d13a5d-0.parquet
[2026-04-29T15:19:59.116+0000] {logging_mixin.py:188} INFO - Enviado: raw/sih/RDSP1909.parquet/e940fe97f0cb4a17a6c67cb2ee9478c8-0.parquet
[2026-04-29T15:19:59.498+0000] {logging_mixin.py:188} INFO - Enviado: raw/sih/RDSP1909.parquet/8a82e10932fe467d90c40437418c2cca-0.parquet
[2026-04-29T15:19:59.944+0000] {logging_mixin.py:188} INFO - Enviado: raw/sih/RDSP1909.parquet/74822128863b47ed8bfb184cb1c21c06-0.parquet
[2026-04-29T15:20:00.315+0000] {logging_mixin.py:188} INFO - Enviado: raw/sih/RDSP1909.parquet/9543ccde2fa14e92887ab46759ee0586-0.parquet
[2026-04-29T15:20:00.759+0000] {logging_mixin.py:188} INFO - Enviado: raw/sih/RDSP1909.parquet/dca9166bac1f46e9803ec9a2078b7697-0.parquet
[2026-04-29T15:20:01.219+0000] {logging_mixin.py:188} INFO - Enviado: raw/sih/RDSP1909.parquet/85e1f44a387b4dd78b4ea9c4173f45ca-0.parquet
[2026-04-29T15:20:01.623+0000] {logging_mixin.py:188} INFO - Enviado: raw/sih/RDSP2201.parquet/e2ec0800e6ca46029c858283d9ff13f6-0.parquet
[2026-04-29T15:20:02.045+0000] {logging_mixin.py:188} INFO - Enviado: raw/sih/RDSP2201.parquet/ba271eb7ea3f45dd83e261424e3dce34-0.parquet
[2026-04-29T15:20:02.487+0000] {logging_mixin.py:188} INFO - Enviado: raw/sih/RDSP2201.parquet/417ca0e427fa4c548ea75ab681a1f1d9-0.parquet
[2026-04-29T15:20:02.915+0000] {logging_mixin.py:188} INFO - Enviado: raw/sih/RDSP2201.parquet/bf8e5e9420aa4e2c92a003dd294aa61e-0.parquet
[2026-04-29T15:20:03.382+0000] {logging_mixin.py:188} INFO - Enviado: raw/sih/RDSP2201.parquet/d327b91723f2429abbbb3a633a863ab6-0.parquet
[2026-04-29T15:20:03.822+0000] {logging_mixin.py:188} INFO - Enviado: raw/sih/RDSP2201.parquet/a771bb634a474041aba16300b09c5698-0.parquet
[2026-04-29T15:20:04.191+0000] {logging_mixin.py:188} INFO - Enviado: raw/sih/RDSP2201.parquet/962d85c2e41b46608b6490207425ff29-0.parquet
[2026-04-29T15:20:04.608+0000] {logging_mixin.py:188} INFO - Enviado: raw/sih/RDSP1902.parquet/7d2ce4fa1d274cb4973d7b38905ae0fb-0.parquet
[2026-04-29T15:20:05.019+0000] {logging_mixin.py:188} INFO - Enviado: raw/sih/RDSP1902.parquet/a736893ce79940df9d03e7699c51bd83-0.parquet
[2026-04-29T15:20:05.420+0000] {logging_mixin.py:188} INFO - Enviado: raw/sih/RDSP1902.parquet/c142b813691d4d789aef13bdafa043a5-0.parquet
[2026-04-29T15:20:05.828+0000] {logging_mixin.py:188} INFO - Enviado: raw/sih/RDSP1902.parquet/d1ab893bce5040ddbb812686c257a456-0.parquet
[2026-04-29T15:20:06.230+0000] {logging_mixin.py:188} INFO - Enviado: raw/sih/RDSP1902.parquet/f69ec283994d41ab9c22cffe79df0c59-0.parquet
[2026-04-29T15:20:06.683+0000] {logging_mixin.py:188} INFO - Enviado: raw/sih/RDSP1902.parquet/de79495629ec49a1ac55ce9bf8ca38ea-0.parquet
[2026-04-29T15:20:07.152+0000] {logging_mixin.py:188} INFO - Enviado: raw/sih/RDSP1902.parquet/923b221182274196b2ba6f9a15fdbdb2-0.parquet
[2026-04-29T15:20:07.650+0000] {logging_mixin.py:188} INFO - Enviado: raw/sih/RDSP2107.parquet/66bb43622d434185966d8e00d7a2f288-0.parquet
[2026-04-29T15:20:08.116+0000] {logging_mixin.py:188} INFO - Enviado: raw/sih/RDSP2107.parquet/2cd1e4ae26e940f5be3c98d075a7d6d7-0.parquet
[2026-04-29T15:20:08.543+0000] {logging_mixin.py:188} INFO - Enviado: raw/sih/RDSP2107.parquet/e824a2d8ea214716858d605d28691c12-0.parquet
[2026-04-29T15:20:08.996+0000] {logging_mixin.py:188} INFO - Enviado: raw/sih/RDSP2107.parquet/eece26ae80b54062acb94a672c9411dd-0.parquet
[2026-04-29T15:20:09.381+0000] {logging_mixin.py:188} INFO - Enviado: raw/sih/RDSP2107.parquet/b56e7d01bc564fd39860f617a44c270d-0.parquet
[2026-04-29T15:20:09.839+0000] {logging_mixin.py:188} INFO - Enviado: raw/sih/RDSP2107.parquet/a02a4b80a5234217ba3bcfa9f73e8db6-0.parquet
[2026-04-29T15:20:10.341+0000] {logging_mixin.py:188} INFO - Enviado: raw/sih/RDSP2107.parquet/5296f467c4374a44918759d6f2055dde-0.parquet
[2026-04-29T15:20:10.752+0000] {logging_mixin.py:188} INFO - Enviado: raw/sih/RDSP2001.parquet/8ed5c63f3bf04382a37a77732c88bd82-0.parquet
[2026-04-29T15:20:11.135+0000] {logging_mixin.py:188} INFO - Enviado: raw/sih/RDSP2001.parquet/6b81c0e5e30848958c90bb9911d70b51-0.parquet
[2026-04-29T15:20:11.553+0000] {logging_mixin.py:188} INFO - Enviado: raw/sih/RDSP2001.parquet/9202a00be0a14b34a2ac4a3ef3dbd47d-0.parquet
[2026-04-29T15:20:11.984+0000] {logging_mixin.py:188} INFO - Enviado: raw/sih/RDSP2001.parquet/1de91e6937fd40e4ab58d98d348029b3-0.parquet
[2026-04-29T15:20:13.370+0000] {logging_mixin.py:188} INFO - Enviado: raw/sih/RDSP2001.parquet/8271a7f66d3b4edeacd934b479aa02f3-0.parquet
[2026-04-29T15:20:13.866+0000] {logging_mixin.py:188} INFO - Enviado: raw/sih/RDSP2001.parquet/678725a4893b49e0b9d135aa24cd0572-0.parquet
[2026-04-29T15:20:14.186+0000] {logging_mixin.py:188} INFO - Enviado: raw/sih/RDSP2001.parquet/79f3e5ecfb5644f893cf8d960398ad7e-0.parquet
[2026-04-29T15:20:14.582+0000] {logging_mixin.py:188} INFO - Enviado: raw/sih/RDSP2001.parquet/9cf5a5ac297646ab8d01f154e04d6ddf-0.parquet
[2026-04-29T15:20:15.027+0000] {logging_mixin.py:188} INFO - Enviado: raw/sih/RDSP2310.parquet/9d27c497db00427788c44057b4456764-0.parquet
[2026-04-29T15:20:15.488+0000] {logging_mixin.py:188} INFO - Enviado: raw/sih/RDSP2310.parquet/4a2cbcd621b946f5aa5becaef1eb6adb-0.parquet
[2026-04-29T15:20:15.928+0000] {logging_mixin.py:188} INFO - Enviado: raw/sih/RDSP2310.parquet/f668eed95ef84c749bf0a11a434c9e08-0.parquet
[2026-04-29T15:20:16.383+0000] {logging_mixin.py:188} INFO - Enviado: raw/sih/RDSP2310.parquet/f2788b79db464f06930238ab2fc773b2-0.parquet
[2026-04-29T15:20:16.842+0000] {logging_mixin.py:188} INFO - Enviado: raw/sih/RDSP2310.parquet/1bc798e856d8421aa778f0d3b964d1b1-0.parquet
[2026-04-29T15:20:17.228+0000] {logging_mixin.py:188} INFO - Enviado: raw/sih/RDSP2310.parquet/73e0624333124fe197921c8edd101e81-0.parquet
[2026-04-29T15:20:17.594+0000] {logging_mixin.py:188} INFO - Enviado: raw/sih/RDSP2310.parquet/151d9e8517ec47168f361191743bf603-0.parquet
[2026-04-29T15:20:18.010+0000] {logging_mixin.py:188} INFO - Enviado: raw/sih/RDSP2310.parquet/8a2fd132bb51440096b6947725316703-0.parquet
[2026-04-29T15:20:18.437+0000] {logging_mixin.py:188} INFO - Enviado: raw/sih/RDSP2101.parquet/7e9b68b50b494b7997e1be7a2ec310ed-0.parquet
[2026-04-29T15:20:18.865+0000] {logging_mixin.py:188} INFO - Enviado: raw/sih/RDSP2101.parquet/6f8c25a15dec4e58ab3e04cccb20948e-0.parquet
[2026-04-29T15:20:19.281+0000] {logging_mixin.py:188} INFO - Enviado: raw/sih/RDSP2101.parquet/35f8ce4eac0f47e3a2a3bf795b7849ae-0.parquet
[2026-04-29T15:20:19.802+0000] {logging_mixin.py:188} INFO - Enviado: raw/sih/RDSP2101.parquet/be7cfe5644454005b319cc94f9d1e4ab-0.parquet
[2026-04-29T15:20:20.209+0000] {logging_mixin.py:188} INFO - Enviado: raw/sih/RDSP2101.parquet/ed279ba68f114381ab59db382965fc13-0.parquet
[2026-04-29T15:20:20.632+0000] {logging_mixin.py:188} INFO - Enviado: raw/sih/RDSP2101.parquet/62437fa199c94d0b82b949ddd79cf90f-0.parquet
[2026-04-29T15:20:21.074+0000] {logging_mixin.py:188} INFO - Enviado: raw/sih/RDSP2101.parquet/5868783e88804bc0adce213a7a0f84b5-0.parquet
[2026-04-29T15:20:21.477+0000] {logging_mixin.py:188} INFO - Enviado: raw/sih/RDSP2009.parquet/a3804c69d8d9425a8b004605789cdb3f-0.parquet
[2026-04-29T15:20:21.975+0000] {logging_mixin.py:188} INFO - Enviado: raw/sih/RDSP2009.parquet/ffac3a8ee33f44749eea3d31485a4b1e-0.parquet
[2026-04-29T15:20:22.455+0000] {logging_mixin.py:188} INFO - Enviado: raw/sih/RDSP2009.parquet/4d4fe8af04b94278a0ad109431262341-0.parquet
[2026-04-29T15:20:23.021+0000] {logging_mixin.py:188} INFO - Enviado: raw/sih/RDSP2009.parquet/1055f9c8a1a54345a74a74100897631e-0.parquet
[2026-04-29T15:20:23.501+0000] {logging_mixin.py:188} INFO - Enviado: raw/sih/RDSP2009.parquet/dd60035c3f8c4afb952c18f8d8eafc6e-0.parquet
[2026-04-29T15:20:24.034+0000] {logging_mixin.py:188} INFO - Enviado: raw/sih/RDSP2009.parquet/7f52f3a44b8f4f5b8ded85dc307d342a-0.parquet
[2026-04-29T15:20:24.542+0000] {logging_mixin.py:188} INFO - Enviado: raw/sih/RDSP2009.parquet/f352dd5da36b43cd950cab4c1d26e17d-0.parquet
[2026-04-29T15:20:25.050+0000] {logging_mixin.py:188} INFO - Enviado: raw/sih/RDSP2207.parquet/cb7b634807494a388a8c1a945e7469f0-0.parquet
[2026-04-29T15:20:25.527+0000] {logging_mixin.py:188} INFO - Enviado: raw/sih/RDSP2207.parquet/894128fdf6464fee929827444a360966-0.parquet
[2026-04-29T15:20:26.031+0000] {logging_mixin.py:188} INFO - Enviado: raw/sih/RDSP2207.parquet/c34c55f4b197471ea80ae48d789f935b-0.parquet
[2026-04-29T15:20:26.393+0000] {logging_mixin.py:188} INFO - Enviado: raw/sih/RDSP2207.parquet/e18ac749091e46549eabcdbbf986e1c9-0.parquet
[2026-04-29T15:20:26.952+0000] {logging_mixin.py:188} INFO - Enviado: raw/sih/RDSP2207.parquet/429a2c0d2c294ce0b15eefb6d49c1db6-0.parquet
[2026-04-29T15:20:29.826+0000] {logging_mixin.py:188} INFO - Enviado: raw/sih/RDSP2207.parquet/a76eb6f09c1d4674b6a1e0b047412591-0.parquet
[2026-04-29T15:20:30.356+0000] {logging_mixin.py:188} INFO - Enviado: raw/sih/RDSP2207.parquet/afbe9e2c821243f4a2d4c0ff0f2852ce-0.parquet
[2026-04-29T15:20:30.920+0000] {logging_mixin.py:188} INFO - Enviado: raw/sih/RDSP2207.parquet/5248d46137a141b29af13c12f31a4847-0.parquet
[2026-04-29T15:20:31.421+0000] {logging_mixin.py:188} INFO - Enviado: raw/sih/RDSP1805.parquet/57cae0ea63b044209831ae28d0df6295-0.parquet
[2026-04-29T15:20:31.886+0000] {logging_mixin.py:188} INFO - Enviado: raw/sih/RDSP1805.parquet/5f610d27f1e5488095117686100b86f2-0.parquet
[2026-04-29T15:20:32.306+0000] {logging_mixin.py:188} INFO - Enviado: raw/sih/RDSP1805.parquet/5e731f56d9e54d2396b42c22a474c421-0.parquet
[2026-04-29T15:20:32.813+0000] {logging_mixin.py:188} INFO - Enviado: raw/sih/RDSP1805.parquet/adccdc3f62de4941ad16ad3e8f8fdf1a-0.parquet
[2026-04-29T15:20:33.186+0000] {logging_mixin.py:188} INFO - Enviado: raw/sih/RDSP1805.parquet/d690b4e70f424538a16abe5d21c93a1f-0.parquet
[2026-04-29T15:20:33.663+0000] {logging_mixin.py:188} INFO - Enviado: raw/sih/RDSP1805.parquet/4ef2053b20c740d2a19da11844313a79-0.parquet
[2026-04-29T15:20:34.179+0000] {logging_mixin.py:188} INFO - Enviado: raw/sih/RDSP1805.parquet/749a387b9ba448a1ab5d8dc9d238bab8-0.parquet
[2026-04-29T15:20:34.695+0000] {logging_mixin.py:188} INFO - Enviado: raw/sih/RDSP1805.parquet/a644958947a3450c84544aa800935367-0.parquet
[2026-04-29T15:20:35.198+0000] {logging_mixin.py:188} INFO - Enviado: raw/sih/RDSP2507.parquet/8e235ed071d743b2b8e791b63e1e247d-0.parquet
[2026-04-29T15:20:35.817+0000] {logging_mixin.py:188} INFO - Enviado: raw/sih/RDSP2507.parquet/9598f24bb61a4db8aa5f175f15a093dd-0.parquet
[2026-04-29T15:20:36.388+0000] {logging_mixin.py:188} INFO - Enviado: raw/sih/RDSP2507.parquet/85882526c9d147bfba9586d741f21a20-0.parquet
[2026-04-29T15:20:36.933+0000] {logging_mixin.py:188} INFO - Enviado: raw/sih/RDSP2507.parquet/37ad47b553f84fbeaf851a457334f61f-0.parquet
[2026-04-29T15:20:37.509+0000] {logging_mixin.py:188} INFO - Enviado: raw/sih/RDSP2507.parquet/246379519843401bb8f125f8c3c7ee13-0.parquet
[2026-04-29T15:20:37.870+0000] {logging_mixin.py:188} INFO - Enviado: raw/sih/RDSP2507.parquet/c7403926a1e14a96a7a9d51a5cb5aff0-0.parquet
[2026-04-29T15:20:38.371+0000] {logging_mixin.py:188} INFO - Enviado: raw/sih/RDSP2507.parquet/d14bd7f2a237424ba24af4584115446a-0.parquet
[2026-04-29T15:20:38.872+0000] {logging_mixin.py:188} INFO - Enviado: raw/sih/RDSP2507.parquet/a39292511e45486998906890b26b25c5-0.parquet
[2026-04-29T15:20:39.303+0000] {logging_mixin.py:188} INFO - Enviado: raw/sih/RDSP2507.parquet/bf701e008c924117860f227e2d419a83-0.parquet
[2026-04-29T15:20:39.753+0000] {logging_mixin.py:188} INFO - Enviado: raw/sih/RDSP2504.parquet/18099470f1a84ac9891835bfaf034779-0.parquet
[2026-04-29T15:20:40.203+0000] {logging_mixin.py:188} INFO - Enviado: raw/sih/RDSP2504.parquet/4807bda513a24a99ba843ab19737d935-0.parquet
[2026-04-29T15:20:40.710+0000] {logging_mixin.py:188} INFO - Enviado: raw/sih/RDSP2504.parquet/71d6a32d182745fa82e7b10e619b3094-0.parquet
[2026-04-29T15:20:41.075+0000] {logging_mixin.py:188} INFO - Enviado: raw/sih/RDSP2504.parquet/97d3d07b60d04feca2bd42da457b33fd-0.parquet
[2026-04-29T15:20:41.527+0000] {logging_mixin.py:188} INFO - Enviado: raw/sih/RDSP2504.parquet/822995f4963e4962a27f90091dc87d17-0.parquet
[2026-04-29T15:20:41.960+0000] {logging_mixin.py:188} INFO - Enviado: raw/sih/RDSP2504.parquet/41c952289edd49608b0c1bcc15fd0b3e-0.parquet
[2026-04-29T15:20:42.392+0000] {logging_mixin.py:188} INFO - Enviado: raw/sih/RDSP2504.parquet/dd55d1ab93c94847968c2b42249a153c-0.parquet
[2026-04-29T15:20:42.822+0000] {logging_mixin.py:188} INFO - Enviado: raw/sih/RDSP2504.parquet/99510838d64a422fb09b3991ac8df0ec-0.parquet
[2026-04-29T15:20:43.225+0000] {logging_mixin.py:188} INFO - Enviado: raw/sih/RDSP2504.parquet/1584562a1428490dbdd912d77576bcb7-0.parquet
[2026-04-29T15:20:43.648+0000] {logging_mixin.py:188} INFO - Enviado: raw/sih/RDSP2502.parquet/5ece00bd03424355a1ea215aab3ca4a9-0.parquet
[2026-04-29T15:20:44.126+0000] {logging_mixin.py:188} INFO - Enviado: raw/sih/RDSP2502.parquet/f616b5bd8ea44029a24fc883869d4c8a-0.parquet
[2026-04-29T15:20:44.661+0000] {logging_mixin.py:188} INFO - Enviado: raw/sih/RDSP2502.parquet/ac01cdc1b7554367910bff0030407dd3-0.parquet
[2026-04-29T15:20:45.119+0000] {logging_mixin.py:188} INFO - Enviado: raw/sih/RDSP2502.parquet/8ef8034de81042c9bc8844d6533af1a7-0.parquet
[2026-04-29T15:20:45.628+0000] {logging_mixin.py:188} INFO - Enviado: raw/sih/RDSP2502.parquet/9505ed7394d44bea9492ed32646968f2-0.parquet
[2026-04-29T15:20:46.128+0000] {logging_mixin.py:188} INFO - Enviado: raw/sih/RDSP2502.parquet/e8bf2c9e6ce8440b92e208bd5ec1dafa-0.parquet
[2026-04-29T15:20:46.540+0000] {logging_mixin.py:188} INFO - Enviado: raw/sih/RDSP2502.parquet/eb221ce7a5064baebf3503ab0426ac53-0.parquet
[2026-04-29T15:20:47.027+0000] {logging_mixin.py:188} INFO - Enviado: raw/sih/RDSP2502.parquet/19ddeca055f44df6905e0455f74f131e-0.parquet
[2026-04-29T15:20:47.491+0000] {logging_mixin.py:188} INFO - Enviado: raw/sih/RDSP2204.parquet/9fc4ab9e90fe46f294defa184a4da411-0.parquet
[2026-04-29T15:20:47.997+0000] {logging_mixin.py:188} INFO - Enviado: raw/sih/RDSP2204.parquet/a4f31c84679d4e0dbfcbdc88499396b7-0.parquet
[2026-04-29T15:20:48.431+0000] {logging_mixin.py:188} INFO - Enviado: raw/sih/RDSP2204.parquet/1a14cebfa573471b83d1cb3a09e9de38-0.parquet
[2026-04-29T15:20:48.856+0000] {logging_mixin.py:188} INFO - Enviado: raw/sih/RDSP2204.parquet/b99f3b1abd8d4eca84cdb6f13cdb96e0-0.parquet
[2026-04-29T15:20:49.294+0000] {logging_mixin.py:188} INFO - Enviado: raw/sih/RDSP2204.parquet/3c23901b696d4fbebe1dc67c83b349ae-0.parquet
[2026-04-29T15:20:49.756+0000] {logging_mixin.py:188} INFO - Enviado: raw/sih/RDSP2204.parquet/465649b1655d4431b36f53f154ce610f-0.parquet
[2026-04-29T15:20:50.252+0000] {logging_mixin.py:188} INFO - Enviado: raw/sih/RDSP2204.parquet/426d6f42272a49428de26e03c346869d-0.parquet
[2026-04-29T15:20:50.777+0000] {logging_mixin.py:188} INFO - Enviado: raw/sih/RDSP2006.parquet/0740d60fb11f4fbf85e432788e2d42d3-0.parquet
[2026-04-29T15:20:51.266+0000] {logging_mixin.py:188} INFO - Enviado: raw/sih/RDSP2006.parquet/c55b4aa3e4bd4e5a8f42e3dd1b5f0c01-0.parquet
[2026-04-29T15:20:51.744+0000] {logging_mixin.py:188} INFO - Enviado: raw/sih/RDSP2006.parquet/c5910e2e88214f388e40e94350a754ab-0.parquet
[2026-04-29T15:20:52.229+0000] {logging_mixin.py:188} INFO - Enviado: raw/sih/RDSP2006.parquet/ad96d8de149e40499ee60401d9df6957-0.parquet
[2026-04-29T15:20:52.802+0000] {logging_mixin.py:188} INFO - Enviado: raw/sih/RDSP2006.parquet/77be7598341945ecbacde6048ca622c8-0.parquet
[2026-04-29T15:20:53.311+0000] {logging_mixin.py:188} INFO - Enviado: raw/sih/RDSP2006.parquet/66854c7fb9ba4a61a01c8e607a63d2b4-0.parquet
[2026-04-29T15:20:53.854+0000] {logging_mixin.py:188} INFO - Enviado: raw/sih/RDSP2007.parquet/c2759721c53e4f288c32501f36d5055e-0.parquet
[2026-04-29T15:20:54.455+0000] {logging_mixin.py:188} INFO - Enviado: raw/sih/RDSP2007.parquet/c43619a559eb4d129cc0d6220cc742ef-0.parquet
[2026-04-29T15:20:54.938+0000] {logging_mixin.py:188} INFO - Enviado: raw/sih/RDSP2007.parquet/ffec3bf46d544021b996aefb6d2f8565-0.parquet
[2026-04-29T15:20:55.313+0000] {logging_mixin.py:188} INFO - Enviado: raw/sih/RDSP2007.parquet/4c922cfe202f43178cd68a7a67f06ed8-0.parquet
[2026-04-29T15:20:55.888+0000] {logging_mixin.py:188} INFO - Enviado: raw/sih/RDSP2007.parquet/ebfb8d58c88d44738ad3d0a36dd2f1a1-0.parquet
[2026-04-29T15:20:56.318+0000] {logging_mixin.py:188} INFO - Enviado: raw/sih/RDSP2007.parquet/2ea50d9bc9f04116addfe90e2d04fa5a-0.parquet
[2026-04-29T15:20:56.784+0000] {logging_mixin.py:188} INFO - Enviado: raw/sih/RDSP2007.parquet/e0cfa1883bf64396b72d26e1a4062737-0.parquet
[2026-04-29T15:20:57.185+0000] {logging_mixin.py:188} INFO - Enviado: raw/sih/RDSP1807.parquet/85aa2e5c72a842e982ef57e96845d0d2-0.parquet
[2026-04-29T15:20:57.559+0000] {logging_mixin.py:188} INFO - Enviado: raw/sih/RDSP1807.parquet/47490fca49964e269f61153f17ed2b04-0.parquet
[2026-04-29T15:20:58.006+0000] {logging_mixin.py:188} INFO - Enviado: raw/sih/RDSP1807.parquet/3c4c50fc11ea4a969cb5977407c9859f-0.parquet
[2026-04-29T15:20:58.442+0000] {logging_mixin.py:188} INFO - Enviado: raw/sih/RDSP1807.parquet/cedc7a4e3d874837947b03dc72cea871-0.parquet
[2026-04-29T15:20:58.979+0000] {logging_mixin.py:188} INFO - Enviado: raw/sih/RDSP1807.parquet/06b23aced55047e681bf0bbfd4f1ef76-0.parquet
[2026-04-29T15:20:59.429+0000] {logging_mixin.py:188} INFO - Enviado: raw/sih/RDSP1807.parquet/7d1d6a2eb72e4ff789dea8e9433c0b60-0.parquet
[2026-04-29T15:20:59.907+0000] {logging_mixin.py:188} INFO - Enviado: raw/sih/RDSP1807.parquet/61b7e058fcef49e0a6fde5dbd3523205-0.parquet
[2026-04-29T15:21:00.412+0000] {logging_mixin.py:188} INFO - Enviado: raw/sih/RDSP1807.parquet/94a989576aa843998779fd267c886d07-0.parquet
[2026-04-29T15:21:00.876+0000] {logging_mixin.py:188} INFO - Enviado: raw/sih/RDSP2503.parquet/a1634b57cd1f41dc90391638ce88c15d-0.parquet
[2026-04-29T15:21:01.344+0000] {logging_mixin.py:188} INFO - Enviado: raw/sih/RDSP2503.parquet/50163ea5236a4bb8bc6e131c18d88738-0.parquet
[2026-04-29T15:21:04.137+0000] {logging_mixin.py:188} INFO - Enviado: raw/sih/RDSP2503.parquet/d3ba6898cc6441f7862b55a8d46e5107-0.parquet
[2026-04-29T15:21:04.643+0000] {logging_mixin.py:188} INFO - Enviado: raw/sih/RDSP2503.parquet/b9371e8be6d849e4b064499aaac415d6-0.parquet
[2026-04-29T15:21:06.369+0000] {logging_mixin.py:188} INFO - Enviado: raw/sih/RDSP2503.parquet/ef5aa035a25049c580ce5ea16f6f4ee0-0.parquet
[2026-04-29T15:21:06.881+0000] {logging_mixin.py:188} INFO - Enviado: raw/sih/RDSP2503.parquet/d7d9233a61034bbc8d86f272d61bd33b-0.parquet
[2026-04-29T15:21:07.370+0000] {logging_mixin.py:188} INFO - Enviado: raw/sih/RDSP2503.parquet/3e488c1318ad4bf0bb0ea0b04ddc5e42-0.parquet
[2026-04-29T15:21:07.816+0000] {logging_mixin.py:188} INFO - Enviado: raw/sih/RDSP2503.parquet/2cb27ee51b064602b04283b39007a1ce-0.parquet
[2026-04-29T15:21:08.140+0000] {logging_mixin.py:188} INFO - Enviado: raw/sih/RDSP2503.parquet/b026cf483fb94f4389219e9596ae76ad-0.parquet
[2026-04-29T15:21:08.603+0000] {logging_mixin.py:188} INFO - Enviado: raw/sih/RDSP1905.parquet/4b1246e4c1b74719bf69b4be99ad1a1a-0.parquet
[2026-04-29T15:21:09.077+0000] {logging_mixin.py:188} INFO - Enviado: raw/sih/RDSP1905.parquet/1c8a20978e654806861bddd7d6b9f065-0.parquet
[2026-04-29T15:21:09.504+0000] {logging_mixin.py:188} INFO - Enviado: raw/sih/RDSP1905.parquet/cfe42c15b71648cb9906f8f082002702-0.parquet
[2026-04-29T15:21:09.978+0000] {logging_mixin.py:188} INFO - Enviado: raw/sih/RDSP1905.parquet/821128ff8d3f43c2858bd5ebba703ced-0.parquet
[2026-04-29T15:21:10.447+0000] {logging_mixin.py:188} INFO - Enviado: raw/sih/RDSP1905.parquet/edcf55dc017d40209b083f556d4383d1-0.parquet
[2026-04-29T15:21:10.948+0000] {logging_mixin.py:188} INFO - Enviado: raw/sih/RDSP1905.parquet/f182f2cd7f6e4f318462a0ea5be80d8a-0.parquet
[2026-04-29T15:21:11.427+0000] {logging_mixin.py:188} INFO - Enviado: raw/sih/RDSP1905.parquet/f926d57673634d2189606ce4532421d2-0.parquet
[2026-04-29T15:21:11.857+0000] {logging_mixin.py:188} INFO - Enviado: raw/sih/RDSP1905.parquet/3c764b8f4f9442d585285f273dac9e92-0.parquet
[2026-04-29T15:21:12.371+0000] {logging_mixin.py:188} INFO - Enviado: raw/sih/RDSP1906.parquet/faca56cfa8234554865311402cfc2852-0.parquet
[2026-04-29T15:21:12.827+0000] {logging_mixin.py:188} INFO - Enviado: raw/sih/RDSP1906.parquet/d9b3ef17934a46f3a218acab62b21ce4-0.parquet
[2026-04-29T15:21:13.190+0000] {logging_mixin.py:188} INFO - Enviado: raw/sih/RDSP1906.parquet/37036268846846c3a52798786ca464fe-0.parquet
[2026-04-29T15:21:13.639+0000] {logging_mixin.py:188} INFO - Enviado: raw/sih/RDSP1906.parquet/a45f69def0c042a282a898b7e2be4044-0.parquet
[2026-04-29T15:21:14.116+0000] {logging_mixin.py:188} INFO - Enviado: raw/sih/RDSP1906.parquet/144cd5c6de6d4d4ea9a027c845ed8e71-0.parquet
[2026-04-29T15:21:14.629+0000] {logging_mixin.py:188} INFO - Enviado: raw/sih/RDSP1906.parquet/2a499f984e0345099403c8c7b2d8a6c3-0.parquet
[2026-04-29T15:21:15.104+0000] {logging_mixin.py:188} INFO - Enviado: raw/sih/RDSP1906.parquet/8dd3df2a448a4c82874e0caa771c870f-0.parquet
[2026-04-29T15:21:15.608+0000] {logging_mixin.py:188} INFO - Enviado: raw/sih/RDSP1906.parquet/1268fea448a14ee29c08c98309b85018-0.parquet
[2026-04-29T15:21:16.116+0000] {logging_mixin.py:188} INFO - Enviado: raw/sih/RDSP2501.parquet/e241bf340f89427d9b9338758d7048f6-0.parquet
[2026-04-29T15:21:16.509+0000] {logging_mixin.py:188} INFO - Enviado: raw/sih/RDSP2501.parquet/67842b4f02e74944a1256e50c2591b20-0.parquet
[2026-04-29T15:21:16.974+0000] {logging_mixin.py:188} INFO - Enviado: raw/sih/RDSP2501.parquet/8592588f155d4303abc59bfeb4641cae-0.parquet
[2026-04-29T15:21:17.417+0000] {logging_mixin.py:188} INFO - Enviado: raw/sih/RDSP2501.parquet/808184f8368a4bef8e9960b1223a4949-0.parquet
[2026-04-29T15:21:17.843+0000] {logging_mixin.py:188} INFO - Enviado: raw/sih/RDSP2501.parquet/3fb8ed53675b42d2af94ee396bec7d3c-0.parquet
[2026-04-29T15:21:18.277+0000] {logging_mixin.py:188} INFO - Enviado: raw/sih/RDSP2501.parquet/fff6516491334eb8b1133ff1b90ffe59-0.parquet
[2026-04-29T15:21:18.798+0000] {logging_mixin.py:188} INFO - Enviado: raw/sih/RDSP2501.parquet/271fd89819a24b439b3def08adde4ca4-0.parquet
[2026-04-29T15:21:19.293+0000] {logging_mixin.py:188} INFO - Enviado: raw/sih/RDSP2501.parquet/3081eb7425c4432fb480c909d2e4f0a1-0.parquet
[2026-04-29T15:21:19.771+0000] {logging_mixin.py:188} INFO - Enviado: raw/sih/RDSP2306.parquet/dc77fba0f6d042e493140c6d173cf3d0-0.parquet
[2026-04-29T15:21:20.274+0000] {logging_mixin.py:188} INFO - Enviado: raw/sih/RDSP2306.parquet/191b41fdb9ba438ea885ae874c432b74-0.parquet
[2026-04-29T15:21:20.732+0000] {logging_mixin.py:188} INFO - Enviado: raw/sih/RDSP2306.parquet/7d2bf7d5ee4f40a6a26716ba4de14b14-0.parquet
[2026-04-29T15:21:21.172+0000] {logging_mixin.py:188} INFO - Enviado: raw/sih/RDSP2306.parquet/30f9822d52da49ddae45fa11ac959185-0.parquet
[2026-04-29T15:21:21.619+0000] {logging_mixin.py:188} INFO - Enviado: raw/sih/RDSP2306.parquet/94dd3366a00c4aaa8f3f266e198b34a6-0.parquet
[2026-04-29T15:21:22.068+0000] {logging_mixin.py:188} INFO - Enviado: raw/sih/RDSP2306.parquet/ad0420a5bc004daab32f1bc834ca6ec3-0.parquet
[2026-04-29T15:21:22.553+0000] {logging_mixin.py:188} INFO - Enviado: raw/sih/RDSP2306.parquet/180435ded4a44234a071bb1a5f1c0086-0.parquet
[2026-04-29T15:21:23.044+0000] {logging_mixin.py:188} INFO - Enviado: raw/sih/RDSP2306.parquet/562247e200bb454c8806dbc0eaad9af4-0.parquet
[2026-04-29T15:21:23.505+0000] {logging_mixin.py:188} INFO - Enviado: raw/sih/RDSP1801.parquet/468db78f886a4a388bf0810677b7af9f-0.parquet
[2026-04-29T15:21:23.965+0000] {logging_mixin.py:188} INFO - Enviado: raw/sih/RDSP1801.parquet/1b7648a6a72141e58f89fc9b6aebb980-0.parquet
[2026-04-29T15:21:24.416+0000] {logging_mixin.py:188} INFO - Enviado: raw/sih/RDSP1801.parquet/21da8ae15669404a9b73d11e1dbf8b17-0.parquet
[2026-04-29T15:21:24.847+0000] {logging_mixin.py:188} INFO - Enviado: raw/sih/RDSP1801.parquet/931953828fc5448392c1dbf181d1651f-0.parquet
[2026-04-29T15:21:25.307+0000] {logging_mixin.py:188} INFO - Enviado: raw/sih/RDSP1801.parquet/7bd2feadd2ee484cbe8b2dbb385dcb37-0.parquet
[2026-04-29T15:21:25.785+0000] {logging_mixin.py:188} INFO - Enviado: raw/sih/RDSP1801.parquet/a2195970f593462f91ff02f529e001f0-0.parquet
[2026-04-29T15:21:26.273+0000] {logging_mixin.py:188} INFO - Enviado: raw/sih/RDSP1801.parquet/50ab4116ea6b414daf57b8c8f09ccfef-0.parquet
[2026-04-29T15:21:26.677+0000] {logging_mixin.py:188} INFO - Enviado: raw/sih/RDSP2211.parquet/3a2903c0607d4a61900d92c1d0c66f2e-0.parquet
[2026-04-29T15:21:27.098+0000] {logging_mixin.py:188} INFO - Enviado: raw/sih/RDSP2211.parquet/5e5edb7053574337957f56d17ab971c3-0.parquet
[2026-04-29T15:21:27.551+0000] {logging_mixin.py:188} INFO - Enviado: raw/sih/RDSP2211.parquet/9693c323a3cd416d9bb08fe9a990a31e-0.parquet
[2026-04-29T15:21:28.066+0000] {logging_mixin.py:188} INFO - Enviado: raw/sih/RDSP2211.parquet/ad81f54d0fe4431990cb2097c2a4392d-0.parquet
[2026-04-29T15:21:28.360+0000] {logging_mixin.py:188} INFO - Enviado: raw/sih/RDSP2211.parquet/a30023afa6524cd1b4f4882faa9e93ed-0.parquet
[2026-04-29T15:21:28.812+0000] {logging_mixin.py:188} INFO - Enviado: raw/sih/RDSP2211.parquet/276ee75108384cf798fd4887ec23bd3c-0.parquet
[2026-04-29T15:21:29.210+0000] {logging_mixin.py:188} INFO - Enviado: raw/sih/RDSP2211.parquet/643cfc93bc354b21b3f339bf509a3938-0.parquet
[2026-04-29T15:21:29.816+0000] {logging_mixin.py:188} INFO - Enviado: raw/sih/RDSP2211.parquet/f839c2e6f04946de976c43c6f771ac1f-0.parquet
[2026-04-29T15:21:29.818+0000] {logging_mixin.py:188} INFO - Concluído! 752 arquivos enviados para s3://sus-data-pipeline-kvgs/raw/sih/
[2026-04-29T15:21:29.876+0000] {python.py:201} INFO - Done. Returned value was: None
[2026-04-29T15:21:30.323+0000] {taskinstance.py:1138} INFO - Marking task as SUCCESS. dag_id=sus_pipeline, task_id=salvar_no_s3, execution_date=20260429T151249, start_date=20260429T151430, end_date=20260429T152130
[2026-04-29T15:21:30.675+0000] {local_task_job_runner.py:234} INFO - Task exited with return code 0
[2026-04-29T15:21:35.035+0000] {taskinstance.py:3280} INFO - 0 downstream tasks scheduled from follow-on schedule check
