[2026-04-29T12:21:47.832+0000] {processor.py:161} INFO - Started process (PID=184) to work on /opt/airflow/dags/sus_pipeline.py
[2026-04-29T12:21:47.843+0000] {processor.py:830} INFO - Processing file /opt/airflow/dags/sus_pipeline.py for tasks to queue
[2026-04-29T12:21:47.871+0000] {logging_mixin.py:188} INFO - [2026-04-29T12:21:47.859+0000] {dagbag.py:538} INFO - Filling up the DagBag from /opt/airflow/dags/sus_pipeline.py
[2026-04-29T12:21:48.282+0000] {processor.py:840} INFO - DAG(s) 'sus_pipeline' retrieved from /opt/airflow/dags/sus_pipeline.py
[2026-04-29T12:21:49.288+0000] {logging_mixin.py:188} INFO - [2026-04-29T12:21:49.287+0000] {dag.py:3036} INFO - Sync 1 DAGs
[2026-04-29T12:21:49.451+0000] {logging_mixin.py:188} INFO - [2026-04-29T12:21:49.450+0000] {dag.py:3823} INFO - Setting next_dagrun for sus_pipeline to 2026-03-01 00:00:00+00:00, run_after=2026-04-01 00:00:00+00:00
[2026-04-29T12:21:49.544+0000] {processor.py:183} INFO - Processing /opt/airflow/dags/sus_pipeline.py took 1.813 seconds
[2026-04-29T12:22:20.113+0000] {processor.py:161} INFO - Started process (PID=189) to work on /opt/airflow/dags/sus_pipeline.py
[2026-04-29T12:22:20.125+0000] {processor.py:830} INFO - Processing file /opt/airflow/dags/sus_pipeline.py for tasks to queue
[2026-04-29T12:22:20.132+0000] {logging_mixin.py:188} INFO - [2026-04-29T12:22:20.129+0000] {dagbag.py:538} INFO - Filling up the DagBag from /opt/airflow/dags/sus_pipeline.py
[2026-04-29T12:22:20.326+0000] {processor.py:840} INFO - DAG(s) 'sus_pipeline' retrieved from /opt/airflow/dags/sus_pipeline.py
[2026-04-29T12:22:20.629+0000] {logging_mixin.py:188} INFO - [2026-04-29T12:22:20.628+0000] {dag.py:3036} INFO - Sync 1 DAGs
[2026-04-29T12:22:20.939+0000] {logging_mixin.py:188} INFO - [2026-04-29T12:22:20.938+0000] {dag.py:3823} INFO - Setting next_dagrun for sus_pipeline to 2026-03-01 00:00:00+00:00, run_after=2026-04-01 00:00:00+00:00
[2026-04-29T12:22:21.065+0000] {processor.py:183} INFO - Processing /opt/airflow/dags/sus_pipeline.py took 0.996 seconds
[2026-04-29T12:22:51.278+0000] {processor.py:161} INFO - Started process (PID=202) to work on /opt/airflow/dags/sus_pipeline.py
[2026-04-29T12:22:51.280+0000] {processor.py:830} INFO - Processing file /opt/airflow/dags/sus_pipeline.py for tasks to queue
[2026-04-29T12:22:51.281+0000] {logging_mixin.py:188} INFO - [2026-04-29T12:22:51.281+0000] {dagbag.py:538} INFO - Filling up the DagBag from /opt/airflow/dags/sus_pipeline.py
[2026-04-29T12:22:51.308+0000] {processor.py:840} INFO - DAG(s) 'sus_pipeline' retrieved from /opt/airflow/dags/sus_pipeline.py
[2026-04-29T12:22:51.365+0000] {logging_mixin.py:188} INFO - [2026-04-29T12:22:51.365+0000] {dag.py:3036} INFO - Sync 1 DAGs
[2026-04-29T12:22:51.423+0000] {logging_mixin.py:188} INFO - [2026-04-29T12:22:51.423+0000] {dag.py:3823} INFO - Setting next_dagrun for sus_pipeline to 2026-04-01 00:00:00+00:00, run_after=2026-05-01 00:00:00+00:00
[2026-04-29T12:22:51.469+0000] {processor.py:183} INFO - Processing /opt/airflow/dags/sus_pipeline.py took 0.197 seconds
[2026-04-29T12:23:21.577+0000] {processor.py:161} INFO - Started process (PID=211) to work on /opt/airflow/dags/sus_pipeline.py
[2026-04-29T12:23:21.579+0000] {processor.py:830} INFO - Processing file /opt/airflow/dags/sus_pipeline.py for tasks to queue
[2026-04-29T12:23:21.581+0000] {logging_mixin.py:188} INFO - [2026-04-29T12:23:21.580+0000] {dagbag.py:538} INFO - Filling up the DagBag from /opt/airflow/dags/sus_pipeline.py
[2026-04-29T12:23:21.606+0000] {processor.py:840} INFO - DAG(s) 'sus_pipeline' retrieved from /opt/airflow/dags/sus_pipeline.py
[2026-04-29T12:23:21.664+0000] {logging_mixin.py:188} INFO - [2026-04-29T12:23:21.664+0000] {dag.py:3036} INFO - Sync 1 DAGs
[2026-04-29T12:23:21.710+0000] {logging_mixin.py:188} INFO - [2026-04-29T12:23:21.710+0000] {dag.py:3823} INFO - Setting next_dagrun for sus_pipeline to 2026-04-01 00:00:00+00:00, run_after=2026-05-01 00:00:00+00:00
[2026-04-29T12:23:21.755+0000] {processor.py:183} INFO - Processing /opt/airflow/dags/sus_pipeline.py took 0.186 seconds
[2026-04-29T12:23:52.066+0000] {processor.py:161} INFO - Started process (PID=216) to work on /opt/airflow/dags/sus_pipeline.py
[2026-04-29T12:23:52.072+0000] {processor.py:830} INFO - Processing file /opt/airflow/dags/sus_pipeline.py for tasks to queue
[2026-04-29T12:23:52.074+0000] {logging_mixin.py:188} INFO - [2026-04-29T12:23:52.073+0000] {dagbag.py:538} INFO - Filling up the DagBag from /opt/airflow/dags/sus_pipeline.py
[2026-04-29T12:23:52.104+0000] {processor.py:840} INFO - DAG(s) 'sus_pipeline' retrieved from /opt/airflow/dags/sus_pipeline.py
[2026-04-29T12:23:52.161+0000] {logging_mixin.py:188} INFO - [2026-04-29T12:23:52.160+0000] {dag.py:3036} INFO - Sync 1 DAGs
[2026-04-29T12:23:52.204+0000] {logging_mixin.py:188} INFO - [2026-04-29T12:23:52.204+0000] {dag.py:3823} INFO - Setting next_dagrun for sus_pipeline to 2026-04-01 00:00:00+00:00, run_after=2026-05-01 00:00:00+00:00
[2026-04-29T12:23:52.258+0000] {processor.py:183} INFO - Processing /opt/airflow/dags/sus_pipeline.py took 0.201 seconds
[2026-04-29T12:24:22.441+0000] {processor.py:161} INFO - Started process (PID=221) to work on /opt/airflow/dags/sus_pipeline.py
[2026-04-29T12:24:22.443+0000] {processor.py:830} INFO - Processing file /opt/airflow/dags/sus_pipeline.py for tasks to queue
[2026-04-29T12:24:22.445+0000] {logging_mixin.py:188} INFO - [2026-04-29T12:24:22.444+0000] {dagbag.py:538} INFO - Filling up the DagBag from /opt/airflow/dags/sus_pipeline.py
[2026-04-29T12:24:22.472+0000] {processor.py:840} INFO - DAG(s) 'sus_pipeline' retrieved from /opt/airflow/dags/sus_pipeline.py
[2026-04-29T12:24:22.538+0000] {logging_mixin.py:188} INFO - [2026-04-29T12:24:22.537+0000] {dag.py:3036} INFO - Sync 1 DAGs
[2026-04-29T12:24:22.586+0000] {logging_mixin.py:188} INFO - [2026-04-29T12:24:22.586+0000] {dag.py:3823} INFO - Setting next_dagrun for sus_pipeline to 2026-04-01 00:00:00+00:00, run_after=2026-05-01 00:00:00+00:00
[2026-04-29T12:24:22.626+0000] {processor.py:183} INFO - Processing /opt/airflow/dags/sus_pipeline.py took 0.193 seconds
[2026-04-29T12:24:53.023+0000] {processor.py:161} INFO - Started process (PID=226) to work on /opt/airflow/dags/sus_pipeline.py
[2026-04-29T12:24:53.024+0000] {processor.py:830} INFO - Processing file /opt/airflow/dags/sus_pipeline.py for tasks to queue
[2026-04-29T12:24:53.026+0000] {logging_mixin.py:188} INFO - [2026-04-29T12:24:53.025+0000] {dagbag.py:538} INFO - Filling up the DagBag from /opt/airflow/dags/sus_pipeline.py
[2026-04-29T12:24:53.048+0000] {processor.py:840} INFO - DAG(s) 'sus_pipeline' retrieved from /opt/airflow/dags/sus_pipeline.py
[2026-04-29T12:24:53.098+0000] {logging_mixin.py:188} INFO - [2026-04-29T12:24:53.098+0000] {dag.py:3036} INFO - Sync 1 DAGs
[2026-04-29T12:24:53.139+0000] {logging_mixin.py:188} INFO - [2026-04-29T12:24:53.138+0000] {dag.py:3823} INFO - Setting next_dagrun for sus_pipeline to 2026-04-01 00:00:00+00:00, run_after=2026-05-01 00:00:00+00:00
[2026-04-29T12:24:53.192+0000] {processor.py:183} INFO - Processing /opt/airflow/dags/sus_pipeline.py took 0.174 seconds
[2026-04-29T12:25:23.564+0000] {processor.py:161} INFO - Started process (PID=231) to work on /opt/airflow/dags/sus_pipeline.py
[2026-04-29T12:25:23.568+0000] {processor.py:830} INFO - Processing file /opt/airflow/dags/sus_pipeline.py for tasks to queue
[2026-04-29T12:25:23.570+0000] {logging_mixin.py:188} INFO - [2026-04-29T12:25:23.570+0000] {dagbag.py:538} INFO - Filling up the DagBag from /opt/airflow/dags/sus_pipeline.py
[2026-04-29T12:25:23.593+0000] {processor.py:840} INFO - DAG(s) 'sus_pipeline' retrieved from /opt/airflow/dags/sus_pipeline.py
[2026-04-29T12:25:23.662+0000] {logging_mixin.py:188} INFO - [2026-04-29T12:25:23.662+0000] {dag.py:3036} INFO - Sync 1 DAGs
[2026-04-29T12:25:23.705+0000] {logging_mixin.py:188} INFO - [2026-04-29T12:25:23.705+0000] {dag.py:3823} INFO - Setting next_dagrun for sus_pipeline to 2026-04-01 00:00:00+00:00, run_after=2026-05-01 00:00:00+00:00
[2026-04-29T12:25:23.744+0000] {processor.py:183} INFO - Processing /opt/airflow/dags/sus_pipeline.py took 0.188 seconds
[2026-04-29T12:25:54.231+0000] {processor.py:161} INFO - Started process (PID=236) to work on /opt/airflow/dags/sus_pipeline.py
[2026-04-29T12:25:54.234+0000] {processor.py:830} INFO - Processing file /opt/airflow/dags/sus_pipeline.py for tasks to queue
[2026-04-29T12:25:54.235+0000] {logging_mixin.py:188} INFO - [2026-04-29T12:25:54.235+0000] {dagbag.py:538} INFO - Filling up the DagBag from /opt/airflow/dags/sus_pipeline.py
[2026-04-29T12:25:54.260+0000] {processor.py:840} INFO - DAG(s) 'sus_pipeline' retrieved from /opt/airflow/dags/sus_pipeline.py
[2026-04-29T12:25:54.317+0000] {logging_mixin.py:188} INFO - [2026-04-29T12:25:54.317+0000] {dag.py:3036} INFO - Sync 1 DAGs
[2026-04-29T12:25:54.371+0000] {logging_mixin.py:188} INFO - [2026-04-29T12:25:54.371+0000] {dag.py:3823} INFO - Setting next_dagrun for sus_pipeline to 2026-04-01 00:00:00+00:00, run_after=2026-05-01 00:00:00+00:00
[2026-04-29T12:25:54.413+0000] {processor.py:183} INFO - Processing /opt/airflow/dags/sus_pipeline.py took 0.195 seconds
[2026-04-29T12:26:24.769+0000] {processor.py:161} INFO - Started process (PID=241) to work on /opt/airflow/dags/sus_pipeline.py
[2026-04-29T12:26:24.771+0000] {processor.py:830} INFO - Processing file /opt/airflow/dags/sus_pipeline.py for tasks to queue
[2026-04-29T12:26:24.773+0000] {logging_mixin.py:188} INFO - [2026-04-29T12:26:24.773+0000] {dagbag.py:538} INFO - Filling up the DagBag from /opt/airflow/dags/sus_pipeline.py
[2026-04-29T12:26:24.801+0000] {processor.py:840} INFO - DAG(s) 'sus_pipeline' retrieved from /opt/airflow/dags/sus_pipeline.py
[2026-04-29T12:26:24.883+0000] {logging_mixin.py:188} INFO - [2026-04-29T12:26:24.882+0000] {dag.py:3036} INFO - Sync 1 DAGs
[2026-04-29T12:26:24.953+0000] {logging_mixin.py:188} INFO - [2026-04-29T12:26:24.952+0000] {dag.py:3823} INFO - Setting next_dagrun for sus_pipeline to 2026-04-01 00:00:00+00:00, run_after=2026-05-01 00:00:00+00:00
[2026-04-29T12:26:25.005+0000] {processor.py:183} INFO - Processing /opt/airflow/dags/sus_pipeline.py took 0.244 seconds
[2026-04-29T12:26:56.605+0000] {processor.py:161} INFO - Started process (PID=246) to work on /opt/airflow/dags/sus_pipeline.py
[2026-04-29T12:26:56.629+0000] {processor.py:830} INFO - Processing file /opt/airflow/dags/sus_pipeline.py for tasks to queue
[2026-04-29T12:26:56.639+0000] {logging_mixin.py:188} INFO - [2026-04-29T12:26:56.636+0000] {dagbag.py:538} INFO - Filling up the DagBag from /opt/airflow/dags/sus_pipeline.py
[2026-04-29T12:26:56.906+0000] {processor.py:840} INFO - DAG(s) 'sus_pipeline' retrieved from /opt/airflow/dags/sus_pipeline.py
[2026-04-29T12:26:57.324+0000] {logging_mixin.py:188} INFO - [2026-04-29T12:26:57.323+0000] {dag.py:3036} INFO - Sync 1 DAGs
[2026-04-29T12:26:57.684+0000] {logging_mixin.py:188} INFO - [2026-04-29T12:26:57.683+0000] {dag.py:3823} INFO - Setting next_dagrun for sus_pipeline to 2026-04-01 00:00:00+00:00, run_after=2026-05-01 00:00:00+00:00
[2026-04-29T12:26:57.854+0000] {processor.py:183} INFO - Processing /opt/airflow/dags/sus_pipeline.py took 1.320 seconds
[2026-04-29T12:27:30.579+0000] {processor.py:161} INFO - Started process (PID=251) to work on /opt/airflow/dags/sus_pipeline.py
[2026-04-29T12:27:30.598+0000] {processor.py:830} INFO - Processing file /opt/airflow/dags/sus_pipeline.py for tasks to queue
[2026-04-29T12:27:30.616+0000] {logging_mixin.py:188} INFO - [2026-04-29T12:27:30.609+0000] {dagbag.py:538} INFO - Filling up the DagBag from /opt/airflow/dags/sus_pipeline.py
[2026-04-29T12:27:30.919+0000] {processor.py:840} INFO - DAG(s) 'sus_pipeline' retrieved from /opt/airflow/dags/sus_pipeline.py
[2026-04-29T12:27:31.323+0000] {logging_mixin.py:188} INFO - [2026-04-29T12:27:31.323+0000] {dag.py:3036} INFO - Sync 1 DAGs
[2026-04-29T12:27:31.566+0000] {logging_mixin.py:188} INFO - [2026-04-29T12:27:31.564+0000] {dag.py:3823} INFO - Setting next_dagrun for sus_pipeline to 2026-04-01 00:00:00+00:00, run_after=2026-05-01 00:00:00+00:00
[2026-04-29T12:27:31.663+0000] {processor.py:183} INFO - Processing /opt/airflow/dags/sus_pipeline.py took 1.157 seconds
[2026-04-29T12:28:01.935+0000] {processor.py:161} INFO - Started process (PID=256) to work on /opt/airflow/dags/sus_pipeline.py
[2026-04-29T12:28:01.939+0000] {processor.py:830} INFO - Processing file /opt/airflow/dags/sus_pipeline.py for tasks to queue
[2026-04-29T12:28:01.942+0000] {logging_mixin.py:188} INFO - [2026-04-29T12:28:01.941+0000] {dagbag.py:538} INFO - Filling up the DagBag from /opt/airflow/dags/sus_pipeline.py
[2026-04-29T12:28:01.978+0000] {processor.py:840} INFO - DAG(s) 'sus_pipeline' retrieved from /opt/airflow/dags/sus_pipeline.py
[2026-04-29T12:28:02.044+0000] {logging_mixin.py:188} INFO - [2026-04-29T12:28:02.043+0000] {dag.py:3036} INFO - Sync 1 DAGs
[2026-04-29T12:28:02.120+0000] {logging_mixin.py:188} INFO - [2026-04-29T12:28:02.119+0000] {dag.py:3823} INFO - Setting next_dagrun for sus_pipeline to 2026-04-01 00:00:00+00:00, run_after=2026-05-01 00:00:00+00:00
[2026-04-29T12:28:02.192+0000] {processor.py:183} INFO - Processing /opt/airflow/dags/sus_pipeline.py took 0.267 seconds
[2026-04-29T12:28:32.443+0000] {processor.py:161} INFO - Started process (PID=261) to work on /opt/airflow/dags/sus_pipeline.py
[2026-04-29T12:28:32.446+0000] {processor.py:830} INFO - Processing file /opt/airflow/dags/sus_pipeline.py for tasks to queue
[2026-04-29T12:28:32.447+0000] {logging_mixin.py:188} INFO - [2026-04-29T12:28:32.447+0000] {dagbag.py:538} INFO - Filling up the DagBag from /opt/airflow/dags/sus_pipeline.py
[2026-04-29T12:28:32.519+0000] {processor.py:840} INFO - DAG(s) 'sus_pipeline' retrieved from /opt/airflow/dags/sus_pipeline.py
[2026-04-29T12:28:32.593+0000] {logging_mixin.py:188} INFO - [2026-04-29T12:28:32.592+0000] {dag.py:3036} INFO - Sync 1 DAGs
[2026-04-29T12:28:32.684+0000] {logging_mixin.py:188} INFO - [2026-04-29T12:28:32.684+0000] {dag.py:3823} INFO - Setting next_dagrun for sus_pipeline to 2026-04-01 00:00:00+00:00, run_after=2026-05-01 00:00:00+00:00
[2026-04-29T12:28:32.737+0000] {processor.py:183} INFO - Processing /opt/airflow/dags/sus_pipeline.py took 0.333 seconds
[2026-04-29T12:29:03.143+0000] {processor.py:161} INFO - Started process (PID=266) to work on /opt/airflow/dags/sus_pipeline.py
[2026-04-29T12:29:03.145+0000] {processor.py:830} INFO - Processing file /opt/airflow/dags/sus_pipeline.py for tasks to queue
[2026-04-29T12:29:03.147+0000] {logging_mixin.py:188} INFO - [2026-04-29T12:29:03.147+0000] {dagbag.py:538} INFO - Filling up the DagBag from /opt/airflow/dags/sus_pipeline.py
[2026-04-29T12:29:03.181+0000] {processor.py:840} INFO - DAG(s) 'sus_pipeline' retrieved from /opt/airflow/dags/sus_pipeline.py
[2026-04-29T12:29:03.253+0000] {logging_mixin.py:188} INFO - [2026-04-29T12:29:03.252+0000] {dag.py:3036} INFO - Sync 1 DAGs
[2026-04-29T12:29:03.344+0000] {logging_mixin.py:188} INFO - [2026-04-29T12:29:03.344+0000] {dag.py:3823} INFO - Setting next_dagrun for sus_pipeline to 2026-04-01 00:00:00+00:00, run_after=2026-05-01 00:00:00+00:00
[2026-04-29T12:29:03.394+0000] {processor.py:183} INFO - Processing /opt/airflow/dags/sus_pipeline.py took 0.258 seconds
[2026-04-29T12:29:33.689+0000] {processor.py:161} INFO - Started process (PID=271) to work on /opt/airflow/dags/sus_pipeline.py
[2026-04-29T12:29:33.691+0000] {processor.py:830} INFO - Processing file /opt/airflow/dags/sus_pipeline.py for tasks to queue
[2026-04-29T12:29:33.692+0000] {logging_mixin.py:188} INFO - [2026-04-29T12:29:33.692+0000] {dagbag.py:538} INFO - Filling up the DagBag from /opt/airflow/dags/sus_pipeline.py
[2026-04-29T12:29:33.725+0000] {processor.py:840} INFO - DAG(s) 'sus_pipeline' retrieved from /opt/airflow/dags/sus_pipeline.py
[2026-04-29T12:29:33.783+0000] {logging_mixin.py:188} INFO - [2026-04-29T12:29:33.782+0000] {dag.py:3036} INFO - Sync 1 DAGs
[2026-04-29T12:29:33.836+0000] {logging_mixin.py:188} INFO - [2026-04-29T12:29:33.836+0000] {dag.py:3823} INFO - Setting next_dagrun for sus_pipeline to 2026-04-01 00:00:00+00:00, run_after=2026-05-01 00:00:00+00:00
[2026-04-29T12:29:33.873+0000] {processor.py:183} INFO - Processing /opt/airflow/dags/sus_pipeline.py took 0.190 seconds
[2026-04-29T12:30:04.254+0000] {processor.py:161} INFO - Started process (PID=276) to work on /opt/airflow/dags/sus_pipeline.py
[2026-04-29T12:30:04.256+0000] {processor.py:830} INFO - Processing file /opt/airflow/dags/sus_pipeline.py for tasks to queue
[2026-04-29T12:30:04.257+0000] {logging_mixin.py:188} INFO - [2026-04-29T12:30:04.257+0000] {dagbag.py:538} INFO - Filling up the DagBag from /opt/airflow/dags/sus_pipeline.py
[2026-04-29T12:30:04.282+0000] {processor.py:840} INFO - DAG(s) 'sus_pipeline' retrieved from /opt/airflow/dags/sus_pipeline.py
[2026-04-29T12:30:04.345+0000] {logging_mixin.py:188} INFO - [2026-04-29T12:30:04.344+0000] {dag.py:3036} INFO - Sync 1 DAGs
[2026-04-29T12:30:04.391+0000] {logging_mixin.py:188} INFO - [2026-04-29T12:30:04.391+0000] {dag.py:3823} INFO - Setting next_dagrun for sus_pipeline to 2026-04-01 00:00:00+00:00, run_after=2026-05-01 00:00:00+00:00
[2026-04-29T12:30:04.434+0000] {processor.py:183} INFO - Processing /opt/airflow/dags/sus_pipeline.py took 0.186 seconds
[2026-04-29T12:30:34.962+0000] {processor.py:161} INFO - Started process (PID=281) to work on /opt/airflow/dags/sus_pipeline.py
[2026-04-29T12:30:34.964+0000] {processor.py:830} INFO - Processing file /opt/airflow/dags/sus_pipeline.py for tasks to queue
[2026-04-29T12:30:34.966+0000] {logging_mixin.py:188} INFO - [2026-04-29T12:30:34.965+0000] {dagbag.py:538} INFO - Filling up the DagBag from /opt/airflow/dags/sus_pipeline.py
[2026-04-29T12:30:34.997+0000] {processor.py:840} INFO - DAG(s) 'sus_pipeline' retrieved from /opt/airflow/dags/sus_pipeline.py
[2026-04-29T12:30:35.060+0000] {logging_mixin.py:188} INFO - [2026-04-29T12:30:35.059+0000] {dag.py:3036} INFO - Sync 1 DAGs
[2026-04-29T12:30:35.115+0000] {logging_mixin.py:188} INFO - [2026-04-29T12:30:35.114+0000] {dag.py:3823} INFO - Setting next_dagrun for sus_pipeline to 2026-04-01 00:00:00+00:00, run_after=2026-05-01 00:00:00+00:00
[2026-04-29T12:30:35.158+0000] {processor.py:183} INFO - Processing /opt/airflow/dags/sus_pipeline.py took 0.205 seconds
[2026-04-29T12:31:05.413+0000] {processor.py:161} INFO - Started process (PID=286) to work on /opt/airflow/dags/sus_pipeline.py
[2026-04-29T12:31:05.414+0000] {processor.py:830} INFO - Processing file /opt/airflow/dags/sus_pipeline.py for tasks to queue
[2026-04-29T12:31:05.414+0000] {logging_mixin.py:188} INFO - [2026-04-29T12:31:05.414+0000] {dagbag.py:538} INFO - Filling up the DagBag from /opt/airflow/dags/sus_pipeline.py
[2026-04-29T12:31:05.425+0000] {processor.py:840} INFO - DAG(s) 'sus_pipeline' retrieved from /opt/airflow/dags/sus_pipeline.py
[2026-04-29T12:31:05.447+0000] {logging_mixin.py:188} INFO - [2026-04-29T12:31:05.447+0000] {dag.py:3036} INFO - Sync 1 DAGs
[2026-04-29T12:31:05.468+0000] {logging_mixin.py:188} INFO - [2026-04-29T12:31:05.467+0000] {dag.py:3823} INFO - Setting next_dagrun for sus_pipeline to 2026-04-01 00:00:00+00:00, run_after=2026-05-01 00:00:00+00:00
[2026-04-29T12:31:05.486+0000] {processor.py:183} INFO - Processing /opt/airflow/dags/sus_pipeline.py took 0.076 seconds
[2026-04-29T12:31:35.688+0000] {processor.py:161} INFO - Started process (PID=291) to work on /opt/airflow/dags/sus_pipeline.py
[2026-04-29T12:31:35.689+0000] {processor.py:830} INFO - Processing file /opt/airflow/dags/sus_pipeline.py for tasks to queue
[2026-04-29T12:31:35.691+0000] {logging_mixin.py:188} INFO - [2026-04-29T12:31:35.690+0000] {dagbag.py:538} INFO - Filling up the DagBag from /opt/airflow/dags/sus_pipeline.py
[2026-04-29T12:31:35.711+0000] {processor.py:840} INFO - DAG(s) 'sus_pipeline' retrieved from /opt/airflow/dags/sus_pipeline.py
[2026-04-29T12:31:35.740+0000] {logging_mixin.py:188} INFO - [2026-04-29T12:31:35.740+0000] {dag.py:3036} INFO - Sync 1 DAGs
[2026-04-29T12:31:35.759+0000] {logging_mixin.py:188} INFO - [2026-04-29T12:31:35.758+0000] {dag.py:3823} INFO - Setting next_dagrun for sus_pipeline to 2026-04-01 00:00:00+00:00, run_after=2026-05-01 00:00:00+00:00
[2026-04-29T12:31:35.786+0000] {processor.py:183} INFO - Processing /opt/airflow/dags/sus_pipeline.py took 0.102 seconds
[2026-04-29T12:32:07.008+0000] {processor.py:161} INFO - Started process (PID=296) to work on /opt/airflow/dags/sus_pipeline.py
[2026-04-29T12:32:07.010+0000] {processor.py:830} INFO - Processing file /opt/airflow/dags/sus_pipeline.py for tasks to queue
[2026-04-29T12:32:07.011+0000] {logging_mixin.py:188} INFO - [2026-04-29T12:32:07.011+0000] {dagbag.py:538} INFO - Filling up the DagBag from /opt/airflow/dags/sus_pipeline.py
[2026-04-29T12:32:07.029+0000] {processor.py:840} INFO - DAG(s) 'sus_pipeline' retrieved from /opt/airflow/dags/sus_pipeline.py
[2026-04-29T12:32:07.061+0000] {logging_mixin.py:188} INFO - [2026-04-29T12:32:07.061+0000] {dag.py:3036} INFO - Sync 1 DAGs
[2026-04-29T12:32:07.100+0000] {logging_mixin.py:188} INFO - [2026-04-29T12:32:07.100+0000] {dag.py:3823} INFO - Setting next_dagrun for sus_pipeline to 2026-04-01 00:00:00+00:00, run_after=2026-05-01 00:00:00+00:00
[2026-04-29T12:32:07.128+0000] {processor.py:183} INFO - Processing /opt/airflow/dags/sus_pipeline.py took 0.124 seconds
[2026-04-29T12:32:37.179+0000] {processor.py:161} INFO - Started process (PID=301) to work on /opt/airflow/dags/sus_pipeline.py
[2026-04-29T12:32:37.180+0000] {processor.py:830} INFO - Processing file /opt/airflow/dags/sus_pipeline.py for tasks to queue
[2026-04-29T12:32:37.181+0000] {logging_mixin.py:188} INFO - [2026-04-29T12:32:37.181+0000] {dagbag.py:538} INFO - Filling up the DagBag from /opt/airflow/dags/sus_pipeline.py
[2026-04-29T12:32:37.190+0000] {processor.py:840} INFO - DAG(s) 'sus_pipeline' retrieved from /opt/airflow/dags/sus_pipeline.py
[2026-04-29T12:32:37.211+0000] {logging_mixin.py:188} INFO - [2026-04-29T12:32:37.211+0000] {dag.py:3036} INFO - Sync 1 DAGs
[2026-04-29T12:32:37.230+0000] {logging_mixin.py:188} INFO - [2026-04-29T12:32:37.230+0000] {dag.py:3823} INFO - Setting next_dagrun for sus_pipeline to 2026-04-01 00:00:00+00:00, run_after=2026-05-01 00:00:00+00:00
[2026-04-29T12:32:37.244+0000] {processor.py:183} INFO - Processing /opt/airflow/dags/sus_pipeline.py took 0.068 seconds
[2026-04-29T12:33:07.416+0000] {processor.py:161} INFO - Started process (PID=306) to work on /opt/airflow/dags/sus_pipeline.py
[2026-04-29T12:33:07.418+0000] {processor.py:830} INFO - Processing file /opt/airflow/dags/sus_pipeline.py for tasks to queue
[2026-04-29T12:33:07.419+0000] {logging_mixin.py:188} INFO - [2026-04-29T12:33:07.419+0000] {dagbag.py:538} INFO - Filling up the DagBag from /opt/airflow/dags/sus_pipeline.py
[2026-04-29T12:33:07.434+0000] {processor.py:840} INFO - DAG(s) 'sus_pipeline' retrieved from /opt/airflow/dags/sus_pipeline.py
[2026-04-29T12:33:07.459+0000] {logging_mixin.py:188} INFO - [2026-04-29T12:33:07.459+0000] {dag.py:3036} INFO - Sync 1 DAGs
[2026-04-29T12:33:07.482+0000] {logging_mixin.py:188} INFO - [2026-04-29T12:33:07.482+0000] {dag.py:3823} INFO - Setting next_dagrun for sus_pipeline to 2026-04-01 00:00:00+00:00, run_after=2026-05-01 00:00:00+00:00
[2026-04-29T12:33:07.502+0000] {processor.py:183} INFO - Processing /opt/airflow/dags/sus_pipeline.py took 0.090 seconds
[2026-04-29T12:33:37.699+0000] {processor.py:161} INFO - Started process (PID=311) to work on /opt/airflow/dags/sus_pipeline.py
[2026-04-29T12:33:37.700+0000] {processor.py:830} INFO - Processing file /opt/airflow/dags/sus_pipeline.py for tasks to queue
[2026-04-29T12:33:37.701+0000] {logging_mixin.py:188} INFO - [2026-04-29T12:33:37.700+0000] {dagbag.py:538} INFO - Filling up the DagBag from /opt/airflow/dags/sus_pipeline.py
[2026-04-29T12:33:37.711+0000] {processor.py:840} INFO - DAG(s) 'sus_pipeline' retrieved from /opt/airflow/dags/sus_pipeline.py
[2026-04-29T12:33:37.734+0000] {logging_mixin.py:188} INFO - [2026-04-29T12:33:37.734+0000] {dag.py:3036} INFO - Sync 1 DAGs
[2026-04-29T12:33:37.758+0000] {logging_mixin.py:188} INFO - [2026-04-29T12:33:37.758+0000] {dag.py:3823} INFO - Setting next_dagrun for sus_pipeline to 2026-04-01 00:00:00+00:00, run_after=2026-05-01 00:00:00+00:00
[2026-04-29T12:33:37.779+0000] {processor.py:183} INFO - Processing /opt/airflow/dags/sus_pipeline.py took 0.083 seconds
[2026-04-29T12:34:07.957+0000] {processor.py:161} INFO - Started process (PID=316) to work on /opt/airflow/dags/sus_pipeline.py
[2026-04-29T12:34:07.960+0000] {processor.py:830} INFO - Processing file /opt/airflow/dags/sus_pipeline.py for tasks to queue
[2026-04-29T12:34:07.961+0000] {logging_mixin.py:188} INFO - [2026-04-29T12:34:07.961+0000] {dagbag.py:538} INFO - Filling up the DagBag from /opt/airflow/dags/sus_pipeline.py
[2026-04-29T12:34:07.976+0000] {processor.py:840} INFO - DAG(s) 'sus_pipeline' retrieved from /opt/airflow/dags/sus_pipeline.py
[2026-04-29T12:34:08.011+0000] {logging_mixin.py:188} INFO - [2026-04-29T12:34:08.010+0000] {dag.py:3036} INFO - Sync 1 DAGs
[2026-04-29T12:34:08.033+0000] {logging_mixin.py:188} INFO - [2026-04-29T12:34:08.033+0000] {dag.py:3823} INFO - Setting next_dagrun for sus_pipeline to 2026-04-01 00:00:00+00:00, run_after=2026-05-01 00:00:00+00:00
[2026-04-29T12:34:08.053+0000] {processor.py:183} INFO - Processing /opt/airflow/dags/sus_pipeline.py took 0.101 seconds
[2026-04-29T12:34:38.245+0000] {processor.py:161} INFO - Started process (PID=321) to work on /opt/airflow/dags/sus_pipeline.py
[2026-04-29T12:34:38.246+0000] {processor.py:830} INFO - Processing file /opt/airflow/dags/sus_pipeline.py for tasks to queue
[2026-04-29T12:34:38.247+0000] {logging_mixin.py:188} INFO - [2026-04-29T12:34:38.247+0000] {dagbag.py:538} INFO - Filling up the DagBag from /opt/airflow/dags/sus_pipeline.py
[2026-04-29T12:34:38.256+0000] {processor.py:840} INFO - DAG(s) 'sus_pipeline' retrieved from /opt/airflow/dags/sus_pipeline.py
[2026-04-29T12:34:38.287+0000] {logging_mixin.py:188} INFO - [2026-04-29T12:34:38.287+0000] {dag.py:3036} INFO - Sync 1 DAGs
[2026-04-29T12:34:38.312+0000] {logging_mixin.py:188} INFO - [2026-04-29T12:34:38.312+0000] {dag.py:3823} INFO - Setting next_dagrun for sus_pipeline to 2026-04-01 00:00:00+00:00, run_after=2026-05-01 00:00:00+00:00
[2026-04-29T12:34:38.333+0000] {processor.py:183} INFO - Processing /opt/airflow/dags/sus_pipeline.py took 0.091 seconds
[2026-04-29T12:35:08.495+0000] {processor.py:161} INFO - Started process (PID=326) to work on /opt/airflow/dags/sus_pipeline.py
[2026-04-29T12:35:08.496+0000] {processor.py:830} INFO - Processing file /opt/airflow/dags/sus_pipeline.py for tasks to queue
[2026-04-29T12:35:08.497+0000] {logging_mixin.py:188} INFO - [2026-04-29T12:35:08.497+0000] {dagbag.py:538} INFO - Filling up the DagBag from /opt/airflow/dags/sus_pipeline.py
[2026-04-29T12:35:08.505+0000] {processor.py:840} INFO - DAG(s) 'sus_pipeline' retrieved from /opt/airflow/dags/sus_pipeline.py
[2026-04-29T12:35:08.529+0000] {logging_mixin.py:188} INFO - [2026-04-29T12:35:08.529+0000] {dag.py:3036} INFO - Sync 1 DAGs
[2026-04-29T12:35:08.546+0000] {logging_mixin.py:188} INFO - [2026-04-29T12:35:08.546+0000] {dag.py:3823} INFO - Setting next_dagrun for sus_pipeline to 2026-04-01 00:00:00+00:00, run_after=2026-05-01 00:00:00+00:00
[2026-04-29T12:35:08.560+0000] {processor.py:183} INFO - Processing /opt/airflow/dags/sus_pipeline.py took 0.067 seconds
[2026-04-29T12:35:38.761+0000] {processor.py:161} INFO - Started process (PID=331) to work on /opt/airflow/dags/sus_pipeline.py
[2026-04-29T12:35:38.762+0000] {processor.py:830} INFO - Processing file /opt/airflow/dags/sus_pipeline.py for tasks to queue
[2026-04-29T12:35:38.763+0000] {logging_mixin.py:188} INFO - [2026-04-29T12:35:38.763+0000] {dagbag.py:538} INFO - Filling up the DagBag from /opt/airflow/dags/sus_pipeline.py
[2026-04-29T12:35:38.775+0000] {processor.py:840} INFO - DAG(s) 'sus_pipeline' retrieved from /opt/airflow/dags/sus_pipeline.py
[2026-04-29T12:35:38.802+0000] {logging_mixin.py:188} INFO - [2026-04-29T12:35:38.801+0000] {dag.py:3036} INFO - Sync 1 DAGs
[2026-04-29T12:35:38.834+0000] {logging_mixin.py:188} INFO - [2026-04-29T12:35:38.833+0000] {dag.py:3823} INFO - Setting next_dagrun for sus_pipeline to 2026-04-01 00:00:00+00:00, run_after=2026-05-01 00:00:00+00:00
[2026-04-29T12:35:38.856+0000] {processor.py:183} INFO - Processing /opt/airflow/dags/sus_pipeline.py took 0.099 seconds
[2026-04-29T12:36:08.984+0000] {processor.py:161} INFO - Started process (PID=336) to work on /opt/airflow/dags/sus_pipeline.py
[2026-04-29T12:36:08.986+0000] {processor.py:830} INFO - Processing file /opt/airflow/dags/sus_pipeline.py for tasks to queue
[2026-04-29T12:36:08.987+0000] {logging_mixin.py:188} INFO - [2026-04-29T12:36:08.987+0000] {dagbag.py:538} INFO - Filling up the DagBag from /opt/airflow/dags/sus_pipeline.py
[2026-04-29T12:36:08.998+0000] {processor.py:840} INFO - DAG(s) 'sus_pipeline' retrieved from /opt/airflow/dags/sus_pipeline.py
[2026-04-29T12:36:09.038+0000] {logging_mixin.py:188} INFO - [2026-04-29T12:36:09.038+0000] {dag.py:3036} INFO - Sync 1 DAGs
[2026-04-29T12:36:09.064+0000] {logging_mixin.py:188} INFO - [2026-04-29T12:36:09.064+0000] {dag.py:3823} INFO - Setting next_dagrun for sus_pipeline to 2026-04-01 00:00:00+00:00, run_after=2026-05-01 00:00:00+00:00
[2026-04-29T12:36:09.084+0000] {processor.py:183} INFO - Processing /opt/airflow/dags/sus_pipeline.py took 0.107 seconds
[2026-04-29T12:36:41.312+0000] {processor.py:161} INFO - Started process (PID=341) to work on /opt/airflow/dags/sus_pipeline.py
[2026-04-29T12:36:41.313+0000] {processor.py:830} INFO - Processing file /opt/airflow/dags/sus_pipeline.py for tasks to queue
[2026-04-29T12:36:41.314+0000] {logging_mixin.py:188} INFO - [2026-04-29T12:36:41.314+0000] {dagbag.py:538} INFO - Filling up the DagBag from /opt/airflow/dags/sus_pipeline.py
[2026-04-29T12:36:41.326+0000] {processor.py:840} INFO - DAG(s) 'sus_pipeline' retrieved from /opt/airflow/dags/sus_pipeline.py
[2026-04-29T12:36:41.354+0000] {logging_mixin.py:188} INFO - [2026-04-29T12:36:41.354+0000] {dag.py:3036} INFO - Sync 1 DAGs
[2026-04-29T12:36:41.376+0000] {logging_mixin.py:188} INFO - [2026-04-29T12:36:41.375+0000] {dag.py:3823} INFO - Setting next_dagrun for sus_pipeline to 2026-04-01 00:00:00+00:00, run_after=2026-05-01 00:00:00+00:00
[2026-04-29T12:36:41.396+0000] {processor.py:183} INFO - Processing /opt/airflow/dags/sus_pipeline.py took 0.091 seconds
[2026-04-29T12:37:11.546+0000] {processor.py:161} INFO - Started process (PID=346) to work on /opt/airflow/dags/sus_pipeline.py
[2026-04-29T12:37:11.547+0000] {processor.py:830} INFO - Processing file /opt/airflow/dags/sus_pipeline.py for tasks to queue
[2026-04-29T12:37:11.548+0000] {logging_mixin.py:188} INFO - [2026-04-29T12:37:11.548+0000] {dagbag.py:538} INFO - Filling up the DagBag from /opt/airflow/dags/sus_pipeline.py
[2026-04-29T12:37:11.563+0000] {processor.py:840} INFO - DAG(s) 'sus_pipeline' retrieved from /opt/airflow/dags/sus_pipeline.py
[2026-04-29T12:37:11.598+0000] {logging_mixin.py:188} INFO - [2026-04-29T12:37:11.597+0000] {dag.py:3036} INFO - Sync 1 DAGs
[2026-04-29T12:37:11.623+0000] {logging_mixin.py:188} INFO - [2026-04-29T12:37:11.623+0000] {dag.py:3823} INFO - Setting next_dagrun for sus_pipeline to 2026-04-01 00:00:00+00:00, run_after=2026-05-01 00:00:00+00:00
[2026-04-29T12:37:11.640+0000] {processor.py:183} INFO - Processing /opt/airflow/dags/sus_pipeline.py took 0.099 seconds
[2026-04-29T12:37:41.797+0000] {processor.py:161} INFO - Started process (PID=351) to work on /opt/airflow/dags/sus_pipeline.py
[2026-04-29T12:37:41.799+0000] {processor.py:830} INFO - Processing file /opt/airflow/dags/sus_pipeline.py for tasks to queue
[2026-04-29T12:37:41.799+0000] {logging_mixin.py:188} INFO - [2026-04-29T12:37:41.799+0000] {dagbag.py:538} INFO - Filling up the DagBag from /opt/airflow/dags/sus_pipeline.py
[2026-04-29T12:37:41.811+0000] {processor.py:840} INFO - DAG(s) 'sus_pipeline' retrieved from /opt/airflow/dags/sus_pipeline.py
[2026-04-29T12:37:41.840+0000] {logging_mixin.py:188} INFO - [2026-04-29T12:37:41.840+0000] {dag.py:3036} INFO - Sync 1 DAGs
[2026-04-29T12:37:41.864+0000] {logging_mixin.py:188} INFO - [2026-04-29T12:37:41.864+0000] {dag.py:3823} INFO - Setting next_dagrun for sus_pipeline to 2026-04-01 00:00:00+00:00, run_after=2026-05-01 00:00:00+00:00
[2026-04-29T12:37:41.883+0000] {processor.py:183} INFO - Processing /opt/airflow/dags/sus_pipeline.py took 0.090 seconds
[2026-04-29T12:38:12.130+0000] {processor.py:161} INFO - Started process (PID=356) to work on /opt/airflow/dags/sus_pipeline.py
[2026-04-29T12:38:12.131+0000] {processor.py:830} INFO - Processing file /opt/airflow/dags/sus_pipeline.py for tasks to queue
[2026-04-29T12:38:12.132+0000] {logging_mixin.py:188} INFO - [2026-04-29T12:38:12.132+0000] {dagbag.py:538} INFO - Filling up the DagBag from /opt/airflow/dags/sus_pipeline.py
[2026-04-29T12:38:12.169+0000] {processor.py:840} INFO - DAG(s) 'sus_pipeline' retrieved from /opt/airflow/dags/sus_pipeline.py
[2026-04-29T12:38:12.192+0000] {logging_mixin.py:188} INFO - [2026-04-29T12:38:12.192+0000] {dag.py:3036} INFO - Sync 1 DAGs
[2026-04-29T12:38:12.213+0000] {logging_mixin.py:188} INFO - [2026-04-29T12:38:12.213+0000] {dag.py:3823} INFO - Setting next_dagrun for sus_pipeline to 2026-04-01 00:00:00+00:00, run_after=2026-05-01 00:00:00+00:00
[2026-04-29T12:38:12.235+0000] {processor.py:183} INFO - Processing /opt/airflow/dags/sus_pipeline.py took 0.107 seconds
[2026-04-29T12:38:42.617+0000] {processor.py:161} INFO - Started process (PID=361) to work on /opt/airflow/dags/sus_pipeline.py
[2026-04-29T12:38:42.627+0000] {processor.py:830} INFO - Processing file /opt/airflow/dags/sus_pipeline.py for tasks to queue
[2026-04-29T12:38:42.641+0000] {logging_mixin.py:188} INFO - [2026-04-29T12:38:42.637+0000] {dagbag.py:538} INFO - Filling up the DagBag from /opt/airflow/dags/sus_pipeline.py
[2026-04-29T12:38:42.735+0000] {processor.py:840} INFO - DAG(s) 'sus_pipeline' retrieved from /opt/airflow/dags/sus_pipeline.py
[2026-04-29T12:38:42.844+0000] {logging_mixin.py:188} INFO - [2026-04-29T12:38:42.844+0000] {dag.py:3036} INFO - Sync 1 DAGs
[2026-04-29T12:38:42.898+0000] {logging_mixin.py:188} INFO - [2026-04-29T12:38:42.898+0000] {dag.py:3823} INFO - Setting next_dagrun for sus_pipeline to 2026-04-01 00:00:00+00:00, run_after=2026-05-01 00:00:00+00:00
[2026-04-29T12:38:43.004+0000] {processor.py:183} INFO - Processing /opt/airflow/dags/sus_pipeline.py took 0.407 seconds
[2026-04-29T12:39:13.214+0000] {processor.py:161} INFO - Started process (PID=366) to work on /opt/airflow/dags/sus_pipeline.py
[2026-04-29T12:39:13.220+0000] {processor.py:830} INFO - Processing file /opt/airflow/dags/sus_pipeline.py for tasks to queue
[2026-04-29T12:39:13.228+0000] {logging_mixin.py:188} INFO - [2026-04-29T12:39:13.226+0000] {dagbag.py:538} INFO - Filling up the DagBag from /opt/airflow/dags/sus_pipeline.py
[2026-04-29T12:39:13.251+0000] {processor.py:840} INFO - DAG(s) 'sus_pipeline' retrieved from /opt/airflow/dags/sus_pipeline.py
[2026-04-29T12:39:13.280+0000] {logging_mixin.py:188} INFO - [2026-04-29T12:39:13.280+0000] {dag.py:3036} INFO - Sync 1 DAGs
[2026-04-29T12:39:13.306+0000] {logging_mixin.py:188} INFO - [2026-04-29T12:39:13.306+0000] {dag.py:3823} INFO - Setting next_dagrun for sus_pipeline to 2026-04-01 00:00:00+00:00, run_after=2026-05-01 00:00:00+00:00
[2026-04-29T12:39:13.327+0000] {processor.py:183} INFO - Processing /opt/airflow/dags/sus_pipeline.py took 0.118 seconds
[2026-04-29T12:39:43.393+0000] {processor.py:161} INFO - Started process (PID=371) to work on /opt/airflow/dags/sus_pipeline.py
[2026-04-29T12:39:43.394+0000] {processor.py:830} INFO - Processing file /opt/airflow/dags/sus_pipeline.py for tasks to queue
[2026-04-29T12:39:43.395+0000] {logging_mixin.py:188} INFO - [2026-04-29T12:39:43.395+0000] {dagbag.py:538} INFO - Filling up the DagBag from /opt/airflow/dags/sus_pipeline.py
[2026-04-29T12:39:43.409+0000] {processor.py:840} INFO - DAG(s) 'sus_pipeline' retrieved from /opt/airflow/dags/sus_pipeline.py
[2026-04-29T12:39:43.431+0000] {logging_mixin.py:188} INFO - [2026-04-29T12:39:43.431+0000] {dag.py:3036} INFO - Sync 1 DAGs
[2026-04-29T12:39:43.455+0000] {logging_mixin.py:188} INFO - [2026-04-29T12:39:43.454+0000] {dag.py:3823} INFO - Setting next_dagrun for sus_pipeline to 2026-04-01 00:00:00+00:00, run_after=2026-05-01 00:00:00+00:00
[2026-04-29T12:39:43.480+0000] {processor.py:183} INFO - Processing /opt/airflow/dags/sus_pipeline.py took 0.091 seconds
[2026-04-29T12:40:13.751+0000] {processor.py:161} INFO - Started process (PID=376) to work on /opt/airflow/dags/sus_pipeline.py
[2026-04-29T12:40:13.752+0000] {processor.py:830} INFO - Processing file /opt/airflow/dags/sus_pipeline.py for tasks to queue
[2026-04-29T12:40:13.754+0000] {logging_mixin.py:188} INFO - [2026-04-29T12:40:13.753+0000] {dagbag.py:538} INFO - Filling up the DagBag from /opt/airflow/dags/sus_pipeline.py
[2026-04-29T12:40:13.774+0000] {processor.py:840} INFO - DAG(s) 'sus_pipeline' retrieved from /opt/airflow/dags/sus_pipeline.py
[2026-04-29T12:40:13.801+0000] {logging_mixin.py:188} INFO - [2026-04-29T12:40:13.801+0000] {dag.py:3036} INFO - Sync 1 DAGs
[2026-04-29T12:40:13.825+0000] {logging_mixin.py:188} INFO - [2026-04-29T12:40:13.825+0000] {dag.py:3823} INFO - Setting next_dagrun for sus_pipeline to 2026-04-01 00:00:00+00:00, run_after=2026-05-01 00:00:00+00:00
[2026-04-29T12:40:13.846+0000] {processor.py:183} INFO - Processing /opt/airflow/dags/sus_pipeline.py took 0.103 seconds
[2026-04-29T12:40:44.094+0000] {processor.py:161} INFO - Started process (PID=381) to work on /opt/airflow/dags/sus_pipeline.py
[2026-04-29T12:40:44.096+0000] {processor.py:830} INFO - Processing file /opt/airflow/dags/sus_pipeline.py for tasks to queue
[2026-04-29T12:40:44.096+0000] {logging_mixin.py:188} INFO - [2026-04-29T12:40:44.096+0000] {dagbag.py:538} INFO - Filling up the DagBag from /opt/airflow/dags/sus_pipeline.py
[2026-04-29T12:40:44.108+0000] {processor.py:840} INFO - DAG(s) 'sus_pipeline' retrieved from /opt/airflow/dags/sus_pipeline.py
[2026-04-29T12:40:44.136+0000] {logging_mixin.py:188} INFO - [2026-04-29T12:40:44.136+0000] {dag.py:3036} INFO - Sync 1 DAGs
[2026-04-29T12:40:44.189+0000] {logging_mixin.py:188} INFO - [2026-04-29T12:40:44.189+0000] {dag.py:3823} INFO - Setting next_dagrun for sus_pipeline to 2026-04-01 00:00:00+00:00, run_after=2026-05-01 00:00:00+00:00
[2026-04-29T12:40:44.220+0000] {processor.py:183} INFO - Processing /opt/airflow/dags/sus_pipeline.py took 0.128 seconds
[2026-04-29T12:41:16.403+0000] {processor.py:161} INFO - Started process (PID=386) to work on /opt/airflow/dags/sus_pipeline.py
[2026-04-29T12:41:16.404+0000] {processor.py:830} INFO - Processing file /opt/airflow/dags/sus_pipeline.py for tasks to queue
[2026-04-29T12:41:16.406+0000] {logging_mixin.py:188} INFO - [2026-04-29T12:41:16.404+0000] {dagbag.py:538} INFO - Filling up the DagBag from /opt/airflow/dags/sus_pipeline.py
[2026-04-29T12:41:16.422+0000] {processor.py:840} INFO - DAG(s) 'sus_pipeline' retrieved from /opt/airflow/dags/sus_pipeline.py
[2026-04-29T12:41:16.454+0000] {logging_mixin.py:188} INFO - [2026-04-29T12:41:16.454+0000] {dag.py:3036} INFO - Sync 1 DAGs
[2026-04-29T12:41:16.480+0000] {logging_mixin.py:188} INFO - [2026-04-29T12:41:16.479+0000] {dag.py:3823} INFO - Setting next_dagrun for sus_pipeline to 2026-04-01 00:00:00+00:00, run_after=2026-05-01 00:00:00+00:00
[2026-04-29T12:41:16.501+0000] {processor.py:183} INFO - Processing /opt/airflow/dags/sus_pipeline.py took 0.103 seconds
[2026-04-29T12:41:46.697+0000] {processor.py:161} INFO - Started process (PID=391) to work on /opt/airflow/dags/sus_pipeline.py
[2026-04-29T12:41:46.698+0000] {processor.py:830} INFO - Processing file /opt/airflow/dags/sus_pipeline.py for tasks to queue
[2026-04-29T12:41:46.699+0000] {logging_mixin.py:188} INFO - [2026-04-29T12:41:46.699+0000] {dagbag.py:538} INFO - Filling up the DagBag from /opt/airflow/dags/sus_pipeline.py
[2026-04-29T12:41:46.709+0000] {processor.py:840} INFO - DAG(s) 'sus_pipeline' retrieved from /opt/airflow/dags/sus_pipeline.py
[2026-04-29T12:41:46.740+0000] {logging_mixin.py:188} INFO - [2026-04-29T12:41:46.739+0000] {dag.py:3036} INFO - Sync 1 DAGs
[2026-04-29T12:41:46.760+0000] {logging_mixin.py:188} INFO - [2026-04-29T12:41:46.760+0000] {dag.py:3823} INFO - Setting next_dagrun for sus_pipeline to 2026-04-01 00:00:00+00:00, run_after=2026-05-01 00:00:00+00:00
[2026-04-29T12:41:46.777+0000] {processor.py:183} INFO - Processing /opt/airflow/dags/sus_pipeline.py took 0.083 seconds
[2026-04-29T12:42:17.024+0000] {processor.py:161} INFO - Started process (PID=396) to work on /opt/airflow/dags/sus_pipeline.py
[2026-04-29T12:42:17.025+0000] {processor.py:830} INFO - Processing file /opt/airflow/dags/sus_pipeline.py for tasks to queue
[2026-04-29T12:42:17.026+0000] {logging_mixin.py:188} INFO - [2026-04-29T12:42:17.026+0000] {dagbag.py:538} INFO - Filling up the DagBag from /opt/airflow/dags/sus_pipeline.py
[2026-04-29T12:42:17.046+0000] {processor.py:840} INFO - DAG(s) 'sus_pipeline' retrieved from /opt/airflow/dags/sus_pipeline.py
[2026-04-29T12:42:17.092+0000] {logging_mixin.py:188} INFO - [2026-04-29T12:42:17.092+0000] {dag.py:3036} INFO - Sync 1 DAGs
[2026-04-29T12:42:17.131+0000] {logging_mixin.py:188} INFO - [2026-04-29T12:42:17.131+0000] {dag.py:3823} INFO - Setting next_dagrun for sus_pipeline to 2026-04-01 00:00:00+00:00, run_after=2026-05-01 00:00:00+00:00
[2026-04-29T12:42:17.161+0000] {processor.py:183} INFO - Processing /opt/airflow/dags/sus_pipeline.py took 0.145 seconds
[2026-04-29T12:42:47.273+0000] {processor.py:161} INFO - Started process (PID=401) to work on /opt/airflow/dags/sus_pipeline.py
[2026-04-29T12:42:47.274+0000] {processor.py:830} INFO - Processing file /opt/airflow/dags/sus_pipeline.py for tasks to queue
[2026-04-29T12:42:47.275+0000] {logging_mixin.py:188} INFO - [2026-04-29T12:42:47.275+0000] {dagbag.py:538} INFO - Filling up the DagBag from /opt/airflow/dags/sus_pipeline.py
[2026-04-29T12:42:47.289+0000] {processor.py:840} INFO - DAG(s) 'sus_pipeline' retrieved from /opt/airflow/dags/sus_pipeline.py
[2026-04-29T12:42:47.331+0000] {logging_mixin.py:188} INFO - [2026-04-29T12:42:47.331+0000] {dag.py:3036} INFO - Sync 1 DAGs
[2026-04-29T12:42:47.359+0000] {logging_mixin.py:188} INFO - [2026-04-29T12:42:47.359+0000] {dag.py:3823} INFO - Setting next_dagrun for sus_pipeline to 2026-04-01 00:00:00+00:00, run_after=2026-05-01 00:00:00+00:00
[2026-04-29T12:42:47.383+0000] {processor.py:183} INFO - Processing /opt/airflow/dags/sus_pipeline.py took 0.115 seconds
[2026-04-29T12:43:17.818+0000] {processor.py:161} INFO - Started process (PID=406) to work on /opt/airflow/dags/sus_pipeline.py
[2026-04-29T12:43:17.819+0000] {processor.py:830} INFO - Processing file /opt/airflow/dags/sus_pipeline.py for tasks to queue
[2026-04-29T12:43:17.820+0000] {logging_mixin.py:188} INFO - [2026-04-29T12:43:17.820+0000] {dagbag.py:538} INFO - Filling up the DagBag from /opt/airflow/dags/sus_pipeline.py
[2026-04-29T12:43:17.830+0000] {processor.py:840} INFO - DAG(s) 'sus_pipeline' retrieved from /opt/airflow/dags/sus_pipeline.py
[2026-04-29T12:43:17.857+0000] {logging_mixin.py:188} INFO - [2026-04-29T12:43:17.856+0000] {dag.py:3036} INFO - Sync 1 DAGs
[2026-04-29T12:43:17.874+0000] {logging_mixin.py:188} INFO - [2026-04-29T12:43:17.874+0000] {dag.py:3823} INFO - Setting next_dagrun for sus_pipeline to 2026-04-01 00:00:00+00:00, run_after=2026-05-01 00:00:00+00:00
[2026-04-29T12:43:17.890+0000] {processor.py:183} INFO - Processing /opt/airflow/dags/sus_pipeline.py took 0.078 seconds
[2026-04-29T12:43:48.351+0000] {processor.py:161} INFO - Started process (PID=411) to work on /opt/airflow/dags/sus_pipeline.py
[2026-04-29T12:43:48.352+0000] {processor.py:830} INFO - Processing file /opt/airflow/dags/sus_pipeline.py for tasks to queue
[2026-04-29T12:43:48.353+0000] {logging_mixin.py:188} INFO - [2026-04-29T12:43:48.352+0000] {dagbag.py:538} INFO - Filling up the DagBag from /opt/airflow/dags/sus_pipeline.py
[2026-04-29T12:43:48.367+0000] {processor.py:840} INFO - DAG(s) 'sus_pipeline' retrieved from /opt/airflow/dags/sus_pipeline.py
[2026-04-29T12:43:48.391+0000] {logging_mixin.py:188} INFO - [2026-04-29T12:43:48.391+0000] {dag.py:3036} INFO - Sync 1 DAGs
[2026-04-29T12:43:48.415+0000] {logging_mixin.py:188} INFO - [2026-04-29T12:43:48.415+0000] {dag.py:3823} INFO - Setting next_dagrun for sus_pipeline to 2026-04-01 00:00:00+00:00, run_after=2026-05-01 00:00:00+00:00
[2026-04-29T12:43:48.436+0000] {processor.py:183} INFO - Processing /opt/airflow/dags/sus_pipeline.py took 0.088 seconds
[2026-04-29T12:44:18.749+0000] {processor.py:161} INFO - Started process (PID=416) to work on /opt/airflow/dags/sus_pipeline.py
[2026-04-29T12:44:18.750+0000] {processor.py:830} INFO - Processing file /opt/airflow/dags/sus_pipeline.py for tasks to queue
[2026-04-29T12:44:18.751+0000] {logging_mixin.py:188} INFO - [2026-04-29T12:44:18.751+0000] {dagbag.py:538} INFO - Filling up the DagBag from /opt/airflow/dags/sus_pipeline.py
[2026-04-29T12:44:18.763+0000] {processor.py:840} INFO - DAG(s) 'sus_pipeline' retrieved from /opt/airflow/dags/sus_pipeline.py
[2026-04-29T12:44:18.788+0000] {logging_mixin.py:188} INFO - [2026-04-29T12:44:18.787+0000] {dag.py:3036} INFO - Sync 1 DAGs
[2026-04-29T12:44:18.808+0000] {logging_mixin.py:188} INFO - [2026-04-29T12:44:18.808+0000] {dag.py:3823} INFO - Setting next_dagrun for sus_pipeline to 2026-04-01 00:00:00+00:00, run_after=2026-05-01 00:00:00+00:00
[2026-04-29T12:44:18.832+0000] {processor.py:183} INFO - Processing /opt/airflow/dags/sus_pipeline.py took 0.088 seconds
[2026-04-29T12:44:49.200+0000] {processor.py:161} INFO - Started process (PID=421) to work on /opt/airflow/dags/sus_pipeline.py
[2026-04-29T12:44:49.202+0000] {processor.py:830} INFO - Processing file /opt/airflow/dags/sus_pipeline.py for tasks to queue
[2026-04-29T12:44:49.203+0000] {logging_mixin.py:188} INFO - [2026-04-29T12:44:49.203+0000] {dagbag.py:538} INFO - Filling up the DagBag from /opt/airflow/dags/sus_pipeline.py
[2026-04-29T12:44:49.215+0000] {processor.py:840} INFO - DAG(s) 'sus_pipeline' retrieved from /opt/airflow/dags/sus_pipeline.py
[2026-04-29T12:44:49.244+0000] {logging_mixin.py:188} INFO - [2026-04-29T12:44:49.244+0000] {dag.py:3036} INFO - Sync 1 DAGs
[2026-04-29T12:44:49.264+0000] {logging_mixin.py:188} INFO - [2026-04-29T12:44:49.264+0000] {dag.py:3823} INFO - Setting next_dagrun for sus_pipeline to 2026-04-01 00:00:00+00:00, run_after=2026-05-01 00:00:00+00:00
[2026-04-29T12:44:49.279+0000] {processor.py:183} INFO - Processing /opt/airflow/dags/sus_pipeline.py took 0.086 seconds
[2026-04-29T12:45:19.742+0000] {processor.py:161} INFO - Started process (PID=426) to work on /opt/airflow/dags/sus_pipeline.py
[2026-04-29T12:45:19.743+0000] {processor.py:830} INFO - Processing file /opt/airflow/dags/sus_pipeline.py for tasks to queue
[2026-04-29T12:45:19.743+0000] {logging_mixin.py:188} INFO - [2026-04-29T12:45:19.743+0000] {dagbag.py:538} INFO - Filling up the DagBag from /opt/airflow/dags/sus_pipeline.py
[2026-04-29T12:45:19.753+0000] {processor.py:840} INFO - DAG(s) 'sus_pipeline' retrieved from /opt/airflow/dags/sus_pipeline.py
[2026-04-29T12:45:19.789+0000] {logging_mixin.py:188} INFO - [2026-04-29T12:45:19.789+0000] {dag.py:3036} INFO - Sync 1 DAGs
[2026-04-29T12:45:19.820+0000] {logging_mixin.py:188} INFO - [2026-04-29T12:45:19.820+0000] {dag.py:3823} INFO - Setting next_dagrun for sus_pipeline to 2026-04-01 00:00:00+00:00, run_after=2026-05-01 00:00:00+00:00
[2026-04-29T12:45:19.839+0000] {processor.py:183} INFO - Processing /opt/airflow/dags/sus_pipeline.py took 0.101 seconds
[2026-04-29T12:45:52.284+0000] {processor.py:161} INFO - Started process (PID=431) to work on /opt/airflow/dags/sus_pipeline.py
[2026-04-29T12:45:52.288+0000] {processor.py:830} INFO - Processing file /opt/airflow/dags/sus_pipeline.py for tasks to queue
[2026-04-29T12:45:52.290+0000] {logging_mixin.py:188} INFO - [2026-04-29T12:45:52.289+0000] {dagbag.py:538} INFO - Filling up the DagBag from /opt/airflow/dags/sus_pipeline.py
[2026-04-29T12:45:52.310+0000] {processor.py:840} INFO - DAG(s) 'sus_pipeline' retrieved from /opt/airflow/dags/sus_pipeline.py
[2026-04-29T12:45:52.350+0000] {logging_mixin.py:188} INFO - [2026-04-29T12:45:52.350+0000] {dag.py:3036} INFO - Sync 1 DAGs
[2026-04-29T12:45:52.377+0000] {logging_mixin.py:188} INFO - [2026-04-29T12:45:52.377+0000] {dag.py:3823} INFO - Setting next_dagrun for sus_pipeline to 2026-04-01 00:00:00+00:00, run_after=2026-05-01 00:00:00+00:00
[2026-04-29T12:45:52.402+0000] {processor.py:183} INFO - Processing /opt/airflow/dags/sus_pipeline.py took 0.126 seconds
[2026-04-29T12:46:22.555+0000] {processor.py:161} INFO - Started process (PID=436) to work on /opt/airflow/dags/sus_pipeline.py
[2026-04-29T12:46:22.556+0000] {processor.py:830} INFO - Processing file /opt/airflow/dags/sus_pipeline.py for tasks to queue
[2026-04-29T12:46:22.557+0000] {logging_mixin.py:188} INFO - [2026-04-29T12:46:22.557+0000] {dagbag.py:538} INFO - Filling up the DagBag from /opt/airflow/dags/sus_pipeline.py
[2026-04-29T12:46:22.595+0000] {processor.py:840} INFO - DAG(s) 'sus_pipeline' retrieved from /opt/airflow/dags/sus_pipeline.py
[2026-04-29T12:46:22.835+0000] {logging_mixin.py:188} INFO - [2026-04-29T12:46:22.835+0000] {dag.py:3036} INFO - Sync 1 DAGs
[2026-04-29T12:46:22.889+0000] {logging_mixin.py:188} INFO - [2026-04-29T12:46:22.888+0000] {dag.py:3823} INFO - Setting next_dagrun for sus_pipeline to 2026-04-01 00:00:00+00:00, run_after=2026-05-01 00:00:00+00:00
[2026-04-29T12:46:22.914+0000] {processor.py:183} INFO - Processing /opt/airflow/dags/sus_pipeline.py took 0.362 seconds
[2026-04-29T12:46:53.047+0000] {processor.py:161} INFO - Started process (PID=441) to work on /opt/airflow/dags/sus_pipeline.py
[2026-04-29T12:46:53.049+0000] {processor.py:830} INFO - Processing file /opt/airflow/dags/sus_pipeline.py for tasks to queue
[2026-04-29T12:46:53.050+0000] {logging_mixin.py:188} INFO - [2026-04-29T12:46:53.050+0000] {dagbag.py:538} INFO - Filling up the DagBag from /opt/airflow/dags/sus_pipeline.py
[2026-04-29T12:46:53.061+0000] {processor.py:840} INFO - DAG(s) 'sus_pipeline' retrieved from /opt/airflow/dags/sus_pipeline.py
[2026-04-29T12:46:53.186+0000] {logging_mixin.py:188} INFO - [2026-04-29T12:46:53.186+0000] {dag.py:3036} INFO - Sync 1 DAGs
[2026-04-29T12:46:53.259+0000] {logging_mixin.py:188} INFO - [2026-04-29T12:46:53.259+0000] {dag.py:3823} INFO - Setting next_dagrun for sus_pipeline to 2026-04-01 00:00:00+00:00, run_after=2026-05-01 00:00:00+00:00
[2026-04-29T12:46:53.282+0000] {processor.py:183} INFO - Processing /opt/airflow/dags/sus_pipeline.py took 0.238 seconds
[2026-04-29T12:47:23.487+0000] {processor.py:161} INFO - Started process (PID=446) to work on /opt/airflow/dags/sus_pipeline.py
[2026-04-29T12:47:23.488+0000] {processor.py:830} INFO - Processing file /opt/airflow/dags/sus_pipeline.py for tasks to queue
[2026-04-29T12:47:23.489+0000] {logging_mixin.py:188} INFO - [2026-04-29T12:47:23.489+0000] {dagbag.py:538} INFO - Filling up the DagBag from /opt/airflow/dags/sus_pipeline.py
[2026-04-29T12:47:23.499+0000] {processor.py:840} INFO - DAG(s) 'sus_pipeline' retrieved from /opt/airflow/dags/sus_pipeline.py
[2026-04-29T12:47:23.541+0000] {logging_mixin.py:188} INFO - [2026-04-29T12:47:23.541+0000] {dag.py:3036} INFO - Sync 1 DAGs
[2026-04-29T12:47:23.563+0000] {logging_mixin.py:188} INFO - [2026-04-29T12:47:23.563+0000] {dag.py:3823} INFO - Setting next_dagrun for sus_pipeline to 2026-04-01 00:00:00+00:00, run_after=2026-05-01 00:00:00+00:00
[2026-04-29T12:47:23.587+0000] {processor.py:183} INFO - Processing /opt/airflow/dags/sus_pipeline.py took 0.105 seconds
[2026-04-29T12:47:53.931+0000] {processor.py:161} INFO - Started process (PID=451) to work on /opt/airflow/dags/sus_pipeline.py
[2026-04-29T12:47:53.932+0000] {processor.py:830} INFO - Processing file /opt/airflow/dags/sus_pipeline.py for tasks to queue
[2026-04-29T12:47:53.933+0000] {logging_mixin.py:188} INFO - [2026-04-29T12:47:53.932+0000] {dagbag.py:538} INFO - Filling up the DagBag from /opt/airflow/dags/sus_pipeline.py
[2026-04-29T12:47:53.948+0000] {processor.py:840} INFO - DAG(s) 'sus_pipeline' retrieved from /opt/airflow/dags/sus_pipeline.py
[2026-04-29T12:47:53.971+0000] {logging_mixin.py:188} INFO - [2026-04-29T12:47:53.970+0000] {dag.py:3036} INFO - Sync 1 DAGs
[2026-04-29T12:47:53.990+0000] {logging_mixin.py:188} INFO - [2026-04-29T12:47:53.990+0000] {dag.py:3823} INFO - Setting next_dagrun for sus_pipeline to 2026-04-01 00:00:00+00:00, run_after=2026-05-01 00:00:00+00:00
[2026-04-29T12:47:54.006+0000] {processor.py:183} INFO - Processing /opt/airflow/dags/sus_pipeline.py took 0.078 seconds
[2026-04-29T12:48:24.442+0000] {processor.py:161} INFO - Started process (PID=456) to work on /opt/airflow/dags/sus_pipeline.py
[2026-04-29T12:48:24.443+0000] {processor.py:830} INFO - Processing file /opt/airflow/dags/sus_pipeline.py for tasks to queue
[2026-04-29T12:48:24.444+0000] {logging_mixin.py:188} INFO - [2026-04-29T12:48:24.444+0000] {dagbag.py:538} INFO - Filling up the DagBag from /opt/airflow/dags/sus_pipeline.py
[2026-04-29T12:48:24.457+0000] {processor.py:840} INFO - DAG(s) 'sus_pipeline' retrieved from /opt/airflow/dags/sus_pipeline.py
[2026-04-29T12:48:24.485+0000] {logging_mixin.py:188} INFO - [2026-04-29T12:48:24.484+0000] {dag.py:3036} INFO - Sync 1 DAGs
[2026-04-29T12:48:24.508+0000] {logging_mixin.py:188} INFO - [2026-04-29T12:48:24.508+0000] {dag.py:3823} INFO - Setting next_dagrun for sus_pipeline to 2026-04-01 00:00:00+00:00, run_after=2026-05-01 00:00:00+00:00
[2026-04-29T12:48:24.524+0000] {processor.py:183} INFO - Processing /opt/airflow/dags/sus_pipeline.py took 0.086 seconds
[2026-04-29T12:48:54.956+0000] {processor.py:161} INFO - Started process (PID=461) to work on /opt/airflow/dags/sus_pipeline.py
[2026-04-29T12:48:54.958+0000] {processor.py:830} INFO - Processing file /opt/airflow/dags/sus_pipeline.py for tasks to queue
[2026-04-29T12:48:54.958+0000] {logging_mixin.py:188} INFO - [2026-04-29T12:48:54.958+0000] {dagbag.py:538} INFO - Filling up the DagBag from /opt/airflow/dags/sus_pipeline.py
[2026-04-29T12:48:55.007+0000] {processor.py:840} INFO - DAG(s) 'sus_pipeline' retrieved from /opt/airflow/dags/sus_pipeline.py
[2026-04-29T12:48:55.040+0000] {logging_mixin.py:188} INFO - [2026-04-29T12:48:55.040+0000] {dag.py:3036} INFO - Sync 1 DAGs
[2026-04-29T12:48:55.066+0000] {logging_mixin.py:188} INFO - [2026-04-29T12:48:55.066+0000] {dag.py:3823} INFO - Setting next_dagrun for sus_pipeline to 2026-04-01 00:00:00+00:00, run_after=2026-05-01 00:00:00+00:00
[2026-04-29T12:48:55.086+0000] {processor.py:183} INFO - Processing /opt/airflow/dags/sus_pipeline.py took 0.134 seconds
[2026-04-29T12:49:25.130+0000] {processor.py:161} INFO - Started process (PID=466) to work on /opt/airflow/dags/sus_pipeline.py
[2026-04-29T12:49:25.130+0000] {processor.py:830} INFO - Processing file /opt/airflow/dags/sus_pipeline.py for tasks to queue
[2026-04-29T12:49:25.131+0000] {logging_mixin.py:188} INFO - [2026-04-29T12:49:25.131+0000] {dagbag.py:538} INFO - Filling up the DagBag from /opt/airflow/dags/sus_pipeline.py
[2026-04-29T12:49:25.143+0000] {processor.py:840} INFO - DAG(s) 'sus_pipeline' retrieved from /opt/airflow/dags/sus_pipeline.py
[2026-04-29T12:49:25.173+0000] {logging_mixin.py:188} INFO - [2026-04-29T12:49:25.173+0000] {dag.py:3036} INFO - Sync 1 DAGs
[2026-04-29T12:49:25.203+0000] {logging_mixin.py:188} INFO - [2026-04-29T12:49:25.202+0000] {dag.py:3823} INFO - Setting next_dagrun for sus_pipeline to 2026-04-01 00:00:00+00:00, run_after=2026-05-01 00:00:00+00:00
[2026-04-29T12:49:25.223+0000] {processor.py:183} INFO - Processing /opt/airflow/dags/sus_pipeline.py took 0.097 seconds
[2026-04-29T12:49:55.379+0000] {processor.py:161} INFO - Started process (PID=471) to work on /opt/airflow/dags/sus_pipeline.py
[2026-04-29T12:49:55.381+0000] {processor.py:830} INFO - Processing file /opt/airflow/dags/sus_pipeline.py for tasks to queue
[2026-04-29T12:49:55.383+0000] {logging_mixin.py:188} INFO - [2026-04-29T12:49:55.382+0000] {dagbag.py:538} INFO - Filling up the DagBag from /opt/airflow/dags/sus_pipeline.py
[2026-04-29T12:49:55.399+0000] {processor.py:840} INFO - DAG(s) 'sus_pipeline' retrieved from /opt/airflow/dags/sus_pipeline.py
[2026-04-29T12:49:55.425+0000] {logging_mixin.py:188} INFO - [2026-04-29T12:49:55.425+0000] {dag.py:3036} INFO - Sync 1 DAGs
[2026-04-29T12:49:55.443+0000] {logging_mixin.py:188} INFO - [2026-04-29T12:49:55.443+0000] {dag.py:3823} INFO - Setting next_dagrun for sus_pipeline to 2026-04-01 00:00:00+00:00, run_after=2026-05-01 00:00:00+00:00
[2026-04-29T12:49:55.458+0000] {processor.py:183} INFO - Processing /opt/airflow/dags/sus_pipeline.py took 0.086 seconds
[2026-04-29T12:50:27.556+0000] {processor.py:161} INFO - Started process (PID=476) to work on /opt/airflow/dags/sus_pipeline.py
[2026-04-29T12:50:27.557+0000] {processor.py:830} INFO - Processing file /opt/airflow/dags/sus_pipeline.py for tasks to queue
[2026-04-29T12:50:27.558+0000] {logging_mixin.py:188} INFO - [2026-04-29T12:50:27.558+0000] {dagbag.py:538} INFO - Filling up the DagBag from /opt/airflow/dags/sus_pipeline.py
[2026-04-29T12:50:27.568+0000] {processor.py:840} INFO - DAG(s) 'sus_pipeline' retrieved from /opt/airflow/dags/sus_pipeline.py
[2026-04-29T12:50:27.592+0000] {logging_mixin.py:188} INFO - [2026-04-29T12:50:27.592+0000] {dag.py:3036} INFO - Sync 1 DAGs
[2026-04-29T12:50:27.630+0000] {logging_mixin.py:188} INFO - [2026-04-29T12:50:27.630+0000] {dag.py:3823} INFO - Setting next_dagrun for sus_pipeline to 2026-04-01 00:00:00+00:00, run_after=2026-05-01 00:00:00+00:00
[2026-04-29T12:50:27.652+0000] {processor.py:183} INFO - Processing /opt/airflow/dags/sus_pipeline.py took 0.100 seconds
[2026-04-29T12:50:57.781+0000] {processor.py:161} INFO - Started process (PID=481) to work on /opt/airflow/dags/sus_pipeline.py
[2026-04-29T12:50:57.782+0000] {processor.py:830} INFO - Processing file /opt/airflow/dags/sus_pipeline.py for tasks to queue
[2026-04-29T12:50:57.783+0000] {logging_mixin.py:188} INFO - [2026-04-29T12:50:57.782+0000] {dagbag.py:538} INFO - Filling up the DagBag from /opt/airflow/dags/sus_pipeline.py
[2026-04-29T12:50:57.792+0000] {processor.py:840} INFO - DAG(s) 'sus_pipeline' retrieved from /opt/airflow/dags/sus_pipeline.py
[2026-04-29T12:50:57.818+0000] {logging_mixin.py:188} INFO - [2026-04-29T12:50:57.818+0000] {dag.py:3036} INFO - Sync 1 DAGs
[2026-04-29T12:50:57.849+0000] {logging_mixin.py:188} INFO - [2026-04-29T12:50:57.848+0000] {dag.py:3823} INFO - Setting next_dagrun for sus_pipeline to 2026-04-01 00:00:00+00:00, run_after=2026-05-01 00:00:00+00:00
[2026-04-29T12:50:57.865+0000] {processor.py:183} INFO - Processing /opt/airflow/dags/sus_pipeline.py took 0.087 seconds
[2026-04-29T12:51:27.949+0000] {processor.py:161} INFO - Started process (PID=486) to work on /opt/airflow/dags/sus_pipeline.py
[2026-04-29T12:51:27.950+0000] {processor.py:830} INFO - Processing file /opt/airflow/dags/sus_pipeline.py for tasks to queue
[2026-04-29T12:51:27.951+0000] {logging_mixin.py:188} INFO - [2026-04-29T12:51:27.951+0000] {dagbag.py:538} INFO - Filling up the DagBag from /opt/airflow/dags/sus_pipeline.py
[2026-04-29T12:51:27.965+0000] {processor.py:840} INFO - DAG(s) 'sus_pipeline' retrieved from /opt/airflow/dags/sus_pipeline.py
[2026-04-29T12:51:27.993+0000] {logging_mixin.py:188} INFO - [2026-04-29T12:51:27.993+0000] {dag.py:3036} INFO - Sync 1 DAGs
[2026-04-29T12:51:28.014+0000] {logging_mixin.py:188} INFO - [2026-04-29T12:51:28.014+0000] {dag.py:3823} INFO - Setting next_dagrun for sus_pipeline to 2026-04-01 00:00:00+00:00, run_after=2026-05-01 00:00:00+00:00
[2026-04-29T12:51:28.031+0000] {processor.py:183} INFO - Processing /opt/airflow/dags/sus_pipeline.py took 0.085 seconds
[2026-04-29T12:51:58.201+0000] {processor.py:161} INFO - Started process (PID=491) to work on /opt/airflow/dags/sus_pipeline.py
[2026-04-29T12:51:58.204+0000] {processor.py:830} INFO - Processing file /opt/airflow/dags/sus_pipeline.py for tasks to queue
[2026-04-29T12:51:58.205+0000] {logging_mixin.py:188} INFO - [2026-04-29T12:51:58.205+0000] {dagbag.py:538} INFO - Filling up the DagBag from /opt/airflow/dags/sus_pipeline.py
[2026-04-29T12:51:58.226+0000] {processor.py:840} INFO - DAG(s) 'sus_pipeline' retrieved from /opt/airflow/dags/sus_pipeline.py
[2026-04-29T12:51:58.274+0000] {logging_mixin.py:188} INFO - [2026-04-29T12:51:58.273+0000] {dag.py:3036} INFO - Sync 1 DAGs
[2026-04-29T12:51:58.319+0000] {logging_mixin.py:188} INFO - [2026-04-29T12:51:58.318+0000] {dag.py:3823} INFO - Setting next_dagrun for sus_pipeline to 2026-04-01 00:00:00+00:00, run_after=2026-05-01 00:00:00+00:00
[2026-04-29T12:51:58.359+0000] {processor.py:183} INFO - Processing /opt/airflow/dags/sus_pipeline.py took 0.166 seconds
[2026-04-29T12:52:28.544+0000] {processor.py:161} INFO - Started process (PID=496) to work on /opt/airflow/dags/sus_pipeline.py
[2026-04-29T12:52:28.545+0000] {processor.py:830} INFO - Processing file /opt/airflow/dags/sus_pipeline.py for tasks to queue
[2026-04-29T12:52:28.547+0000] {logging_mixin.py:188} INFO - [2026-04-29T12:52:28.546+0000] {dagbag.py:538} INFO - Filling up the DagBag from /opt/airflow/dags/sus_pipeline.py
[2026-04-29T12:52:28.581+0000] {processor.py:840} INFO - DAG(s) 'sus_pipeline' retrieved from /opt/airflow/dags/sus_pipeline.py
[2026-04-29T12:52:28.610+0000] {logging_mixin.py:188} INFO - [2026-04-29T12:52:28.610+0000] {dag.py:3036} INFO - Sync 1 DAGs
[2026-04-29T12:52:28.632+0000] {logging_mixin.py:188} INFO - [2026-04-29T12:52:28.632+0000] {dag.py:3823} INFO - Setting next_dagrun for sus_pipeline to 2026-04-01 00:00:00+00:00, run_after=2026-05-01 00:00:00+00:00
[2026-04-29T12:52:28.650+0000] {processor.py:183} INFO - Processing /opt/airflow/dags/sus_pipeline.py took 0.111 seconds
[2026-04-29T12:52:58.695+0000] {processor.py:161} INFO - Started process (PID=501) to work on /opt/airflow/dags/sus_pipeline.py
[2026-04-29T12:52:58.697+0000] {processor.py:830} INFO - Processing file /opt/airflow/dags/sus_pipeline.py for tasks to queue
[2026-04-29T12:52:58.699+0000] {logging_mixin.py:188} INFO - [2026-04-29T12:52:58.699+0000] {dagbag.py:538} INFO - Filling up the DagBag from /opt/airflow/dags/sus_pipeline.py
[2026-04-29T12:52:58.717+0000] {processor.py:840} INFO - DAG(s) 'sus_pipeline' retrieved from /opt/airflow/dags/sus_pipeline.py
[2026-04-29T12:52:58.750+0000] {logging_mixin.py:188} INFO - [2026-04-29T12:52:58.749+0000] {dag.py:3036} INFO - Sync 1 DAGs
[2026-04-29T12:52:58.774+0000] {logging_mixin.py:188} INFO - [2026-04-29T12:52:58.774+0000] {dag.py:3823} INFO - Setting next_dagrun for sus_pipeline to 2026-04-01 00:00:00+00:00, run_after=2026-05-01 00:00:00+00:00
[2026-04-29T12:52:58.799+0000] {processor.py:183} INFO - Processing /opt/airflow/dags/sus_pipeline.py took 0.110 seconds
[2026-04-29T12:53:28.950+0000] {processor.py:161} INFO - Started process (PID=506) to work on /opt/airflow/dags/sus_pipeline.py
[2026-04-29T12:53:28.951+0000] {processor.py:830} INFO - Processing file /opt/airflow/dags/sus_pipeline.py for tasks to queue
[2026-04-29T12:53:28.952+0000] {logging_mixin.py:188} INFO - [2026-04-29T12:53:28.951+0000] {dagbag.py:538} INFO - Filling up the DagBag from /opt/airflow/dags/sus_pipeline.py
[2026-04-29T12:53:28.961+0000] {processor.py:840} INFO - DAG(s) 'sus_pipeline' retrieved from /opt/airflow/dags/sus_pipeline.py
[2026-04-29T12:53:28.996+0000] {logging_mixin.py:188} INFO - [2026-04-29T12:53:28.995+0000] {dag.py:3036} INFO - Sync 1 DAGs
[2026-04-29T12:53:29.015+0000] {logging_mixin.py:188} INFO - [2026-04-29T12:53:29.014+0000] {dag.py:3823} INFO - Setting next_dagrun for sus_pipeline to 2026-04-01 00:00:00+00:00, run_after=2026-05-01 00:00:00+00:00
[2026-04-29T12:53:29.030+0000] {processor.py:183} INFO - Processing /opt/airflow/dags/sus_pipeline.py took 0.082 seconds
[2026-04-29T12:53:59.121+0000] {processor.py:161} INFO - Started process (PID=511) to work on /opt/airflow/dags/sus_pipeline.py
[2026-04-29T12:53:59.123+0000] {processor.py:830} INFO - Processing file /opt/airflow/dags/sus_pipeline.py for tasks to queue
[2026-04-29T12:53:59.124+0000] {logging_mixin.py:188} INFO - [2026-04-29T12:53:59.123+0000] {dagbag.py:538} INFO - Filling up the DagBag from /opt/airflow/dags/sus_pipeline.py
[2026-04-29T12:53:59.134+0000] {processor.py:840} INFO - DAG(s) 'sus_pipeline' retrieved from /opt/airflow/dags/sus_pipeline.py
[2026-04-29T12:53:59.158+0000] {logging_mixin.py:188} INFO - [2026-04-29T12:53:59.158+0000] {dag.py:3036} INFO - Sync 1 DAGs
[2026-04-29T12:53:59.182+0000] {logging_mixin.py:188} INFO - [2026-04-29T12:53:59.182+0000] {dag.py:3823} INFO - Setting next_dagrun for sus_pipeline to 2026-04-01 00:00:00+00:00, run_after=2026-05-01 00:00:00+00:00
[2026-04-29T12:53:59.200+0000] {processor.py:183} INFO - Processing /opt/airflow/dags/sus_pipeline.py took 0.082 seconds
[2026-04-29T12:54:29.370+0000] {processor.py:161} INFO - Started process (PID=516) to work on /opt/airflow/dags/sus_pipeline.py
[2026-04-29T12:54:29.372+0000] {processor.py:830} INFO - Processing file /opt/airflow/dags/sus_pipeline.py for tasks to queue
[2026-04-29T12:54:29.373+0000] {logging_mixin.py:188} INFO - [2026-04-29T12:54:29.372+0000] {dagbag.py:538} INFO - Filling up the DagBag from /opt/airflow/dags/sus_pipeline.py
[2026-04-29T12:54:29.391+0000] {processor.py:840} INFO - DAG(s) 'sus_pipeline' retrieved from /opt/airflow/dags/sus_pipeline.py
[2026-04-29T12:54:29.424+0000] {logging_mixin.py:188} INFO - [2026-04-29T12:54:29.424+0000] {dag.py:3036} INFO - Sync 1 DAGs
[2026-04-29T12:54:29.456+0000] {logging_mixin.py:188} INFO - [2026-04-29T12:54:29.456+0000] {dag.py:3823} INFO - Setting next_dagrun for sus_pipeline to 2026-04-01 00:00:00+00:00, run_after=2026-05-01 00:00:00+00:00
[2026-04-29T12:54:29.477+0000] {processor.py:183} INFO - Processing /opt/airflow/dags/sus_pipeline.py took 0.112 seconds
[2026-04-29T12:55:01.544+0000] {processor.py:161} INFO - Started process (PID=521) to work on /opt/airflow/dags/sus_pipeline.py
[2026-04-29T12:55:01.546+0000] {processor.py:830} INFO - Processing file /opt/airflow/dags/sus_pipeline.py for tasks to queue
[2026-04-29T12:55:01.546+0000] {logging_mixin.py:188} INFO - [2026-04-29T12:55:01.546+0000] {dagbag.py:538} INFO - Filling up the DagBag from /opt/airflow/dags/sus_pipeline.py
[2026-04-29T12:55:01.557+0000] {processor.py:840} INFO - DAG(s) 'sus_pipeline' retrieved from /opt/airflow/dags/sus_pipeline.py
[2026-04-29T12:55:01.582+0000] {logging_mixin.py:188} INFO - [2026-04-29T12:55:01.582+0000] {dag.py:3036} INFO - Sync 1 DAGs
[2026-04-29T12:55:01.603+0000] {logging_mixin.py:188} INFO - [2026-04-29T12:55:01.602+0000] {dag.py:3823} INFO - Setting next_dagrun for sus_pipeline to 2026-04-01 00:00:00+00:00, run_after=2026-05-01 00:00:00+00:00
[2026-04-29T12:55:01.621+0000] {processor.py:183} INFO - Processing /opt/airflow/dags/sus_pipeline.py took 0.080 seconds
[2026-04-29T12:55:31.836+0000] {processor.py:161} INFO - Started process (PID=526) to work on /opt/airflow/dags/sus_pipeline.py
[2026-04-29T12:55:31.839+0000] {processor.py:830} INFO - Processing file /opt/airflow/dags/sus_pipeline.py for tasks to queue
[2026-04-29T12:55:31.841+0000] {logging_mixin.py:188} INFO - [2026-04-29T12:55:31.840+0000] {dagbag.py:538} INFO - Filling up the DagBag from /opt/airflow/dags/sus_pipeline.py
[2026-04-29T12:55:31.857+0000] {processor.py:840} INFO - DAG(s) 'sus_pipeline' retrieved from /opt/airflow/dags/sus_pipeline.py
[2026-04-29T12:55:31.887+0000] {logging_mixin.py:188} INFO - [2026-04-29T12:55:31.887+0000] {dag.py:3036} INFO - Sync 1 DAGs
[2026-04-29T12:55:31.912+0000] {logging_mixin.py:188} INFO - [2026-04-29T12:55:31.912+0000] {dag.py:3823} INFO - Setting next_dagrun for sus_pipeline to 2026-04-01 00:00:00+00:00, run_after=2026-05-01 00:00:00+00:00
[2026-04-29T12:55:31.928+0000] {processor.py:183} INFO - Processing /opt/airflow/dags/sus_pipeline.py took 0.100 seconds
[2026-04-29T12:56:01.986+0000] {processor.py:161} INFO - Started process (PID=531) to work on /opt/airflow/dags/sus_pipeline.py
[2026-04-29T12:56:01.988+0000] {processor.py:830} INFO - Processing file /opt/airflow/dags/sus_pipeline.py for tasks to queue
[2026-04-29T12:56:01.988+0000] {logging_mixin.py:188} INFO - [2026-04-29T12:56:01.988+0000] {dagbag.py:538} INFO - Filling up the DagBag from /opt/airflow/dags/sus_pipeline.py
[2026-04-29T12:56:02.005+0000] {processor.py:840} INFO - DAG(s) 'sus_pipeline' retrieved from /opt/airflow/dags/sus_pipeline.py
[2026-04-29T12:56:02.051+0000] {logging_mixin.py:188} INFO - [2026-04-29T12:56:02.051+0000] {dag.py:3036} INFO - Sync 1 DAGs
[2026-04-29T12:56:02.074+0000] {logging_mixin.py:188} INFO - [2026-04-29T12:56:02.074+0000] {dag.py:3823} INFO - Setting next_dagrun for sus_pipeline to 2026-04-01 00:00:00+00:00, run_after=2026-05-01 00:00:00+00:00
[2026-04-29T12:56:02.090+0000] {processor.py:183} INFO - Processing /opt/airflow/dags/sus_pipeline.py took 0.109 seconds
[2026-04-29T12:56:32.529+0000] {processor.py:161} INFO - Started process (PID=536) to work on /opt/airflow/dags/sus_pipeline.py
[2026-04-29T12:56:32.530+0000] {processor.py:830} INFO - Processing file /opt/airflow/dags/sus_pipeline.py for tasks to queue
[2026-04-29T12:56:32.531+0000] {logging_mixin.py:188} INFO - [2026-04-29T12:56:32.531+0000] {dagbag.py:538} INFO - Filling up the DagBag from /opt/airflow/dags/sus_pipeline.py
[2026-04-29T12:56:32.542+0000] {processor.py:840} INFO - DAG(s) 'sus_pipeline' retrieved from /opt/airflow/dags/sus_pipeline.py
[2026-04-29T12:56:32.577+0000] {logging_mixin.py:188} INFO - [2026-04-29T12:56:32.577+0000] {dag.py:3036} INFO - Sync 1 DAGs
[2026-04-29T12:56:32.607+0000] {logging_mixin.py:188} INFO - [2026-04-29T12:56:32.607+0000] {dag.py:3823} INFO - Setting next_dagrun for sus_pipeline to 2026-04-01 00:00:00+00:00, run_after=2026-05-01 00:00:00+00:00
[2026-04-29T12:56:32.632+0000] {processor.py:183} INFO - Processing /opt/airflow/dags/sus_pipeline.py took 0.108 seconds
[2026-04-29T12:57:02.810+0000] {processor.py:161} INFO - Started process (PID=541) to work on /opt/airflow/dags/sus_pipeline.py
[2026-04-29T12:57:02.813+0000] {processor.py:830} INFO - Processing file /opt/airflow/dags/sus_pipeline.py for tasks to queue
[2026-04-29T12:57:02.815+0000] {logging_mixin.py:188} INFO - [2026-04-29T12:57:02.814+0000] {dagbag.py:538} INFO - Filling up the DagBag from /opt/airflow/dags/sus_pipeline.py
[2026-04-29T12:57:02.833+0000] {processor.py:840} INFO - DAG(s) 'sus_pipeline' retrieved from /opt/airflow/dags/sus_pipeline.py
[2026-04-29T12:57:02.857+0000] {logging_mixin.py:188} INFO - [2026-04-29T12:57:02.857+0000] {dag.py:3036} INFO - Sync 1 DAGs
[2026-04-29T12:57:02.875+0000] {logging_mixin.py:188} INFO - [2026-04-29T12:57:02.874+0000] {dag.py:3823} INFO - Setting next_dagrun for sus_pipeline to 2026-04-01 00:00:00+00:00, run_after=2026-05-01 00:00:00+00:00
[2026-04-29T12:57:02.892+0000] {processor.py:183} INFO - Processing /opt/airflow/dags/sus_pipeline.py took 0.089 seconds
[2026-04-29T12:57:33.163+0000] {processor.py:161} INFO - Started process (PID=546) to work on /opt/airflow/dags/sus_pipeline.py
[2026-04-29T12:57:33.166+0000] {processor.py:830} INFO - Processing file /opt/airflow/dags/sus_pipeline.py for tasks to queue
[2026-04-29T12:57:33.169+0000] {logging_mixin.py:188} INFO - [2026-04-29T12:57:33.168+0000] {dagbag.py:538} INFO - Filling up the DagBag from /opt/airflow/dags/sus_pipeline.py
[2026-04-29T12:57:33.329+0000] {processor.py:840} INFO - DAG(s) 'sus_pipeline' retrieved from /opt/airflow/dags/sus_pipeline.py
[2026-04-29T12:57:33.581+0000] {logging_mixin.py:188} INFO - [2026-04-29T12:57:33.580+0000] {dag.py:3036} INFO - Sync 1 DAGs
[2026-04-29T12:57:33.741+0000] {logging_mixin.py:188} INFO - [2026-04-29T12:57:33.740+0000] {dag.py:3823} INFO - Setting next_dagrun for sus_pipeline to 2026-04-01 00:00:00+00:00, run_after=2026-05-01 00:00:00+00:00
[2026-04-29T12:57:33.816+0000] {processor.py:183} INFO - Processing /opt/airflow/dags/sus_pipeline.py took 0.666 seconds
[2026-04-29T12:58:04.071+0000] {processor.py:161} INFO - Started process (PID=551) to work on /opt/airflow/dags/sus_pipeline.py
[2026-04-29T12:58:04.072+0000] {processor.py:830} INFO - Processing file /opt/airflow/dags/sus_pipeline.py for tasks to queue
[2026-04-29T12:58:04.073+0000] {logging_mixin.py:188} INFO - [2026-04-29T12:58:04.072+0000] {dagbag.py:538} INFO - Filling up the DagBag from /opt/airflow/dags/sus_pipeline.py
[2026-04-29T12:58:04.091+0000] {processor.py:840} INFO - DAG(s) 'sus_pipeline' retrieved from /opt/airflow/dags/sus_pipeline.py
[2026-04-29T12:58:04.123+0000] {logging_mixin.py:188} INFO - [2026-04-29T12:58:04.121+0000] {dag.py:3036} INFO - Sync 1 DAGs
[2026-04-29T12:58:04.150+0000] {logging_mixin.py:188} INFO - [2026-04-29T12:58:04.149+0000] {dag.py:3823} INFO - Setting next_dagrun for sus_pipeline to 2026-04-01 00:00:00+00:00, run_after=2026-05-01 00:00:00+00:00
[2026-04-29T12:58:04.172+0000] {processor.py:183} INFO - Processing /opt/airflow/dags/sus_pipeline.py took 0.111 seconds
[2026-04-29T12:58:34.303+0000] {processor.py:161} INFO - Started process (PID=556) to work on /opt/airflow/dags/sus_pipeline.py
[2026-04-29T12:58:34.306+0000] {processor.py:830} INFO - Processing file /opt/airflow/dags/sus_pipeline.py for tasks to queue
[2026-04-29T12:58:34.308+0000] {logging_mixin.py:188} INFO - [2026-04-29T12:58:34.308+0000] {dagbag.py:538} INFO - Filling up the DagBag from /opt/airflow/dags/sus_pipeline.py
[2026-04-29T12:58:34.331+0000] {processor.py:840} INFO - DAG(s) 'sus_pipeline' retrieved from /opt/airflow/dags/sus_pipeline.py
[2026-04-29T12:58:34.378+0000] {logging_mixin.py:188} INFO - [2026-04-29T12:58:34.377+0000] {dag.py:3036} INFO - Sync 1 DAGs
[2026-04-29T12:58:34.418+0000] {logging_mixin.py:188} INFO - [2026-04-29T12:58:34.418+0000] {dag.py:3823} INFO - Setting next_dagrun for sus_pipeline to 2026-04-01 00:00:00+00:00, run_after=2026-05-01 00:00:00+00:00
[2026-04-29T12:58:34.444+0000] {processor.py:183} INFO - Processing /opt/airflow/dags/sus_pipeline.py took 0.149 seconds
[2026-04-29T12:59:04.631+0000] {processor.py:161} INFO - Started process (PID=561) to work on /opt/airflow/dags/sus_pipeline.py
[2026-04-29T12:59:04.632+0000] {processor.py:830} INFO - Processing file /opt/airflow/dags/sus_pipeline.py for tasks to queue
[2026-04-29T12:59:04.633+0000] {logging_mixin.py:188} INFO - [2026-04-29T12:59:04.633+0000] {dagbag.py:538} INFO - Filling up the DagBag from /opt/airflow/dags/sus_pipeline.py
[2026-04-29T12:59:04.652+0000] {processor.py:840} INFO - DAG(s) 'sus_pipeline' retrieved from /opt/airflow/dags/sus_pipeline.py
[2026-04-29T12:59:04.689+0000] {logging_mixin.py:188} INFO - [2026-04-29T12:59:04.689+0000] {dag.py:3036} INFO - Sync 1 DAGs
[2026-04-29T12:59:04.719+0000] {logging_mixin.py:188} INFO - [2026-04-29T12:59:04.719+0000] {dag.py:3823} INFO - Setting next_dagrun for sus_pipeline to 2026-04-01 00:00:00+00:00, run_after=2026-05-01 00:00:00+00:00
[2026-04-29T12:59:04.746+0000] {processor.py:183} INFO - Processing /opt/airflow/dags/sus_pipeline.py took 0.120 seconds
[2026-04-29T12:59:36.954+0000] {processor.py:161} INFO - Started process (PID=566) to work on /opt/airflow/dags/sus_pipeline.py
[2026-04-29T12:59:36.956+0000] {processor.py:830} INFO - Processing file /opt/airflow/dags/sus_pipeline.py for tasks to queue
[2026-04-29T12:59:36.957+0000] {logging_mixin.py:188} INFO - [2026-04-29T12:59:36.957+0000] {dagbag.py:538} INFO - Filling up the DagBag from /opt/airflow/dags/sus_pipeline.py
[2026-04-29T12:59:36.967+0000] {processor.py:840} INFO - DAG(s) 'sus_pipeline' retrieved from /opt/airflow/dags/sus_pipeline.py
[2026-04-29T12:59:36.995+0000] {logging_mixin.py:188} INFO - [2026-04-29T12:59:36.994+0000] {dag.py:3036} INFO - Sync 1 DAGs
[2026-04-29T12:59:37.015+0000] {logging_mixin.py:188} INFO - [2026-04-29T12:59:37.014+0000] {dag.py:3823} INFO - Setting next_dagrun for sus_pipeline to 2026-04-01 00:00:00+00:00, run_after=2026-05-01 00:00:00+00:00
[2026-04-29T12:59:37.039+0000] {processor.py:183} INFO - Processing /opt/airflow/dags/sus_pipeline.py took 0.089 seconds
[2026-04-29T13:00:07.207+0000] {processor.py:161} INFO - Started process (PID=571) to work on /opt/airflow/dags/sus_pipeline.py
[2026-04-29T13:00:07.208+0000] {processor.py:830} INFO - Processing file /opt/airflow/dags/sus_pipeline.py for tasks to queue
[2026-04-29T13:00:07.210+0000] {logging_mixin.py:188} INFO - [2026-04-29T13:00:07.209+0000] {dagbag.py:538} INFO - Filling up the DagBag from /opt/airflow/dags/sus_pipeline.py
[2026-04-29T13:00:07.224+0000] {processor.py:840} INFO - DAG(s) 'sus_pipeline' retrieved from /opt/airflow/dags/sus_pipeline.py
[2026-04-29T13:00:07.253+0000] {logging_mixin.py:188} INFO - [2026-04-29T13:00:07.253+0000] {dag.py:3036} INFO - Sync 1 DAGs
[2026-04-29T13:00:07.270+0000] {logging_mixin.py:188} INFO - [2026-04-29T13:00:07.270+0000] {dag.py:3823} INFO - Setting next_dagrun for sus_pipeline to 2026-04-01 00:00:00+00:00, run_after=2026-05-01 00:00:00+00:00
[2026-04-29T13:00:07.285+0000] {processor.py:183} INFO - Processing /opt/airflow/dags/sus_pipeline.py took 0.084 seconds
[2026-04-29T13:00:37.511+0000] {processor.py:161} INFO - Started process (PID=576) to work on /opt/airflow/dags/sus_pipeline.py
[2026-04-29T13:00:37.513+0000] {processor.py:830} INFO - Processing file /opt/airflow/dags/sus_pipeline.py for tasks to queue
[2026-04-29T13:00:37.515+0000] {logging_mixin.py:188} INFO - [2026-04-29T13:00:37.514+0000] {dagbag.py:538} INFO - Filling up the DagBag from /opt/airflow/dags/sus_pipeline.py
[2026-04-29T13:00:37.537+0000] {processor.py:840} INFO - DAG(s) 'sus_pipeline' retrieved from /opt/airflow/dags/sus_pipeline.py
[2026-04-29T13:00:37.565+0000] {logging_mixin.py:188} INFO - [2026-04-29T13:00:37.565+0000] {dag.py:3036} INFO - Sync 1 DAGs
[2026-04-29T13:00:37.582+0000] {logging_mixin.py:188} INFO - [2026-04-29T13:00:37.582+0000] {dag.py:3823} INFO - Setting next_dagrun for sus_pipeline to 2026-04-01 00:00:00+00:00, run_after=2026-05-01 00:00:00+00:00
[2026-04-29T13:00:37.596+0000] {processor.py:183} INFO - Processing /opt/airflow/dags/sus_pipeline.py took 0.093 seconds
[2026-04-29T13:00:52.746+0000] {processor.py:161} INFO - Started process (PID=581) to work on /opt/airflow/dags/sus_pipeline.py
[2026-04-29T13:00:52.747+0000] {processor.py:830} INFO - Processing file /opt/airflow/dags/sus_pipeline.py for tasks to queue
[2026-04-29T13:00:52.748+0000] {logging_mixin.py:188} INFO - [2026-04-29T13:00:52.748+0000] {dagbag.py:538} INFO - Filling up the DagBag from /opt/airflow/dags/sus_pipeline.py
[2026-04-29T13:00:56.740+0000] {logging_mixin.py:188} INFO - [2026-04-29T13:00:56.737+0000] {dagbag.py:348} ERROR - Failed to import: /opt/airflow/dags/sus_pipeline.py
Traceback (most recent call last):
  File "/home/airflow/.local/lib/python3.8/site-packages/airflow/models/dagbag.py", line 344, in parse
    loader.exec_module(new_module)
  File "<frozen importlib._bootstrap_external>", line 843, in exec_module
  File "<frozen importlib._bootstrap>", line 219, in _call_with_frames_removed
  File "/opt/airflow/dags/sus_pipeline.py", line 6, in <module>
    from pysus.online_data.SIH import download
ModuleNotFoundError: No module named 'pysus'
[2026-04-29T13:00:56.740+0000] {processor.py:842} WARNING - No viable dags retrieved from /opt/airflow/dags/sus_pipeline.py
[2026-04-29T13:00:56.819+0000] {processor.py:183} INFO - Processing /opt/airflow/dags/sus_pipeline.py took 4.076 seconds
[2026-04-29T13:01:27.182+0000] {processor.py:161} INFO - Started process (PID=593) to work on /opt/airflow/dags/sus_pipeline.py
[2026-04-29T13:01:27.183+0000] {processor.py:830} INFO - Processing file /opt/airflow/dags/sus_pipeline.py for tasks to queue
[2026-04-29T13:01:27.184+0000] {logging_mixin.py:188} INFO - [2026-04-29T13:01:27.184+0000] {dagbag.py:538} INFO - Filling up the DagBag from /opt/airflow/dags/sus_pipeline.py
[2026-04-29T13:01:27.940+0000] {logging_mixin.py:188} INFO - [2026-04-29T13:01:27.939+0000] {dagbag.py:348} ERROR - Failed to import: /opt/airflow/dags/sus_pipeline.py
Traceback (most recent call last):
  File "/home/airflow/.local/lib/python3.8/site-packages/airflow/models/dagbag.py", line 344, in parse
    loader.exec_module(new_module)
  File "<frozen importlib._bootstrap_external>", line 843, in exec_module
  File "<frozen importlib._bootstrap>", line 219, in _call_with_frames_removed
  File "/opt/airflow/dags/sus_pipeline.py", line 6, in <module>
    from pysus.online_data.SIH import download
ModuleNotFoundError: No module named 'pysus'
[2026-04-29T13:01:27.941+0000] {processor.py:842} WARNING - No viable dags retrieved from /opt/airflow/dags/sus_pipeline.py
[2026-04-29T13:01:27.971+0000] {processor.py:183} INFO - Processing /opt/airflow/dags/sus_pipeline.py took 0.792 seconds
[2026-04-29T13:01:58.334+0000] {processor.py:161} INFO - Started process (PID=605) to work on /opt/airflow/dags/sus_pipeline.py
[2026-04-29T13:01:58.336+0000] {processor.py:830} INFO - Processing file /opt/airflow/dags/sus_pipeline.py for tasks to queue
[2026-04-29T13:01:58.337+0000] {logging_mixin.py:188} INFO - [2026-04-29T13:01:58.336+0000] {dagbag.py:538} INFO - Filling up the DagBag from /opt/airflow/dags/sus_pipeline.py
[2026-04-29T13:01:58.855+0000] {logging_mixin.py:188} INFO - [2026-04-29T13:01:58.854+0000] {dagbag.py:348} ERROR - Failed to import: /opt/airflow/dags/sus_pipeline.py
Traceback (most recent call last):
  File "/home/airflow/.local/lib/python3.8/site-packages/airflow/models/dagbag.py", line 344, in parse
    loader.exec_module(new_module)
  File "<frozen importlib._bootstrap_external>", line 843, in exec_module
  File "<frozen importlib._bootstrap>", line 219, in _call_with_frames_removed
  File "/opt/airflow/dags/sus_pipeline.py", line 6, in <module>
    from pysus.online_data.SIH import download
ModuleNotFoundError: No module named 'pysus'
[2026-04-29T13:01:58.856+0000] {processor.py:842} WARNING - No viable dags retrieved from /opt/airflow/dags/sus_pipeline.py
[2026-04-29T13:01:58.873+0000] {processor.py:183} INFO - Processing /opt/airflow/dags/sus_pipeline.py took 0.544 seconds
[2026-04-29T13:02:29.417+0000] {processor.py:161} INFO - Started process (PID=611) to work on /opt/airflow/dags/sus_pipeline.py
[2026-04-29T13:02:29.420+0000] {processor.py:830} INFO - Processing file /opt/airflow/dags/sus_pipeline.py for tasks to queue
[2026-04-29T13:02:29.427+0000] {logging_mixin.py:188} INFO - [2026-04-29T13:02:29.422+0000] {dagbag.py:538} INFO - Filling up the DagBag from /opt/airflow/dags/sus_pipeline.py
[2026-04-29T13:02:31.757+0000] {logging_mixin.py:188} INFO - [2026-04-29T13:02:31.754+0000] {dagbag.py:348} ERROR - Failed to import: /opt/airflow/dags/sus_pipeline.py
Traceback (most recent call last):
  File "/home/airflow/.local/lib/python3.8/site-packages/airflow/models/dagbag.py", line 344, in parse
    loader.exec_module(new_module)
  File "<frozen importlib._bootstrap_external>", line 843, in exec_module
  File "<frozen importlib._bootstrap>", line 219, in _call_with_frames_removed
  File "/opt/airflow/dags/sus_pipeline.py", line 6, in <module>
    from pysus.online_data.SIH import download
ModuleNotFoundError: No module named 'pysus'
[2026-04-29T13:02:31.758+0000] {processor.py:842} WARNING - No viable dags retrieved from /opt/airflow/dags/sus_pipeline.py
[2026-04-29T13:02:31.793+0000] {processor.py:183} INFO - Processing /opt/airflow/dags/sus_pipeline.py took 2.400 seconds
[2026-04-29T13:03:03.226+0000] {processor.py:161} INFO - Started process (PID=617) to work on /opt/airflow/dags/sus_pipeline.py
[2026-04-29T13:03:03.228+0000] {processor.py:830} INFO - Processing file /opt/airflow/dags/sus_pipeline.py for tasks to queue
[2026-04-29T13:03:03.229+0000] {logging_mixin.py:188} INFO - [2026-04-29T13:03:03.228+0000] {dagbag.py:538} INFO - Filling up the DagBag from /opt/airflow/dags/sus_pipeline.py
[2026-04-29T13:03:03.696+0000] {logging_mixin.py:188} INFO - [2026-04-29T13:03:03.695+0000] {dagbag.py:348} ERROR - Failed to import: /opt/airflow/dags/sus_pipeline.py
Traceback (most recent call last):
  File "/home/airflow/.local/lib/python3.8/site-packages/airflow/models/dagbag.py", line 344, in parse
    loader.exec_module(new_module)
  File "<frozen importlib._bootstrap_external>", line 843, in exec_module
  File "<frozen importlib._bootstrap>", line 219, in _call_with_frames_removed
  File "/opt/airflow/dags/sus_pipeline.py", line 6, in <module>
    from pysus.online_data.SIH import download
ModuleNotFoundError: No module named 'pysus'
[2026-04-29T13:03:03.696+0000] {processor.py:842} WARNING - No viable dags retrieved from /opt/airflow/dags/sus_pipeline.py
[2026-04-29T13:03:03.719+0000] {processor.py:183} INFO - Processing /opt/airflow/dags/sus_pipeline.py took 0.496 seconds
[2026-04-29T13:03:33.900+0000] {processor.py:161} INFO - Started process (PID=623) to work on /opt/airflow/dags/sus_pipeline.py
[2026-04-29T13:03:33.901+0000] {processor.py:830} INFO - Processing file /opt/airflow/dags/sus_pipeline.py for tasks to queue
[2026-04-29T13:03:33.901+0000] {logging_mixin.py:188} INFO - [2026-04-29T13:03:33.901+0000] {dagbag.py:538} INFO - Filling up the DagBag from /opt/airflow/dags/sus_pipeline.py
[2026-04-29T13:03:34.338+0000] {logging_mixin.py:188} INFO - [2026-04-29T13:03:34.337+0000] {dagbag.py:348} ERROR - Failed to import: /opt/airflow/dags/sus_pipeline.py
Traceback (most recent call last):
  File "/home/airflow/.local/lib/python3.8/site-packages/airflow/models/dagbag.py", line 344, in parse
    loader.exec_module(new_module)
  File "<frozen importlib._bootstrap_external>", line 843, in exec_module
  File "<frozen importlib._bootstrap>", line 219, in _call_with_frames_removed
  File "/opt/airflow/dags/sus_pipeline.py", line 6, in <module>
    from pysus.online_data.SIH import download
ModuleNotFoundError: No module named 'pysus'
[2026-04-29T13:03:34.339+0000] {processor.py:842} WARNING - No viable dags retrieved from /opt/airflow/dags/sus_pipeline.py
[2026-04-29T13:03:34.363+0000] {processor.py:183} INFO - Processing /opt/airflow/dags/sus_pipeline.py took 0.467 seconds
[2026-04-29T13:04:04.689+0000] {processor.py:161} INFO - Started process (PID=629) to work on /opt/airflow/dags/sus_pipeline.py
[2026-04-29T13:04:04.693+0000] {processor.py:830} INFO - Processing file /opt/airflow/dags/sus_pipeline.py for tasks to queue
[2026-04-29T13:04:04.696+0000] {logging_mixin.py:188} INFO - [2026-04-29T13:04:04.695+0000] {dagbag.py:538} INFO - Filling up the DagBag from /opt/airflow/dags/sus_pipeline.py
[2026-04-29T13:04:06.376+0000] {logging_mixin.py:188} INFO - [2026-04-29T13:04:06.373+0000] {dagbag.py:348} ERROR - Failed to import: /opt/airflow/dags/sus_pipeline.py
Traceback (most recent call last):
  File "/home/airflow/.local/lib/python3.8/site-packages/airflow/models/dagbag.py", line 344, in parse
    loader.exec_module(new_module)
  File "<frozen importlib._bootstrap_external>", line 843, in exec_module
  File "<frozen importlib._bootstrap>", line 219, in _call_with_frames_removed
  File "/opt/airflow/dags/sus_pipeline.py", line 6, in <module>
    from pysus.online_data.SIH import download
ModuleNotFoundError: No module named 'pysus'
[2026-04-29T13:04:06.377+0000] {processor.py:842} WARNING - No viable dags retrieved from /opt/airflow/dags/sus_pipeline.py
[2026-04-29T13:04:06.444+0000] {processor.py:183} INFO - Processing /opt/airflow/dags/sus_pipeline.py took 1.766 seconds
[2026-04-29T13:04:37.241+0000] {processor.py:161} INFO - Started process (PID=635) to work on /opt/airflow/dags/sus_pipeline.py
[2026-04-29T13:04:37.245+0000] {processor.py:830} INFO - Processing file /opt/airflow/dags/sus_pipeline.py for tasks to queue
[2026-04-29T13:04:37.248+0000] {logging_mixin.py:188} INFO - [2026-04-29T13:04:37.247+0000] {dagbag.py:538} INFO - Filling up the DagBag from /opt/airflow/dags/sus_pipeline.py
[2026-04-29T13:04:38.541+0000] {logging_mixin.py:188} INFO - [2026-04-29T13:04:38.538+0000] {dagbag.py:348} ERROR - Failed to import: /opt/airflow/dags/sus_pipeline.py
Traceback (most recent call last):
  File "/home/airflow/.local/lib/python3.8/site-packages/airflow/models/dagbag.py", line 344, in parse
    loader.exec_module(new_module)
  File "<frozen importlib._bootstrap_external>", line 843, in exec_module
  File "<frozen importlib._bootstrap>", line 219, in _call_with_frames_removed
  File "/opt/airflow/dags/sus_pipeline.py", line 6, in <module>
    from pysus.online_data.SIH import download
ModuleNotFoundError: No module named 'pysus'
[2026-04-29T13:04:38.542+0000] {processor.py:842} WARNING - No viable dags retrieved from /opt/airflow/dags/sus_pipeline.py
[2026-04-29T13:04:38.602+0000] {processor.py:183} INFO - Processing /opt/airflow/dags/sus_pipeline.py took 1.370 seconds
[2026-04-29T13:05:08.730+0000] {processor.py:161} INFO - Started process (PID=641) to work on /opt/airflow/dags/sus_pipeline.py
[2026-04-29T13:05:08.741+0000] {processor.py:830} INFO - Processing file /opt/airflow/dags/sus_pipeline.py for tasks to queue
[2026-04-29T13:05:08.746+0000] {logging_mixin.py:188} INFO - [2026-04-29T13:05:08.743+0000] {dagbag.py:538} INFO - Filling up the DagBag from /opt/airflow/dags/sus_pipeline.py
[2026-04-29T13:05:09.432+0000] {logging_mixin.py:188} INFO - [2026-04-29T13:05:09.429+0000] {dagbag.py:348} ERROR - Failed to import: /opt/airflow/dags/sus_pipeline.py
Traceback (most recent call last):
  File "/home/airflow/.local/lib/python3.8/site-packages/airflow/models/dagbag.py", line 344, in parse
    loader.exec_module(new_module)
  File "<frozen importlib._bootstrap_external>", line 843, in exec_module
  File "<frozen importlib._bootstrap>", line 219, in _call_with_frames_removed
  File "/opt/airflow/dags/sus_pipeline.py", line 6, in <module>
    from pysus.online_data.SIH import download
ModuleNotFoundError: No module named 'pysus'
[2026-04-29T13:05:09.434+0000] {processor.py:842} WARNING - No viable dags retrieved from /opt/airflow/dags/sus_pipeline.py
[2026-04-29T13:05:09.465+0000] {processor.py:183} INFO - Processing /opt/airflow/dags/sus_pipeline.py took 0.740 seconds
[2026-04-29T13:05:39.779+0000] {processor.py:161} INFO - Started process (PID=647) to work on /opt/airflow/dags/sus_pipeline.py
[2026-04-29T13:05:39.783+0000] {processor.py:830} INFO - Processing file /opt/airflow/dags/sus_pipeline.py for tasks to queue
[2026-04-29T13:05:39.784+0000] {logging_mixin.py:188} INFO - [2026-04-29T13:05:39.784+0000] {dagbag.py:538} INFO - Filling up the DagBag from /opt/airflow/dags/sus_pipeline.py
[2026-04-29T13:05:40.190+0000] {logging_mixin.py:188} INFO - [2026-04-29T13:05:40.189+0000] {dagbag.py:348} ERROR - Failed to import: /opt/airflow/dags/sus_pipeline.py
Traceback (most recent call last):
  File "/home/airflow/.local/lib/python3.8/site-packages/airflow/models/dagbag.py", line 344, in parse
    loader.exec_module(new_module)
  File "<frozen importlib._bootstrap_external>", line 843, in exec_module
  File "<frozen importlib._bootstrap>", line 219, in _call_with_frames_removed
  File "/opt/airflow/dags/sus_pipeline.py", line 6, in <module>
    from pysus.online_data.SIH import download
ModuleNotFoundError: No module named 'pysus'
[2026-04-29T13:05:40.190+0000] {processor.py:842} WARNING - No viable dags retrieved from /opt/airflow/dags/sus_pipeline.py
[2026-04-29T13:05:40.216+0000] {processor.py:183} INFO - Processing /opt/airflow/dags/sus_pipeline.py took 0.440 seconds
[2026-04-29T13:06:10.705+0000] {processor.py:161} INFO - Started process (PID=653) to work on /opt/airflow/dags/sus_pipeline.py
[2026-04-29T13:06:10.707+0000] {processor.py:830} INFO - Processing file /opt/airflow/dags/sus_pipeline.py for tasks to queue
[2026-04-29T13:06:10.709+0000] {logging_mixin.py:188} INFO - [2026-04-29T13:06:10.709+0000] {dagbag.py:538} INFO - Filling up the DagBag from /opt/airflow/dags/sus_pipeline.py
[2026-04-29T13:06:11.188+0000] {logging_mixin.py:188} INFO - [2026-04-29T13:06:11.187+0000] {dagbag.py:348} ERROR - Failed to import: /opt/airflow/dags/sus_pipeline.py
Traceback (most recent call last):
  File "/home/airflow/.local/lib/python3.8/site-packages/airflow/models/dagbag.py", line 344, in parse
    loader.exec_module(new_module)
  File "<frozen importlib._bootstrap_external>", line 843, in exec_module
  File "<frozen importlib._bootstrap>", line 219, in _call_with_frames_removed
  File "/opt/airflow/dags/sus_pipeline.py", line 6, in <module>
    from pysus.online_data.SIH import download
ModuleNotFoundError: No module named 'pysus'
[2026-04-29T13:06:11.189+0000] {processor.py:842} WARNING - No viable dags retrieved from /opt/airflow/dags/sus_pipeline.py
[2026-04-29T13:06:11.209+0000] {processor.py:183} INFO - Processing /opt/airflow/dags/sus_pipeline.py took 0.511 seconds
[2026-04-29T13:06:41.267+0000] {processor.py:161} INFO - Started process (PID=659) to work on /opt/airflow/dags/sus_pipeline.py
[2026-04-29T13:06:41.271+0000] {processor.py:830} INFO - Processing file /opt/airflow/dags/sus_pipeline.py for tasks to queue
[2026-04-29T13:06:41.274+0000] {logging_mixin.py:188} INFO - [2026-04-29T13:06:41.273+0000] {dagbag.py:538} INFO - Filling up the DagBag from /opt/airflow/dags/sus_pipeline.py
[2026-04-29T13:06:42.375+0000] {logging_mixin.py:188} INFO - [2026-04-29T13:06:42.373+0000] {dagbag.py:348} ERROR - Failed to import: /opt/airflow/dags/sus_pipeline.py
Traceback (most recent call last):
  File "/home/airflow/.local/lib/python3.8/site-packages/airflow/models/dagbag.py", line 344, in parse
    loader.exec_module(new_module)
  File "<frozen importlib._bootstrap_external>", line 843, in exec_module
  File "<frozen importlib._bootstrap>", line 219, in _call_with_frames_removed
  File "/opt/airflow/dags/sus_pipeline.py", line 6, in <module>
    from pysus.online_data.SIH import download
ModuleNotFoundError: No module named 'pysus'
[2026-04-29T13:06:42.375+0000] {processor.py:842} WARNING - No viable dags retrieved from /opt/airflow/dags/sus_pipeline.py
[2026-04-29T13:06:42.404+0000] {processor.py:183} INFO - Processing /opt/airflow/dags/sus_pipeline.py took 1.145 seconds
[2026-04-29T13:07:12.881+0000] {processor.py:161} INFO - Started process (PID=665) to work on /opt/airflow/dags/sus_pipeline.py
[2026-04-29T13:07:12.883+0000] {processor.py:830} INFO - Processing file /opt/airflow/dags/sus_pipeline.py for tasks to queue
[2026-04-29T13:07:12.884+0000] {logging_mixin.py:188} INFO - [2026-04-29T13:07:12.884+0000] {dagbag.py:538} INFO - Filling up the DagBag from /opt/airflow/dags/sus_pipeline.py
[2026-04-29T13:07:13.356+0000] {logging_mixin.py:188} INFO - [2026-04-29T13:07:13.355+0000] {dagbag.py:348} ERROR - Failed to import: /opt/airflow/dags/sus_pipeline.py
Traceback (most recent call last):
  File "/home/airflow/.local/lib/python3.8/site-packages/airflow/models/dagbag.py", line 344, in parse
    loader.exec_module(new_module)
  File "<frozen importlib._bootstrap_external>", line 843, in exec_module
  File "<frozen importlib._bootstrap>", line 219, in _call_with_frames_removed
  File "/opt/airflow/dags/sus_pipeline.py", line 6, in <module>
    from pysus.online_data.SIH import download
ModuleNotFoundError: No module named 'pysus'
[2026-04-29T13:07:13.357+0000] {processor.py:842} WARNING - No viable dags retrieved from /opt/airflow/dags/sus_pipeline.py
[2026-04-29T13:07:13.376+0000] {processor.py:183} INFO - Processing /opt/airflow/dags/sus_pipeline.py took 0.498 seconds
[2026-04-29T13:07:43.657+0000] {processor.py:161} INFO - Started process (PID=671) to work on /opt/airflow/dags/sus_pipeline.py
[2026-04-29T13:07:43.658+0000] {processor.py:830} INFO - Processing file /opt/airflow/dags/sus_pipeline.py for tasks to queue
[2026-04-29T13:07:43.659+0000] {logging_mixin.py:188} INFO - [2026-04-29T13:07:43.659+0000] {dagbag.py:538} INFO - Filling up the DagBag from /opt/airflow/dags/sus_pipeline.py
[2026-04-29T13:07:44.114+0000] {logging_mixin.py:188} INFO - [2026-04-29T13:07:44.113+0000] {dagbag.py:348} ERROR - Failed to import: /opt/airflow/dags/sus_pipeline.py
Traceback (most recent call last):
  File "/home/airflow/.local/lib/python3.8/site-packages/airflow/models/dagbag.py", line 344, in parse
    loader.exec_module(new_module)
  File "<frozen importlib._bootstrap_external>", line 843, in exec_module
  File "<frozen importlib._bootstrap>", line 219, in _call_with_frames_removed
  File "/opt/airflow/dags/sus_pipeline.py", line 6, in <module>
    from pysus.online_data.SIH import download
ModuleNotFoundError: No module named 'pysus'
[2026-04-29T13:07:44.114+0000] {processor.py:842} WARNING - No viable dags retrieved from /opt/airflow/dags/sus_pipeline.py
[2026-04-29T13:07:44.132+0000] {processor.py:183} INFO - Processing /opt/airflow/dags/sus_pipeline.py took 0.481 seconds
[2026-04-29T13:08:14.643+0000] {processor.py:161} INFO - Started process (PID=677) to work on /opt/airflow/dags/sus_pipeline.py
[2026-04-29T13:08:14.645+0000] {processor.py:830} INFO - Processing file /opt/airflow/dags/sus_pipeline.py for tasks to queue
[2026-04-29T13:08:14.646+0000] {logging_mixin.py:188} INFO - [2026-04-29T13:08:14.645+0000] {dagbag.py:538} INFO - Filling up the DagBag from /opt/airflow/dags/sus_pipeline.py
[2026-04-29T13:08:14.997+0000] {logging_mixin.py:188} INFO - [2026-04-29T13:08:14.997+0000] {dagbag.py:348} ERROR - Failed to import: /opt/airflow/dags/sus_pipeline.py
Traceback (most recent call last):
  File "/home/airflow/.local/lib/python3.8/site-packages/airflow/models/dagbag.py", line 344, in parse
    loader.exec_module(new_module)
  File "<frozen importlib._bootstrap_external>", line 843, in exec_module
  File "<frozen importlib._bootstrap>", line 219, in _call_with_frames_removed
  File "/opt/airflow/dags/sus_pipeline.py", line 6, in <module>
    from pysus.online_data.SIH import download
ModuleNotFoundError: No module named 'pysus'
[2026-04-29T13:08:14.998+0000] {processor.py:842} WARNING - No viable dags retrieved from /opt/airflow/dags/sus_pipeline.py
[2026-04-29T13:08:15.015+0000] {processor.py:183} INFO - Processing /opt/airflow/dags/sus_pipeline.py took 0.375 seconds
[2026-04-29T13:08:45.211+0000] {processor.py:161} INFO - Started process (PID=683) to work on /opt/airflow/dags/sus_pipeline.py
[2026-04-29T13:08:45.212+0000] {processor.py:830} INFO - Processing file /opt/airflow/dags/sus_pipeline.py for tasks to queue
[2026-04-29T13:08:45.213+0000] {logging_mixin.py:188} INFO - [2026-04-29T13:08:45.212+0000] {dagbag.py:538} INFO - Filling up the DagBag from /opt/airflow/dags/sus_pipeline.py
[2026-04-29T13:08:45.659+0000] {logging_mixin.py:188} INFO - [2026-04-29T13:08:45.658+0000] {dagbag.py:348} ERROR - Failed to import: /opt/airflow/dags/sus_pipeline.py
Traceback (most recent call last):
  File "/home/airflow/.local/lib/python3.8/site-packages/airflow/models/dagbag.py", line 344, in parse
    loader.exec_module(new_module)
  File "<frozen importlib._bootstrap_external>", line 843, in exec_module
  File "<frozen importlib._bootstrap>", line 219, in _call_with_frames_removed
  File "/opt/airflow/dags/sus_pipeline.py", line 6, in <module>
    from pysus.online_data.SIH import download
ModuleNotFoundError: No module named 'pysus'
[2026-04-29T13:08:45.659+0000] {processor.py:842} WARNING - No viable dags retrieved from /opt/airflow/dags/sus_pipeline.py
[2026-04-29T13:08:45.677+0000] {processor.py:183} INFO - Processing /opt/airflow/dags/sus_pipeline.py took 0.469 seconds
[2026-04-29T13:09:15.802+0000] {processor.py:161} INFO - Started process (PID=689) to work on /opt/airflow/dags/sus_pipeline.py
[2026-04-29T13:09:15.804+0000] {processor.py:830} INFO - Processing file /opt/airflow/dags/sus_pipeline.py for tasks to queue
[2026-04-29T13:09:15.804+0000] {logging_mixin.py:188} INFO - [2026-04-29T13:09:15.804+0000] {dagbag.py:538} INFO - Filling up the DagBag from /opt/airflow/dags/sus_pipeline.py
[2026-04-29T13:09:16.239+0000] {logging_mixin.py:188} INFO - [2026-04-29T13:09:16.239+0000] {dagbag.py:348} ERROR - Failed to import: /opt/airflow/dags/sus_pipeline.py
Traceback (most recent call last):
  File "/home/airflow/.local/lib/python3.8/site-packages/airflow/models/dagbag.py", line 344, in parse
    loader.exec_module(new_module)
  File "<frozen importlib._bootstrap_external>", line 843, in exec_module
  File "<frozen importlib._bootstrap>", line 219, in _call_with_frames_removed
  File "/opt/airflow/dags/sus_pipeline.py", line 6, in <module>
    from pysus.online_data.SIH import download
ModuleNotFoundError: No module named 'pysus'
[2026-04-29T13:09:16.240+0000] {processor.py:842} WARNING - No viable dags retrieved from /opt/airflow/dags/sus_pipeline.py
[2026-04-29T13:09:16.255+0000] {processor.py:183} INFO - Processing /opt/airflow/dags/sus_pipeline.py took 0.457 seconds
[2026-04-29T13:09:46.404+0000] {processor.py:161} INFO - Started process (PID=695) to work on /opt/airflow/dags/sus_pipeline.py
[2026-04-29T13:09:46.406+0000] {processor.py:830} INFO - Processing file /opt/airflow/dags/sus_pipeline.py for tasks to queue
[2026-04-29T13:09:46.407+0000] {logging_mixin.py:188} INFO - [2026-04-29T13:09:46.407+0000] {dagbag.py:538} INFO - Filling up the DagBag from /opt/airflow/dags/sus_pipeline.py
[2026-04-29T13:09:46.817+0000] {logging_mixin.py:188} INFO - [2026-04-29T13:09:46.816+0000] {dagbag.py:348} ERROR - Failed to import: /opt/airflow/dags/sus_pipeline.py
Traceback (most recent call last):
  File "/home/airflow/.local/lib/python3.8/site-packages/airflow/models/dagbag.py", line 344, in parse
    loader.exec_module(new_module)
  File "<frozen importlib._bootstrap_external>", line 843, in exec_module
  File "<frozen importlib._bootstrap>", line 219, in _call_with_frames_removed
  File "/opt/airflow/dags/sus_pipeline.py", line 6, in <module>
    from pysus.online_data.SIH import download
ModuleNotFoundError: No module named 'pysus'
[2026-04-29T13:09:46.817+0000] {processor.py:842} WARNING - No viable dags retrieved from /opt/airflow/dags/sus_pipeline.py
[2026-04-29T13:09:46.841+0000] {processor.py:183} INFO - Processing /opt/airflow/dags/sus_pipeline.py took 0.440 seconds
[2026-04-29T13:10:16.940+0000] {processor.py:161} INFO - Started process (PID=701) to work on /opt/airflow/dags/sus_pipeline.py
[2026-04-29T13:10:16.941+0000] {processor.py:830} INFO - Processing file /opt/airflow/dags/sus_pipeline.py for tasks to queue
[2026-04-29T13:10:16.942+0000] {logging_mixin.py:188} INFO - [2026-04-29T13:10:16.942+0000] {dagbag.py:538} INFO - Filling up the DagBag from /opt/airflow/dags/sus_pipeline.py
[2026-04-29T13:10:17.356+0000] {logging_mixin.py:188} INFO - [2026-04-29T13:10:17.355+0000] {dagbag.py:348} ERROR - Failed to import: /opt/airflow/dags/sus_pipeline.py
Traceback (most recent call last):
  File "/home/airflow/.local/lib/python3.8/site-packages/airflow/models/dagbag.py", line 344, in parse
    loader.exec_module(new_module)
  File "<frozen importlib._bootstrap_external>", line 843, in exec_module
  File "<frozen importlib._bootstrap>", line 219, in _call_with_frames_removed
  File "/opt/airflow/dags/sus_pipeline.py", line 6, in <module>
    from pysus.online_data.SIH import download
ModuleNotFoundError: No module named 'pysus'
[2026-04-29T13:10:17.357+0000] {processor.py:842} WARNING - No viable dags retrieved from /opt/airflow/dags/sus_pipeline.py
[2026-04-29T13:10:17.373+0000] {processor.py:183} INFO - Processing /opt/airflow/dags/sus_pipeline.py took 0.436 seconds
[2026-04-29T13:10:47.458+0000] {processor.py:161} INFO - Started process (PID=707) to work on /opt/airflow/dags/sus_pipeline.py
[2026-04-29T13:10:47.460+0000] {processor.py:830} INFO - Processing file /opt/airflow/dags/sus_pipeline.py for tasks to queue
[2026-04-29T13:10:47.461+0000] {logging_mixin.py:188} INFO - [2026-04-29T13:10:47.461+0000] {dagbag.py:538} INFO - Filling up the DagBag from /opt/airflow/dags/sus_pipeline.py
[2026-04-29T13:10:47.872+0000] {logging_mixin.py:188} INFO - [2026-04-29T13:10:47.871+0000] {dagbag.py:348} ERROR - Failed to import: /opt/airflow/dags/sus_pipeline.py
Traceback (most recent call last):
  File "/home/airflow/.local/lib/python3.8/site-packages/airflow/models/dagbag.py", line 344, in parse
    loader.exec_module(new_module)
  File "<frozen importlib._bootstrap_external>", line 843, in exec_module
  File "<frozen importlib._bootstrap>", line 219, in _call_with_frames_removed
  File "/opt/airflow/dags/sus_pipeline.py", line 6, in <module>
    from pysus.online_data.SIH import download
ModuleNotFoundError: No module named 'pysus'
[2026-04-29T13:10:47.872+0000] {processor.py:842} WARNING - No viable dags retrieved from /opt/airflow/dags/sus_pipeline.py
[2026-04-29T13:10:47.890+0000] {processor.py:183} INFO - Processing /opt/airflow/dags/sus_pipeline.py took 0.439 seconds
[2026-04-29T13:11:18.536+0000] {processor.py:161} INFO - Started process (PID=713) to work on /opt/airflow/dags/sus_pipeline.py
[2026-04-29T13:11:18.540+0000] {processor.py:830} INFO - Processing file /opt/airflow/dags/sus_pipeline.py for tasks to queue
[2026-04-29T13:11:18.542+0000] {logging_mixin.py:188} INFO - [2026-04-29T13:11:18.541+0000] {dagbag.py:538} INFO - Filling up the DagBag from /opt/airflow/dags/sus_pipeline.py
[2026-04-29T13:11:18.891+0000] {logging_mixin.py:188} INFO - [2026-04-29T13:11:18.890+0000] {dagbag.py:348} ERROR - Failed to import: /opt/airflow/dags/sus_pipeline.py
Traceback (most recent call last):
  File "/home/airflow/.local/lib/python3.8/site-packages/airflow/models/dagbag.py", line 344, in parse
    loader.exec_module(new_module)
  File "<frozen importlib._bootstrap_external>", line 843, in exec_module
  File "<frozen importlib._bootstrap>", line 219, in _call_with_frames_removed
  File "/opt/airflow/dags/sus_pipeline.py", line 6, in <module>
    from pysus.online_data.SIH import download
ModuleNotFoundError: No module named 'pysus'
[2026-04-29T13:11:18.891+0000] {processor.py:842} WARNING - No viable dags retrieved from /opt/airflow/dags/sus_pipeline.py
[2026-04-29T13:11:18.915+0000] {processor.py:183} INFO - Processing /opt/airflow/dags/sus_pipeline.py took 0.385 seconds
[2026-04-29T13:11:49.162+0000] {processor.py:161} INFO - Started process (PID=719) to work on /opt/airflow/dags/sus_pipeline.py
[2026-04-29T13:11:49.164+0000] {processor.py:830} INFO - Processing file /opt/airflow/dags/sus_pipeline.py for tasks to queue
[2026-04-29T13:11:49.165+0000] {logging_mixin.py:188} INFO - [2026-04-29T13:11:49.164+0000] {dagbag.py:538} INFO - Filling up the DagBag from /opt/airflow/dags/sus_pipeline.py
[2026-04-29T13:11:49.770+0000] {logging_mixin.py:188} INFO - [2026-04-29T13:11:49.770+0000] {dagbag.py:348} ERROR - Failed to import: /opt/airflow/dags/sus_pipeline.py
Traceback (most recent call last):
  File "/home/airflow/.local/lib/python3.8/site-packages/airflow/models/dagbag.py", line 344, in parse
    loader.exec_module(new_module)
  File "<frozen importlib._bootstrap_external>", line 843, in exec_module
  File "<frozen importlib._bootstrap>", line 219, in _call_with_frames_removed
  File "/opt/airflow/dags/sus_pipeline.py", line 6, in <module>
    from pysus.online_data.SIH import download
ModuleNotFoundError: No module named 'pysus'
[2026-04-29T13:11:49.771+0000] {processor.py:842} WARNING - No viable dags retrieved from /opt/airflow/dags/sus_pipeline.py
[2026-04-29T13:11:49.788+0000] {processor.py:183} INFO - Processing /opt/airflow/dags/sus_pipeline.py took 0.632 seconds
[2026-04-29T13:12:19.951+0000] {processor.py:161} INFO - Started process (PID=725) to work on /opt/airflow/dags/sus_pipeline.py
[2026-04-29T13:12:19.952+0000] {processor.py:830} INFO - Processing file /opt/airflow/dags/sus_pipeline.py for tasks to queue
[2026-04-29T13:12:19.953+0000] {logging_mixin.py:188} INFO - [2026-04-29T13:12:19.953+0000] {dagbag.py:538} INFO - Filling up the DagBag from /opt/airflow/dags/sus_pipeline.py
[2026-04-29T13:12:20.612+0000] {logging_mixin.py:188} INFO - [2026-04-29T13:12:20.611+0000] {dagbag.py:348} ERROR - Failed to import: /opt/airflow/dags/sus_pipeline.py
Traceback (most recent call last):
  File "/home/airflow/.local/lib/python3.8/site-packages/airflow/models/dagbag.py", line 344, in parse
    loader.exec_module(new_module)
  File "<frozen importlib._bootstrap_external>", line 843, in exec_module
  File "<frozen importlib._bootstrap>", line 219, in _call_with_frames_removed
  File "/opt/airflow/dags/sus_pipeline.py", line 6, in <module>
    from pysus.online_data.SIH import download
ModuleNotFoundError: No module named 'pysus'
[2026-04-29T13:12:20.613+0000] {processor.py:842} WARNING - No viable dags retrieved from /opt/airflow/dags/sus_pipeline.py
[2026-04-29T13:12:20.631+0000] {processor.py:183} INFO - Processing /opt/airflow/dags/sus_pipeline.py took 0.683 seconds
[2026-04-29T13:12:51.935+0000] {processor.py:161} INFO - Started process (PID=731) to work on /opt/airflow/dags/sus_pipeline.py
[2026-04-29T13:12:51.937+0000] {processor.py:830} INFO - Processing file /opt/airflow/dags/sus_pipeline.py for tasks to queue
[2026-04-29T13:12:51.938+0000] {logging_mixin.py:188} INFO - [2026-04-29T13:12:51.938+0000] {dagbag.py:538} INFO - Filling up the DagBag from /opt/airflow/dags/sus_pipeline.py
[2026-04-29T13:12:52.434+0000] {logging_mixin.py:188} INFO - [2026-04-29T13:12:52.433+0000] {dagbag.py:348} ERROR - Failed to import: /opt/airflow/dags/sus_pipeline.py
Traceback (most recent call last):
  File "/home/airflow/.local/lib/python3.8/site-packages/airflow/models/dagbag.py", line 344, in parse
    loader.exec_module(new_module)
  File "<frozen importlib._bootstrap_external>", line 843, in exec_module
  File "<frozen importlib._bootstrap>", line 219, in _call_with_frames_removed
  File "/opt/airflow/dags/sus_pipeline.py", line 6, in <module>
    from pysus.online_data.SIH import download
ModuleNotFoundError: No module named 'pysus'
[2026-04-29T13:12:52.434+0000] {processor.py:842} WARNING - No viable dags retrieved from /opt/airflow/dags/sus_pipeline.py
[2026-04-29T13:12:52.500+0000] {processor.py:183} INFO - Processing /opt/airflow/dags/sus_pipeline.py took 0.567 seconds
[2026-04-29T13:28:27.965+0000] {processor.py:161} INFO - Started process (PID=160) to work on /opt/airflow/dags/sus_pipeline.py
[2026-04-29T13:28:27.969+0000] {processor.py:830} INFO - Processing file /opt/airflow/dags/sus_pipeline.py for tasks to queue
[2026-04-29T13:28:27.970+0000] {logging_mixin.py:188} INFO - [2026-04-29T13:28:27.970+0000] {dagbag.py:538} INFO - Filling up the DagBag from /opt/airflow/dags/sus_pipeline.py
[2026-04-29T13:28:28.446+0000] {logging_mixin.py:188} WARNING - 
A module that was compiled using NumPy 1.x cannot be run in
NumPy 2.2.6 as it may crash. To support both 1.x and 2.x
versions of NumPy, modules must be compiled with NumPy 2.0.
Some module may need to rebuild instead e.g. with 'pybind11>=2.12'.

If you are a user of the module, the easiest solution will be to
downgrade to 'numpy<2' or try to upgrade the affected module.
We expect that some modules will need time to support NumPy 2.

Traceback (most recent call last):  File "/home/airflow/.local/bin/airflow", line 8, in <module>
    sys.exit(main())
  File "/home/airflow/.local/lib/python3.10/site-packages/airflow/__main__.py", line 57, in main
    args.func(args)
  File "/home/airflow/.local/lib/python3.10/site-packages/airflow/cli/cli_config.py", line 49, in command
    return func(*args, **kwargs)
  File "/home/airflow/.local/lib/python3.10/site-packages/airflow/utils/cli.py", line 114, in wrapper
    return f(*args, **kwargs)
  File "/home/airflow/.local/lib/python3.10/site-packages/airflow/utils/providers_configuration_loader.py", line 55, in wrapped_function
    return func(*args, **kwargs)
  File "/home/airflow/.local/lib/python3.10/site-packages/airflow/cli/commands/scheduler_command.py", line 67, in scheduler
    run_command_with_daemon_option(
  File "/home/airflow/.local/lib/python3.10/site-packages/airflow/cli/commands/daemon_utils.py", line 86, in run_command_with_daemon_option
    callback()
  File "/home/airflow/.local/lib/python3.10/site-packages/airflow/cli/commands/scheduler_command.py", line 70, in <lambda>
    callback=lambda: _run_scheduler_job(args),
  File "/home/airflow/.local/lib/python3.10/site-packages/airflow/cli/commands/scheduler_command.py", line 52, in _run_scheduler_job
    run_job(job=job_runner.job, execute_callable=job_runner._execute)
  File "/home/airflow/.local/lib/python3.10/site-packages/airflow/utils/session.py", line 79, in wrapper
    return func(*args, session=session, **kwargs)
  File "/home/airflow/.local/lib/python3.10/site-packages/airflow/jobs/job.py", line 393, in run_job
    return execute_job(job, execute_callable=execute_callable)
  File "/home/airflow/.local/lib/python3.10/site-packages/airflow/jobs/job.py", line 422, in execute_job
    ret = execute_callable()
  File "/home/airflow/.local/lib/python3.10/site-packages/airflow/jobs/scheduler_job_runner.py", line 851, in _execute
    self.processor_agent.start()
  File "/home/airflow/.local/lib/python3.10/site-packages/airflow/dag_processing/manager.py", line 167, in start
    process.start()
  File "/usr/local/lib/python3.10/multiprocessing/process.py", line 121, in start
    self._popen = self._Popen(self)
  File "/usr/local/lib/python3.10/multiprocessing/context.py", line 281, in _Popen
    return Popen(process_obj)
  File "/usr/local/lib/python3.10/multiprocessing/popen_fork.py", line 19, in __init__
    self._launch(process_obj)
  File "/usr/local/lib/python3.10/multiprocessing/popen_fork.py", line 71, in _launch
    code = process_obj._bootstrap(parent_sentinel=child_r)
  File "/usr/local/lib/python3.10/multiprocessing/process.py", line 314, in _bootstrap
    self.run()
  File "/usr/local/lib/python3.10/multiprocessing/process.py", line 108, in run
    self._target(*self._args, **self._kwargs)
  File "/home/airflow/.local/lib/python3.10/site-packages/airflow/dag_processing/manager.py", line 240, in _run_processor_manager
    processor_manager.start()
  File "/home/airflow/.local/lib/python3.10/site-packages/airflow/dag_processing/manager.py", line 475, in start
    return self._run_parsing_loop()
  File "/home/airflow/.local/lib/python3.10/site-packages/airflow/dag_processing/manager.py", line 555, in _run_parsing_loop
    self.start_new_processes()
  File "/home/airflow/.local/lib/python3.10/site-packages/airflow/dag_processing/manager.py", line 1088, in start_new_processes
    processor.start()
  File "/home/airflow/.local/lib/python3.10/site-packages/airflow/dag_processing/processor.py", line 238, in start
    process.start()
  File "/usr/local/lib/python3.10/multiprocessing/process.py", line 121, in start
    self._popen = self._Popen(self)
  File "/usr/local/lib/python3.10/multiprocessing/context.py", line 281, in _Popen
    return Popen(process_obj)
  File "/usr/local/lib/python3.10/multiprocessing/popen_fork.py", line 19, in __init__
    self._launch(process_obj)
  File "/usr/local/lib/python3.10/multiprocessing/popen_fork.py", line 71, in _launch
    code = process_obj._bootstrap(parent_sentinel=child_r)
  File "/usr/local/lib/python3.10/multiprocessing/process.py", line 314, in _bootstrap
    self.run()
  File "/usr/local/lib/python3.10/multiprocessing/process.py", line 108, in run
    self._target(*self._args, **self._kwargs)
  File "/home/airflow/.local/lib/python3.10/site-packages/airflow/dag_processing/processor.py", line 182, in _run_file_processor
    _handle_dag_file_processing()
  File "/home/airflow/.local/lib/python3.10/site-packages/airflow/dag_processing/processor.py", line 163, in _handle_dag_file_processing
    result: tuple[int, int] = dag_file_processor.process_file(
  File "/home/airflow/.local/lib/python3.10/site-packages/airflow/utils/session.py", line 79, in wrapper
    return func(*args, session=session, **kwargs)
  File "/home/airflow/.local/lib/python3.10/site-packages/airflow/dag_processing/processor.py", line 833, in process_file
    dagbag = DagFileProcessor._get_dagbag(file_path)
  File "/home/airflow/.local/lib/python3.10/site-packages/airflow/dag_processing/processor.py", line 797, in _get_dagbag
    return DagBag(file_path, include_examples=False)
  File "/home/airflow/.local/lib/python3.10/site-packages/airflow/models/dagbag.py", line 143, in __init__
    self.collect_dags(
  File "/home/airflow/.local/lib/python3.10/site-packages/airflow/models/dagbag.py", line 552, in collect_dags
    found_dags = self.process_file(filepath, only_if_updated=only_if_updated, safe_mode=safe_mode)
  File "/home/airflow/.local/lib/python3.10/site-packages/airflow/models/dagbag.py", line 309, in process_file
    mods = self._load_modules_from_file(filepath, safe_mode)
  File "/home/airflow/.local/lib/python3.10/site-packages/airflow/models/dagbag.py", line 374, in _load_modules_from_file
    return parse(mod_name, filepath)
  File "/home/airflow/.local/lib/python3.10/site-packages/airflow/models/dagbag.py", line 344, in parse
    loader.exec_module(new_module)
  File "/opt/airflow/dags/sus_pipeline.py", line 5, in <module>
    import pandas as pd
  File "/home/airflow/.local/lib/python3.10/site-packages/pandas/__init__.py", line 26, in <module>
    from pandas.compat import (
  File "/home/airflow/.local/lib/python3.10/site-packages/pandas/compat/__init__.py", line 29, in <module>
    from pandas.compat.pyarrow import (
  File "/home/airflow/.local/lib/python3.10/site-packages/pandas/compat/pyarrow.py", line 8, in <module>
    import pyarrow as pa
  File "/home/airflow/.local/lib/python3.10/site-packages/pyarrow/__init__.py", line 65, in <module>
    import pyarrow.lib as _lib
[2026-04-29T13:28:28.446+0000] {logging_mixin.py:188} WARNING - AttributeError: _ARRAY_API not found
[2026-04-29T13:28:28.510+0000] {logging_mixin.py:188} WARNING - 
A module that was compiled using NumPy 1.x cannot be run in
NumPy 2.2.6 as it may crash. To support both 1.x and 2.x
versions of NumPy, modules must be compiled with NumPy 2.0.
Some module may need to rebuild instead e.g. with 'pybind11>=2.12'.

If you are a user of the module, the easiest solution will be to
downgrade to 'numpy<2' or try to upgrade the affected module.
We expect that some modules will need time to support NumPy 2.

Traceback (most recent call last):  File "/home/airflow/.local/bin/airflow", line 8, in <module>
    sys.exit(main())
  File "/home/airflow/.local/lib/python3.10/site-packages/airflow/__main__.py", line 57, in main
    args.func(args)
  File "/home/airflow/.local/lib/python3.10/site-packages/airflow/cli/cli_config.py", line 49, in command
    return func(*args, **kwargs)
  File "/home/airflow/.local/lib/python3.10/site-packages/airflow/utils/cli.py", line 114, in wrapper
    return f(*args, **kwargs)
  File "/home/airflow/.local/lib/python3.10/site-packages/airflow/utils/providers_configuration_loader.py", line 55, in wrapped_function
    return func(*args, **kwargs)
  File "/home/airflow/.local/lib/python3.10/site-packages/airflow/cli/commands/scheduler_command.py", line 67, in scheduler
    run_command_with_daemon_option(
  File "/home/airflow/.local/lib/python3.10/site-packages/airflow/cli/commands/daemon_utils.py", line 86, in run_command_with_daemon_option
    callback()
  File "/home/airflow/.local/lib/python3.10/site-packages/airflow/cli/commands/scheduler_command.py", line 70, in <lambda>
    callback=lambda: _run_scheduler_job(args),
  File "/home/airflow/.local/lib/python3.10/site-packages/airflow/cli/commands/scheduler_command.py", line 52, in _run_scheduler_job
    run_job(job=job_runner.job, execute_callable=job_runner._execute)
  File "/home/airflow/.local/lib/python3.10/site-packages/airflow/utils/session.py", line 79, in wrapper
    return func(*args, session=session, **kwargs)
  File "/home/airflow/.local/lib/python3.10/site-packages/airflow/jobs/job.py", line 393, in run_job
    return execute_job(job, execute_callable=execute_callable)
  File "/home/airflow/.local/lib/python3.10/site-packages/airflow/jobs/job.py", line 422, in execute_job
    ret = execute_callable()
  File "/home/airflow/.local/lib/python3.10/site-packages/airflow/jobs/scheduler_job_runner.py", line 851, in _execute
    self.processor_agent.start()
  File "/home/airflow/.local/lib/python3.10/site-packages/airflow/dag_processing/manager.py", line 167, in start
    process.start()
  File "/usr/local/lib/python3.10/multiprocessing/process.py", line 121, in start
    self._popen = self._Popen(self)
  File "/usr/local/lib/python3.10/multiprocessing/context.py", line 281, in _Popen
    return Popen(process_obj)
  File "/usr/local/lib/python3.10/multiprocessing/popen_fork.py", line 19, in __init__
    self._launch(process_obj)
  File "/usr/local/lib/python3.10/multiprocessing/popen_fork.py", line 71, in _launch
    code = process_obj._bootstrap(parent_sentinel=child_r)
  File "/usr/local/lib/python3.10/multiprocessing/process.py", line 314, in _bootstrap
    self.run()
  File "/usr/local/lib/python3.10/multiprocessing/process.py", line 108, in run
    self._target(*self._args, **self._kwargs)
  File "/home/airflow/.local/lib/python3.10/site-packages/airflow/dag_processing/manager.py", line 240, in _run_processor_manager
    processor_manager.start()
  File "/home/airflow/.local/lib/python3.10/site-packages/airflow/dag_processing/manager.py", line 475, in start
    return self._run_parsing_loop()
  File "/home/airflow/.local/lib/python3.10/site-packages/airflow/dag_processing/manager.py", line 555, in _run_parsing_loop
    self.start_new_processes()
  File "/home/airflow/.local/lib/python3.10/site-packages/airflow/dag_processing/manager.py", line 1088, in start_new_processes
    processor.start()
  File "/home/airflow/.local/lib/python3.10/site-packages/airflow/dag_processing/processor.py", line 238, in start
    process.start()
  File "/usr/local/lib/python3.10/multiprocessing/process.py", line 121, in start
    self._popen = self._Popen(self)
  File "/usr/local/lib/python3.10/multiprocessing/context.py", line 281, in _Popen
    return Popen(process_obj)
  File "/usr/local/lib/python3.10/multiprocessing/popen_fork.py", line 19, in __init__
    self._launch(process_obj)
  File "/usr/local/lib/python3.10/multiprocessing/popen_fork.py", line 71, in _launch
    code = process_obj._bootstrap(parent_sentinel=child_r)
  File "/usr/local/lib/python3.10/multiprocessing/process.py", line 314, in _bootstrap
    self.run()
  File "/usr/local/lib/python3.10/multiprocessing/process.py", line 108, in run
    self._target(*self._args, **self._kwargs)
  File "/home/airflow/.local/lib/python3.10/site-packages/airflow/dag_processing/processor.py", line 182, in _run_file_processor
    _handle_dag_file_processing()
  File "/home/airflow/.local/lib/python3.10/site-packages/airflow/dag_processing/processor.py", line 163, in _handle_dag_file_processing
    result: tuple[int, int] = dag_file_processor.process_file(
  File "/home/airflow/.local/lib/python3.10/site-packages/airflow/utils/session.py", line 79, in wrapper
    return func(*args, session=session, **kwargs)
  File "/home/airflow/.local/lib/python3.10/site-packages/airflow/dag_processing/processor.py", line 833, in process_file
    dagbag = DagFileProcessor._get_dagbag(file_path)
  File "/home/airflow/.local/lib/python3.10/site-packages/airflow/dag_processing/processor.py", line 797, in _get_dagbag
    return DagBag(file_path, include_examples=False)
  File "/home/airflow/.local/lib/python3.10/site-packages/airflow/models/dagbag.py", line 143, in __init__
    self.collect_dags(
  File "/home/airflow/.local/lib/python3.10/site-packages/airflow/models/dagbag.py", line 552, in collect_dags
    found_dags = self.process_file(filepath, only_if_updated=only_if_updated, safe_mode=safe_mode)
  File "/home/airflow/.local/lib/python3.10/site-packages/airflow/models/dagbag.py", line 309, in process_file
    mods = self._load_modules_from_file(filepath, safe_mode)
  File "/home/airflow/.local/lib/python3.10/site-packages/airflow/models/dagbag.py", line 374, in _load_modules_from_file
    return parse(mod_name, filepath)
  File "/home/airflow/.local/lib/python3.10/site-packages/airflow/models/dagbag.py", line 344, in parse
    loader.exec_module(new_module)
  File "/opt/airflow/dags/sus_pipeline.py", line 5, in <module>
    import pandas as pd
  File "/home/airflow/.local/lib/python3.10/site-packages/pandas/__init__.py", line 49, in <module>
    from pandas.core.api import (
  File "/home/airflow/.local/lib/python3.10/site-packages/pandas/core/api.py", line 9, in <module>
    from pandas.core.dtypes.dtypes import (
  File "/home/airflow/.local/lib/python3.10/site-packages/pandas/core/dtypes/dtypes.py", line 24, in <module>
    from pandas._libs import (
  File "/home/airflow/.local/lib/python3.10/site-packages/pyarrow/__init__.py", line 65, in <module>
    import pyarrow.lib as _lib
[2026-04-29T13:28:28.511+0000] {logging_mixin.py:188} WARNING - AttributeError: _ARRAY_API not found
[2026-04-29T13:28:28.816+0000] {logging_mixin.py:188} WARNING - 
A module that was compiled using NumPy 1.x cannot be run in
NumPy 2.2.6 as it may crash. To support both 1.x and 2.x
versions of NumPy, modules must be compiled with NumPy 2.0.
Some module may need to rebuild instead e.g. with 'pybind11>=2.12'.

If you are a user of the module, the easiest solution will be to
downgrade to 'numpy<2' or try to upgrade the affected module.
We expect that some modules will need time to support NumPy 2.

Traceback (most recent call last):  File "/home/airflow/.local/bin/airflow", line 8, in <module>
    sys.exit(main())
  File "/home/airflow/.local/lib/python3.10/site-packages/airflow/__main__.py", line 57, in main
    args.func(args)
  File "/home/airflow/.local/lib/python3.10/site-packages/airflow/cli/cli_config.py", line 49, in command
    return func(*args, **kwargs)
  File "/home/airflow/.local/lib/python3.10/site-packages/airflow/utils/cli.py", line 114, in wrapper
    return f(*args, **kwargs)
  File "/home/airflow/.local/lib/python3.10/site-packages/airflow/utils/providers_configuration_loader.py", line 55, in wrapped_function
    return func(*args, **kwargs)
  File "/home/airflow/.local/lib/python3.10/site-packages/airflow/cli/commands/scheduler_command.py", line 67, in scheduler
    run_command_with_daemon_option(
  File "/home/airflow/.local/lib/python3.10/site-packages/airflow/cli/commands/daemon_utils.py", line 86, in run_command_with_daemon_option
    callback()
  File "/home/airflow/.local/lib/python3.10/site-packages/airflow/cli/commands/scheduler_command.py", line 70, in <lambda>
    callback=lambda: _run_scheduler_job(args),
  File "/home/airflow/.local/lib/python3.10/site-packages/airflow/cli/commands/scheduler_command.py", line 52, in _run_scheduler_job
    run_job(job=job_runner.job, execute_callable=job_runner._execute)
  File "/home/airflow/.local/lib/python3.10/site-packages/airflow/utils/session.py", line 79, in wrapper
    return func(*args, session=session, **kwargs)
  File "/home/airflow/.local/lib/python3.10/site-packages/airflow/jobs/job.py", line 393, in run_job
    return execute_job(job, execute_callable=execute_callable)
  File "/home/airflow/.local/lib/python3.10/site-packages/airflow/jobs/job.py", line 422, in execute_job
    ret = execute_callable()
  File "/home/airflow/.local/lib/python3.10/site-packages/airflow/jobs/scheduler_job_runner.py", line 851, in _execute
    self.processor_agent.start()
  File "/home/airflow/.local/lib/python3.10/site-packages/airflow/dag_processing/manager.py", line 167, in start
    process.start()
  File "/usr/local/lib/python3.10/multiprocessing/process.py", line 121, in start
    self._popen = self._Popen(self)
  File "/usr/local/lib/python3.10/multiprocessing/context.py", line 281, in _Popen
    return Popen(process_obj)
  File "/usr/local/lib/python3.10/multiprocessing/popen_fork.py", line 19, in __init__
    self._launch(process_obj)
  File "/usr/local/lib/python3.10/multiprocessing/popen_fork.py", line 71, in _launch
    code = process_obj._bootstrap(parent_sentinel=child_r)
  File "/usr/local/lib/python3.10/multiprocessing/process.py", line 314, in _bootstrap
    self.run()
  File "/usr/local/lib/python3.10/multiprocessing/process.py", line 108, in run
    self._target(*self._args, **self._kwargs)
  File "/home/airflow/.local/lib/python3.10/site-packages/airflow/dag_processing/manager.py", line 240, in _run_processor_manager
    processor_manager.start()
  File "/home/airflow/.local/lib/python3.10/site-packages/airflow/dag_processing/manager.py", line 475, in start
    return self._run_parsing_loop()
  File "/home/airflow/.local/lib/python3.10/site-packages/airflow/dag_processing/manager.py", line 555, in _run_parsing_loop
    self.start_new_processes()
  File "/home/airflow/.local/lib/python3.10/site-packages/airflow/dag_processing/manager.py", line 1088, in start_new_processes
    processor.start()
  File "/home/airflow/.local/lib/python3.10/site-packages/airflow/dag_processing/processor.py", line 238, in start
    process.start()
  File "/usr/local/lib/python3.10/multiprocessing/process.py", line 121, in start
    self._popen = self._Popen(self)
  File "/usr/local/lib/python3.10/multiprocessing/context.py", line 281, in _Popen
    return Popen(process_obj)
  File "/usr/local/lib/python3.10/multiprocessing/popen_fork.py", line 19, in __init__
    self._launch(process_obj)
  File "/usr/local/lib/python3.10/multiprocessing/popen_fork.py", line 71, in _launch
    code = process_obj._bootstrap(parent_sentinel=child_r)
  File "/usr/local/lib/python3.10/multiprocessing/process.py", line 314, in _bootstrap
    self.run()
  File "/usr/local/lib/python3.10/multiprocessing/process.py", line 108, in run
    self._target(*self._args, **self._kwargs)
  File "/home/airflow/.local/lib/python3.10/site-packages/airflow/dag_processing/processor.py", line 182, in _run_file_processor
    _handle_dag_file_processing()
  File "/home/airflow/.local/lib/python3.10/site-packages/airflow/dag_processing/processor.py", line 163, in _handle_dag_file_processing
    result: tuple[int, int] = dag_file_processor.process_file(
  File "/home/airflow/.local/lib/python3.10/site-packages/airflow/utils/session.py", line 79, in wrapper
    return func(*args, session=session, **kwargs)
  File "/home/airflow/.local/lib/python3.10/site-packages/airflow/dag_processing/processor.py", line 833, in process_file
    dagbag = DagFileProcessor._get_dagbag(file_path)
  File "/home/airflow/.local/lib/python3.10/site-packages/airflow/dag_processing/processor.py", line 797, in _get_dagbag
    return DagBag(file_path, include_examples=False)
  File "/home/airflow/.local/lib/python3.10/site-packages/airflow/models/dagbag.py", line 143, in __init__
    self.collect_dags(
  File "/home/airflow/.local/lib/python3.10/site-packages/airflow/models/dagbag.py", line 552, in collect_dags
    found_dags = self.process_file(filepath, only_if_updated=only_if_updated, safe_mode=safe_mode)
  File "/home/airflow/.local/lib/python3.10/site-packages/airflow/models/dagbag.py", line 309, in process_file
    mods = self._load_modules_from_file(filepath, safe_mode)
  File "/home/airflow/.local/lib/python3.10/site-packages/airflow/models/dagbag.py", line 374, in _load_modules_from_file
    return parse(mod_name, filepath)
  File "/home/airflow/.local/lib/python3.10/site-packages/airflow/models/dagbag.py", line 344, in parse
    loader.exec_module(new_module)
  File "/opt/airflow/dags/sus_pipeline.py", line 6, in <module>
    from pysus.online_data.SIH import download, SIH
  File "/home/airflow/.local/lib/python3.10/site-packages/pysus/__init__.py", line 6, in <module>
    from pysus.ftp.databases import *  # noqa
  File "/home/airflow/.local/lib/python3.10/site-packages/pysus/ftp/__init__.py", line 25, in <module>
    from pysus.data.local import Data
  File "/home/airflow/.local/lib/python3.10/site-packages/pysus/data/__init__.py", line 7, in <module>
    import pyarrow as pa
  File "/home/airflow/.local/lib/python3.10/site-packages/pyarrow/__init__.py", line 65, in <module>
    import pyarrow.lib as _lib
[2026-04-29T13:28:28.817+0000] {logging_mixin.py:188} WARNING - AttributeError: _ARRAY_API not found
[2026-04-29T13:28:28.818+0000] {logging_mixin.py:188} INFO - [2026-04-29T13:28:28.817+0000] {dagbag.py:348} ERROR - Failed to import: /opt/airflow/dags/sus_pipeline.py
Traceback (most recent call last):
  File "/home/airflow/.local/lib/python3.10/site-packages/airflow/models/dagbag.py", line 344, in parse
    loader.exec_module(new_module)
  File "<frozen importlib._bootstrap_external>", line 883, in exec_module
  File "<frozen importlib._bootstrap>", line 241, in _call_with_frames_removed
  File "/opt/airflow/dags/sus_pipeline.py", line 6, in <module>
    from pysus.online_data.SIH import download, SIH
  File "/home/airflow/.local/lib/python3.10/site-packages/pysus/__init__.py", line 6, in <module>
    from pysus.ftp.databases import *  # noqa
  File "/home/airflow/.local/lib/python3.10/site-packages/pysus/ftp/__init__.py", line 25, in <module>
    from pysus.data.local import Data
  File "/home/airflow/.local/lib/python3.10/site-packages/pysus/data/__init__.py", line 7, in <module>
    import pyarrow as pa
  File "/home/airflow/.local/lib/python3.10/site-packages/pyarrow/__init__.py", line 65, in <module>
    import pyarrow.lib as _lib
  File "pyarrow/lib.pyx", line 36, in init pyarrow.lib
ImportError: numpy.core.multiarray failed to import
[2026-04-29T13:28:28.818+0000] {processor.py:842} WARNING - No viable dags retrieved from /opt/airflow/dags/sus_pipeline.py
[2026-04-29T13:28:28.857+0000] {processor.py:183} INFO - Processing /opt/airflow/dags/sus_pipeline.py took 0.896 seconds
[2026-04-29T13:28:59.464+0000] {processor.py:161} INFO - Started process (PID=167) to work on /opt/airflow/dags/sus_pipeline.py
[2026-04-29T13:28:59.466+0000] {processor.py:830} INFO - Processing file /opt/airflow/dags/sus_pipeline.py for tasks to queue
[2026-04-29T13:28:59.466+0000] {logging_mixin.py:188} INFO - [2026-04-29T13:28:59.466+0000] {dagbag.py:538} INFO - Filling up the DagBag from /opt/airflow/dags/sus_pipeline.py
[2026-04-29T13:28:59.915+0000] {logging_mixin.py:188} WARNING - 
A module that was compiled using NumPy 1.x cannot be run in
NumPy 2.2.6 as it may crash. To support both 1.x and 2.x
versions of NumPy, modules must be compiled with NumPy 2.0.
Some module may need to rebuild instead e.g. with 'pybind11>=2.12'.

If you are a user of the module, the easiest solution will be to
downgrade to 'numpy<2' or try to upgrade the affected module.
We expect that some modules will need time to support NumPy 2.

Traceback (most recent call last):  File "/home/airflow/.local/bin/airflow", line 8, in <module>
    sys.exit(main())
  File "/home/airflow/.local/lib/python3.10/site-packages/airflow/__main__.py", line 57, in main
    args.func(args)
  File "/home/airflow/.local/lib/python3.10/site-packages/airflow/cli/cli_config.py", line 49, in command
    return func(*args, **kwargs)
  File "/home/airflow/.local/lib/python3.10/site-packages/airflow/utils/cli.py", line 114, in wrapper
    return f(*args, **kwargs)
  File "/home/airflow/.local/lib/python3.10/site-packages/airflow/utils/providers_configuration_loader.py", line 55, in wrapped_function
    return func(*args, **kwargs)
  File "/home/airflow/.local/lib/python3.10/site-packages/airflow/cli/commands/scheduler_command.py", line 67, in scheduler
    run_command_with_daemon_option(
  File "/home/airflow/.local/lib/python3.10/site-packages/airflow/cli/commands/daemon_utils.py", line 86, in run_command_with_daemon_option
    callback()
  File "/home/airflow/.local/lib/python3.10/site-packages/airflow/cli/commands/scheduler_command.py", line 70, in <lambda>
    callback=lambda: _run_scheduler_job(args),
  File "/home/airflow/.local/lib/python3.10/site-packages/airflow/cli/commands/scheduler_command.py", line 52, in _run_scheduler_job
    run_job(job=job_runner.job, execute_callable=job_runner._execute)
  File "/home/airflow/.local/lib/python3.10/site-packages/airflow/utils/session.py", line 79, in wrapper
    return func(*args, session=session, **kwargs)
  File "/home/airflow/.local/lib/python3.10/site-packages/airflow/jobs/job.py", line 393, in run_job
    return execute_job(job, execute_callable=execute_callable)
  File "/home/airflow/.local/lib/python3.10/site-packages/airflow/jobs/job.py", line 422, in execute_job
    ret = execute_callable()
  File "/home/airflow/.local/lib/python3.10/site-packages/airflow/jobs/scheduler_job_runner.py", line 851, in _execute
    self.processor_agent.start()
  File "/home/airflow/.local/lib/python3.10/site-packages/airflow/dag_processing/manager.py", line 167, in start
    process.start()
  File "/usr/local/lib/python3.10/multiprocessing/process.py", line 121, in start
    self._popen = self._Popen(self)
  File "/usr/local/lib/python3.10/multiprocessing/context.py", line 281, in _Popen
    return Popen(process_obj)
  File "/usr/local/lib/python3.10/multiprocessing/popen_fork.py", line 19, in __init__
    self._launch(process_obj)
  File "/usr/local/lib/python3.10/multiprocessing/popen_fork.py", line 71, in _launch
    code = process_obj._bootstrap(parent_sentinel=child_r)
  File "/usr/local/lib/python3.10/multiprocessing/process.py", line 314, in _bootstrap
    self.run()
  File "/usr/local/lib/python3.10/multiprocessing/process.py", line 108, in run
    self._target(*self._args, **self._kwargs)
  File "/home/airflow/.local/lib/python3.10/site-packages/airflow/dag_processing/manager.py", line 240, in _run_processor_manager
    processor_manager.start()
  File "/home/airflow/.local/lib/python3.10/site-packages/airflow/dag_processing/manager.py", line 475, in start
    return self._run_parsing_loop()
  File "/home/airflow/.local/lib/python3.10/site-packages/airflow/dag_processing/manager.py", line 618, in _run_parsing_loop
    self.start_new_processes()
  File "/home/airflow/.local/lib/python3.10/site-packages/airflow/dag_processing/manager.py", line 1088, in start_new_processes
    processor.start()
  File "/home/airflow/.local/lib/python3.10/site-packages/airflow/dag_processing/processor.py", line 238, in start
    process.start()
  File "/usr/local/lib/python3.10/multiprocessing/process.py", line 121, in start
    self._popen = self._Popen(self)
  File "/usr/local/lib/python3.10/multiprocessing/context.py", line 281, in _Popen
    return Popen(process_obj)
  File "/usr/local/lib/python3.10/multiprocessing/popen_fork.py", line 19, in __init__
    self._launch(process_obj)
  File "/usr/local/lib/python3.10/multiprocessing/popen_fork.py", line 71, in _launch
    code = process_obj._bootstrap(parent_sentinel=child_r)
  File "/usr/local/lib/python3.10/multiprocessing/process.py", line 314, in _bootstrap
    self.run()
  File "/usr/local/lib/python3.10/multiprocessing/process.py", line 108, in run
    self._target(*self._args, **self._kwargs)
  File "/home/airflow/.local/lib/python3.10/site-packages/airflow/dag_processing/processor.py", line 182, in _run_file_processor
    _handle_dag_file_processing()
  File "/home/airflow/.local/lib/python3.10/site-packages/airflow/dag_processing/processor.py", line 163, in _handle_dag_file_processing
    result: tuple[int, int] = dag_file_processor.process_file(
  File "/home/airflow/.local/lib/python3.10/site-packages/airflow/utils/session.py", line 79, in wrapper
    return func(*args, session=session, **kwargs)
  File "/home/airflow/.local/lib/python3.10/site-packages/airflow/dag_processing/processor.py", line 833, in process_file
    dagbag = DagFileProcessor._get_dagbag(file_path)
  File "/home/airflow/.local/lib/python3.10/site-packages/airflow/dag_processing/processor.py", line 797, in _get_dagbag
    return DagBag(file_path, include_examples=False)
  File "/home/airflow/.local/lib/python3.10/site-packages/airflow/models/dagbag.py", line 143, in __init__
    self.collect_dags(
  File "/home/airflow/.local/lib/python3.10/site-packages/airflow/models/dagbag.py", line 552, in collect_dags
    found_dags = self.process_file(filepath, only_if_updated=only_if_updated, safe_mode=safe_mode)
  File "/home/airflow/.local/lib/python3.10/site-packages/airflow/models/dagbag.py", line 309, in process_file
    mods = self._load_modules_from_file(filepath, safe_mode)
  File "/home/airflow/.local/lib/python3.10/site-packages/airflow/models/dagbag.py", line 374, in _load_modules_from_file
    return parse(mod_name, filepath)
  File "/home/airflow/.local/lib/python3.10/site-packages/airflow/models/dagbag.py", line 344, in parse
    loader.exec_module(new_module)
  File "/opt/airflow/dags/sus_pipeline.py", line 5, in <module>
    import pandas as pd
  File "/home/airflow/.local/lib/python3.10/site-packages/pandas/__init__.py", line 26, in <module>
    from pandas.compat import (
  File "/home/airflow/.local/lib/python3.10/site-packages/pandas/compat/__init__.py", line 29, in <module>
    from pandas.compat.pyarrow import (
  File "/home/airflow/.local/lib/python3.10/site-packages/pandas/compat/pyarrow.py", line 8, in <module>
    import pyarrow as pa
  File "/home/airflow/.local/lib/python3.10/site-packages/pyarrow/__init__.py", line 65, in <module>
    import pyarrow.lib as _lib
[2026-04-29T13:28:59.916+0000] {logging_mixin.py:188} WARNING - AttributeError: _ARRAY_API not found
[2026-04-29T13:29:00.093+0000] {logging_mixin.py:188} WARNING - 
A module that was compiled using NumPy 1.x cannot be run in
NumPy 2.2.6 as it may crash. To support both 1.x and 2.x
versions of NumPy, modules must be compiled with NumPy 2.0.
Some module may need to rebuild instead e.g. with 'pybind11>=2.12'.

If you are a user of the module, the easiest solution will be to
downgrade to 'numpy<2' or try to upgrade the affected module.
We expect that some modules will need time to support NumPy 2.

Traceback (most recent call last):  File "/home/airflow/.local/bin/airflow", line 8, in <module>
    sys.exit(main())
  File "/home/airflow/.local/lib/python3.10/site-packages/airflow/__main__.py", line 57, in main
    args.func(args)
  File "/home/airflow/.local/lib/python3.10/site-packages/airflow/cli/cli_config.py", line 49, in command
    return func(*args, **kwargs)
  File "/home/airflow/.local/lib/python3.10/site-packages/airflow/utils/cli.py", line 114, in wrapper
    return f(*args, **kwargs)
  File "/home/airflow/.local/lib/python3.10/site-packages/airflow/utils/providers_configuration_loader.py", line 55, in wrapped_function
    return func(*args, **kwargs)
  File "/home/airflow/.local/lib/python3.10/site-packages/airflow/cli/commands/scheduler_command.py", line 67, in scheduler
    run_command_with_daemon_option(
  File "/home/airflow/.local/lib/python3.10/site-packages/airflow/cli/commands/daemon_utils.py", line 86, in run_command_with_daemon_option
    callback()
  File "/home/airflow/.local/lib/python3.10/site-packages/airflow/cli/commands/scheduler_command.py", line 70, in <lambda>
    callback=lambda: _run_scheduler_job(args),
  File "/home/airflow/.local/lib/python3.10/site-packages/airflow/cli/commands/scheduler_command.py", line 52, in _run_scheduler_job
    run_job(job=job_runner.job, execute_callable=job_runner._execute)
  File "/home/airflow/.local/lib/python3.10/site-packages/airflow/utils/session.py", line 79, in wrapper
    return func(*args, session=session, **kwargs)
  File "/home/airflow/.local/lib/python3.10/site-packages/airflow/jobs/job.py", line 393, in run_job
    return execute_job(job, execute_callable=execute_callable)
  File "/home/airflow/.local/lib/python3.10/site-packages/airflow/jobs/job.py", line 422, in execute_job
    ret = execute_callable()
  File "/home/airflow/.local/lib/python3.10/site-packages/airflow/jobs/scheduler_job_runner.py", line 851, in _execute
    self.processor_agent.start()
  File "/home/airflow/.local/lib/python3.10/site-packages/airflow/dag_processing/manager.py", line 167, in start
    process.start()
  File "/usr/local/lib/python3.10/multiprocessing/process.py", line 121, in start
    self._popen = self._Popen(self)
  File "/usr/local/lib/python3.10/multiprocessing/context.py", line 281, in _Popen
    return Popen(process_obj)
  File "/usr/local/lib/python3.10/multiprocessing/popen_fork.py", line 19, in __init__
    self._launch(process_obj)
  File "/usr/local/lib/python3.10/multiprocessing/popen_fork.py", line 71, in _launch
    code = process_obj._bootstrap(parent_sentinel=child_r)
  File "/usr/local/lib/python3.10/multiprocessing/process.py", line 314, in _bootstrap
    self.run()
  File "/usr/local/lib/python3.10/multiprocessing/process.py", line 108, in run
    self._target(*self._args, **self._kwargs)
  File "/home/airflow/.local/lib/python3.10/site-packages/airflow/dag_processing/manager.py", line 240, in _run_processor_manager
    processor_manager.start()
  File "/home/airflow/.local/lib/python3.10/site-packages/airflow/dag_processing/manager.py", line 475, in start
    return self._run_parsing_loop()
  File "/home/airflow/.local/lib/python3.10/site-packages/airflow/dag_processing/manager.py", line 618, in _run_parsing_loop
    self.start_new_processes()
  File "/home/airflow/.local/lib/python3.10/site-packages/airflow/dag_processing/manager.py", line 1088, in start_new_processes
    processor.start()
  File "/home/airflow/.local/lib/python3.10/site-packages/airflow/dag_processing/processor.py", line 238, in start
    process.start()
  File "/usr/local/lib/python3.10/multiprocessing/process.py", line 121, in start
    self._popen = self._Popen(self)
  File "/usr/local/lib/python3.10/multiprocessing/context.py", line 281, in _Popen
    return Popen(process_obj)
  File "/usr/local/lib/python3.10/multiprocessing/popen_fork.py", line 19, in __init__
    self._launch(process_obj)
  File "/usr/local/lib/python3.10/multiprocessing/popen_fork.py", line 71, in _launch
    code = process_obj._bootstrap(parent_sentinel=child_r)
  File "/usr/local/lib/python3.10/multiprocessing/process.py", line 314, in _bootstrap
    self.run()
  File "/usr/local/lib/python3.10/multiprocessing/process.py", line 108, in run
    self._target(*self._args, **self._kwargs)
  File "/home/airflow/.local/lib/python3.10/site-packages/airflow/dag_processing/processor.py", line 182, in _run_file_processor
    _handle_dag_file_processing()
  File "/home/airflow/.local/lib/python3.10/site-packages/airflow/dag_processing/processor.py", line 163, in _handle_dag_file_processing
    result: tuple[int, int] = dag_file_processor.process_file(
  File "/home/airflow/.local/lib/python3.10/site-packages/airflow/utils/session.py", line 79, in wrapper
    return func(*args, session=session, **kwargs)
  File "/home/airflow/.local/lib/python3.10/site-packages/airflow/dag_processing/processor.py", line 833, in process_file
    dagbag = DagFileProcessor._get_dagbag(file_path)
  File "/home/airflow/.local/lib/python3.10/site-packages/airflow/dag_processing/processor.py", line 797, in _get_dagbag
    return DagBag(file_path, include_examples=False)
  File "/home/airflow/.local/lib/python3.10/site-packages/airflow/models/dagbag.py", line 143, in __init__
    self.collect_dags(
  File "/home/airflow/.local/lib/python3.10/site-packages/airflow/models/dagbag.py", line 552, in collect_dags
    found_dags = self.process_file(filepath, only_if_updated=only_if_updated, safe_mode=safe_mode)
  File "/home/airflow/.local/lib/python3.10/site-packages/airflow/models/dagbag.py", line 309, in process_file
    mods = self._load_modules_from_file(filepath, safe_mode)
  File "/home/airflow/.local/lib/python3.10/site-packages/airflow/models/dagbag.py", line 374, in _load_modules_from_file
    return parse(mod_name, filepath)
  File "/home/airflow/.local/lib/python3.10/site-packages/airflow/models/dagbag.py", line 344, in parse
    loader.exec_module(new_module)
  File "/opt/airflow/dags/sus_pipeline.py", line 5, in <module>
    import pandas as pd
  File "/home/airflow/.local/lib/python3.10/site-packages/pandas/__init__.py", line 49, in <module>
    from pandas.core.api import (
  File "/home/airflow/.local/lib/python3.10/site-packages/pandas/core/api.py", line 9, in <module>
    from pandas.core.dtypes.dtypes import (
  File "/home/airflow/.local/lib/python3.10/site-packages/pandas/core/dtypes/dtypes.py", line 24, in <module>
    from pandas._libs import (
  File "/home/airflow/.local/lib/python3.10/site-packages/pyarrow/__init__.py", line 65, in <module>
    import pyarrow.lib as _lib
[2026-04-29T13:29:00.094+0000] {logging_mixin.py:188} WARNING - AttributeError: _ARRAY_API not found
[2026-04-29T13:29:00.494+0000] {logging_mixin.py:188} WARNING - 
A module that was compiled using NumPy 1.x cannot be run in
NumPy 2.2.6 as it may crash. To support both 1.x and 2.x
versions of NumPy, modules must be compiled with NumPy 2.0.
Some module may need to rebuild instead e.g. with 'pybind11>=2.12'.

If you are a user of the module, the easiest solution will be to
downgrade to 'numpy<2' or try to upgrade the affected module.
We expect that some modules will need time to support NumPy 2.

Traceback (most recent call last):  File "/home/airflow/.local/bin/airflow", line 8, in <module>
    sys.exit(main())
  File "/home/airflow/.local/lib/python3.10/site-packages/airflow/__main__.py", line 57, in main
    args.func(args)
  File "/home/airflow/.local/lib/python3.10/site-packages/airflow/cli/cli_config.py", line 49, in command
    return func(*args, **kwargs)
  File "/home/airflow/.local/lib/python3.10/site-packages/airflow/utils/cli.py", line 114, in wrapper
    return f(*args, **kwargs)
  File "/home/airflow/.local/lib/python3.10/site-packages/airflow/utils/providers_configuration_loader.py", line 55, in wrapped_function
    return func(*args, **kwargs)
  File "/home/airflow/.local/lib/python3.10/site-packages/airflow/cli/commands/scheduler_command.py", line 67, in scheduler
    run_command_with_daemon_option(
  File "/home/airflow/.local/lib/python3.10/site-packages/airflow/cli/commands/daemon_utils.py", line 86, in run_command_with_daemon_option
    callback()
  File "/home/airflow/.local/lib/python3.10/site-packages/airflow/cli/commands/scheduler_command.py", line 70, in <lambda>
    callback=lambda: _run_scheduler_job(args),
  File "/home/airflow/.local/lib/python3.10/site-packages/airflow/cli/commands/scheduler_command.py", line 52, in _run_scheduler_job
    run_job(job=job_runner.job, execute_callable=job_runner._execute)
  File "/home/airflow/.local/lib/python3.10/site-packages/airflow/utils/session.py", line 79, in wrapper
    return func(*args, session=session, **kwargs)
  File "/home/airflow/.local/lib/python3.10/site-packages/airflow/jobs/job.py", line 393, in run_job
    return execute_job(job, execute_callable=execute_callable)
  File "/home/airflow/.local/lib/python3.10/site-packages/airflow/jobs/job.py", line 422, in execute_job
    ret = execute_callable()
  File "/home/airflow/.local/lib/python3.10/site-packages/airflow/jobs/scheduler_job_runner.py", line 851, in _execute
    self.processor_agent.start()
  File "/home/airflow/.local/lib/python3.10/site-packages/airflow/dag_processing/manager.py", line 167, in start
    process.start()
  File "/usr/local/lib/python3.10/multiprocessing/process.py", line 121, in start
    self._popen = self._Popen(self)
  File "/usr/local/lib/python3.10/multiprocessing/context.py", line 281, in _Popen
    return Popen(process_obj)
  File "/usr/local/lib/python3.10/multiprocessing/popen_fork.py", line 19, in __init__
    self._launch(process_obj)
  File "/usr/local/lib/python3.10/multiprocessing/popen_fork.py", line 71, in _launch
    code = process_obj._bootstrap(parent_sentinel=child_r)
  File "/usr/local/lib/python3.10/multiprocessing/process.py", line 314, in _bootstrap
    self.run()
  File "/usr/local/lib/python3.10/multiprocessing/process.py", line 108, in run
    self._target(*self._args, **self._kwargs)
  File "/home/airflow/.local/lib/python3.10/site-packages/airflow/dag_processing/manager.py", line 240, in _run_processor_manager
    processor_manager.start()
  File "/home/airflow/.local/lib/python3.10/site-packages/airflow/dag_processing/manager.py", line 475, in start
    return self._run_parsing_loop()
  File "/home/airflow/.local/lib/python3.10/site-packages/airflow/dag_processing/manager.py", line 618, in _run_parsing_loop
    self.start_new_processes()
  File "/home/airflow/.local/lib/python3.10/site-packages/airflow/dag_processing/manager.py", line 1088, in start_new_processes
    processor.start()
  File "/home/airflow/.local/lib/python3.10/site-packages/airflow/dag_processing/processor.py", line 238, in start
    process.start()
  File "/usr/local/lib/python3.10/multiprocessing/process.py", line 121, in start
    self._popen = self._Popen(self)
  File "/usr/local/lib/python3.10/multiprocessing/context.py", line 281, in _Popen
    return Popen(process_obj)
  File "/usr/local/lib/python3.10/multiprocessing/popen_fork.py", line 19, in __init__
    self._launch(process_obj)
  File "/usr/local/lib/python3.10/multiprocessing/popen_fork.py", line 71, in _launch
    code = process_obj._bootstrap(parent_sentinel=child_r)
  File "/usr/local/lib/python3.10/multiprocessing/process.py", line 314, in _bootstrap
    self.run()
  File "/usr/local/lib/python3.10/multiprocessing/process.py", line 108, in run
    self._target(*self._args, **self._kwargs)
  File "/home/airflow/.local/lib/python3.10/site-packages/airflow/dag_processing/processor.py", line 182, in _run_file_processor
    _handle_dag_file_processing()
  File "/home/airflow/.local/lib/python3.10/site-packages/airflow/dag_processing/processor.py", line 163, in _handle_dag_file_processing
    result: tuple[int, int] = dag_file_processor.process_file(
  File "/home/airflow/.local/lib/python3.10/site-packages/airflow/utils/session.py", line 79, in wrapper
    return func(*args, session=session, **kwargs)
  File "/home/airflow/.local/lib/python3.10/site-packages/airflow/dag_processing/processor.py", line 833, in process_file
    dagbag = DagFileProcessor._get_dagbag(file_path)
  File "/home/airflow/.local/lib/python3.10/site-packages/airflow/dag_processing/processor.py", line 797, in _get_dagbag
    return DagBag(file_path, include_examples=False)
  File "/home/airflow/.local/lib/python3.10/site-packages/airflow/models/dagbag.py", line 143, in __init__
    self.collect_dags(
  File "/home/airflow/.local/lib/python3.10/site-packages/airflow/models/dagbag.py", line 552, in collect_dags
    found_dags = self.process_file(filepath, only_if_updated=only_if_updated, safe_mode=safe_mode)
  File "/home/airflow/.local/lib/python3.10/site-packages/airflow/models/dagbag.py", line 309, in process_file
    mods = self._load_modules_from_file(filepath, safe_mode)
  File "/home/airflow/.local/lib/python3.10/site-packages/airflow/models/dagbag.py", line 374, in _load_modules_from_file
    return parse(mod_name, filepath)
  File "/home/airflow/.local/lib/python3.10/site-packages/airflow/models/dagbag.py", line 344, in parse
    loader.exec_module(new_module)
  File "/opt/airflow/dags/sus_pipeline.py", line 6, in <module>
    from pysus.online_data.SIH import download, SIH
  File "/home/airflow/.local/lib/python3.10/site-packages/pysus/__init__.py", line 6, in <module>
    from pysus.ftp.databases import *  # noqa
  File "/home/airflow/.local/lib/python3.10/site-packages/pysus/ftp/__init__.py", line 25, in <module>
    from pysus.data.local import Data
  File "/home/airflow/.local/lib/python3.10/site-packages/pysus/data/__init__.py", line 7, in <module>
    import pyarrow as pa
  File "/home/airflow/.local/lib/python3.10/site-packages/pyarrow/__init__.py", line 65, in <module>
    import pyarrow.lib as _lib
[2026-04-29T13:29:00.494+0000] {logging_mixin.py:188} WARNING - AttributeError: _ARRAY_API not found
[2026-04-29T13:29:00.495+0000] {logging_mixin.py:188} INFO - [2026-04-29T13:29:00.494+0000] {dagbag.py:348} ERROR - Failed to import: /opt/airflow/dags/sus_pipeline.py
Traceback (most recent call last):
  File "/home/airflow/.local/lib/python3.10/site-packages/airflow/models/dagbag.py", line 344, in parse
    loader.exec_module(new_module)
  File "<frozen importlib._bootstrap_external>", line 883, in exec_module
  File "<frozen importlib._bootstrap>", line 241, in _call_with_frames_removed
  File "/opt/airflow/dags/sus_pipeline.py", line 6, in <module>
    from pysus.online_data.SIH import download, SIH
  File "/home/airflow/.local/lib/python3.10/site-packages/pysus/__init__.py", line 6, in <module>
    from pysus.ftp.databases import *  # noqa
  File "/home/airflow/.local/lib/python3.10/site-packages/pysus/ftp/__init__.py", line 25, in <module>
    from pysus.data.local import Data
  File "/home/airflow/.local/lib/python3.10/site-packages/pysus/data/__init__.py", line 7, in <module>
    import pyarrow as pa
  File "/home/airflow/.local/lib/python3.10/site-packages/pyarrow/__init__.py", line 65, in <module>
    import pyarrow.lib as _lib
  File "pyarrow/lib.pyx", line 36, in init pyarrow.lib
ImportError: numpy.core.multiarray failed to import
[2026-04-29T13:29:00.496+0000] {processor.py:842} WARNING - No viable dags retrieved from /opt/airflow/dags/sus_pipeline.py
[2026-04-29T13:29:00.541+0000] {processor.py:183} INFO - Processing /opt/airflow/dags/sus_pipeline.py took 1.081 seconds
[2026-04-29T13:29:32.108+0000] {processor.py:161} INFO - Started process (PID=173) to work on /opt/airflow/dags/sus_pipeline.py
[2026-04-29T13:29:32.109+0000] {processor.py:830} INFO - Processing file /opt/airflow/dags/sus_pipeline.py for tasks to queue
[2026-04-29T13:29:32.110+0000] {logging_mixin.py:188} INFO - [2026-04-29T13:29:32.110+0000] {dagbag.py:538} INFO - Filling up the DagBag from /opt/airflow/dags/sus_pipeline.py
[2026-04-29T13:29:32.214+0000] {logging_mixin.py:188} WARNING - 
A module that was compiled using NumPy 1.x cannot be run in
NumPy 2.2.6 as it may crash. To support both 1.x and 2.x
versions of NumPy, modules must be compiled with NumPy 2.0.
Some module may need to rebuild instead e.g. with 'pybind11>=2.12'.

If you are a user of the module, the easiest solution will be to
downgrade to 'numpy<2' or try to upgrade the affected module.
We expect that some modules will need time to support NumPy 2.

Traceback (most recent call last):  File "/home/airflow/.local/bin/airflow", line 8, in <module>
    sys.exit(main())
  File "/home/airflow/.local/lib/python3.10/site-packages/airflow/__main__.py", line 57, in main
    args.func(args)
  File "/home/airflow/.local/lib/python3.10/site-packages/airflow/cli/cli_config.py", line 49, in command
    return func(*args, **kwargs)
  File "/home/airflow/.local/lib/python3.10/site-packages/airflow/utils/cli.py", line 114, in wrapper
    return f(*args, **kwargs)
  File "/home/airflow/.local/lib/python3.10/site-packages/airflow/utils/providers_configuration_loader.py", line 55, in wrapped_function
    return func(*args, **kwargs)
  File "/home/airflow/.local/lib/python3.10/site-packages/airflow/cli/commands/scheduler_command.py", line 67, in scheduler
    run_command_with_daemon_option(
  File "/home/airflow/.local/lib/python3.10/site-packages/airflow/cli/commands/daemon_utils.py", line 86, in run_command_with_daemon_option
    callback()
  File "/home/airflow/.local/lib/python3.10/site-packages/airflow/cli/commands/scheduler_command.py", line 70, in <lambda>
    callback=lambda: _run_scheduler_job(args),
  File "/home/airflow/.local/lib/python3.10/site-packages/airflow/cli/commands/scheduler_command.py", line 52, in _run_scheduler_job
    run_job(job=job_runner.job, execute_callable=job_runner._execute)
  File "/home/airflow/.local/lib/python3.10/site-packages/airflow/utils/session.py", line 79, in wrapper
    return func(*args, session=session, **kwargs)
  File "/home/airflow/.local/lib/python3.10/site-packages/airflow/jobs/job.py", line 393, in run_job
    return execute_job(job, execute_callable=execute_callable)
  File "/home/airflow/.local/lib/python3.10/site-packages/airflow/jobs/job.py", line 422, in execute_job
    ret = execute_callable()
  File "/home/airflow/.local/lib/python3.10/site-packages/airflow/jobs/scheduler_job_runner.py", line 851, in _execute
    self.processor_agent.start()
  File "/home/airflow/.local/lib/python3.10/site-packages/airflow/dag_processing/manager.py", line 167, in start
    process.start()
  File "/usr/local/lib/python3.10/multiprocessing/process.py", line 121, in start
    self._popen = self._Popen(self)
  File "/usr/local/lib/python3.10/multiprocessing/context.py", line 281, in _Popen
    return Popen(process_obj)
  File "/usr/local/lib/python3.10/multiprocessing/popen_fork.py", line 19, in __init__
    self._launch(process_obj)
  File "/usr/local/lib/python3.10/multiprocessing/popen_fork.py", line 71, in _launch
    code = process_obj._bootstrap(parent_sentinel=child_r)
  File "/usr/local/lib/python3.10/multiprocessing/process.py", line 314, in _bootstrap
    self.run()
  File "/usr/local/lib/python3.10/multiprocessing/process.py", line 108, in run
    self._target(*self._args, **self._kwargs)
  File "/home/airflow/.local/lib/python3.10/site-packages/airflow/dag_processing/manager.py", line 240, in _run_processor_manager
    processor_manager.start()
  File "/home/airflow/.local/lib/python3.10/site-packages/airflow/dag_processing/manager.py", line 475, in start
    return self._run_parsing_loop()
  File "/home/airflow/.local/lib/python3.10/site-packages/airflow/dag_processing/manager.py", line 618, in _run_parsing_loop
    self.start_new_processes()
  File "/home/airflow/.local/lib/python3.10/site-packages/airflow/dag_processing/manager.py", line 1088, in start_new_processes
    processor.start()
  File "/home/airflow/.local/lib/python3.10/site-packages/airflow/dag_processing/processor.py", line 238, in start
    process.start()
  File "/usr/local/lib/python3.10/multiprocessing/process.py", line 121, in start
    self._popen = self._Popen(self)
  File "/usr/local/lib/python3.10/multiprocessing/context.py", line 281, in _Popen
    return Popen(process_obj)
  File "/usr/local/lib/python3.10/multiprocessing/popen_fork.py", line 19, in __init__
    self._launch(process_obj)
  File "/usr/local/lib/python3.10/multiprocessing/popen_fork.py", line 71, in _launch
    code = process_obj._bootstrap(parent_sentinel=child_r)
  File "/usr/local/lib/python3.10/multiprocessing/process.py", line 314, in _bootstrap
    self.run()
  File "/usr/local/lib/python3.10/multiprocessing/process.py", line 108, in run
    self._target(*self._args, **self._kwargs)
  File "/home/airflow/.local/lib/python3.10/site-packages/airflow/dag_processing/processor.py", line 182, in _run_file_processor
    _handle_dag_file_processing()
  File "/home/airflow/.local/lib/python3.10/site-packages/airflow/dag_processing/processor.py", line 163, in _handle_dag_file_processing
    result: tuple[int, int] = dag_file_processor.process_file(
  File "/home/airflow/.local/lib/python3.10/site-packages/airflow/utils/session.py", line 79, in wrapper
    return func(*args, session=session, **kwargs)
  File "/home/airflow/.local/lib/python3.10/site-packages/airflow/dag_processing/processor.py", line 833, in process_file
    dagbag = DagFileProcessor._get_dagbag(file_path)
  File "/home/airflow/.local/lib/python3.10/site-packages/airflow/dag_processing/processor.py", line 797, in _get_dagbag
    return DagBag(file_path, include_examples=False)
  File "/home/airflow/.local/lib/python3.10/site-packages/airflow/models/dagbag.py", line 143, in __init__
    self.collect_dags(
  File "/home/airflow/.local/lib/python3.10/site-packages/airflow/models/dagbag.py", line 552, in collect_dags
    found_dags = self.process_file(filepath, only_if_updated=only_if_updated, safe_mode=safe_mode)
  File "/home/airflow/.local/lib/python3.10/site-packages/airflow/models/dagbag.py", line 309, in process_file
    mods = self._load_modules_from_file(filepath, safe_mode)
  File "/home/airflow/.local/lib/python3.10/site-packages/airflow/models/dagbag.py", line 374, in _load_modules_from_file
    return parse(mod_name, filepath)
  File "/home/airflow/.local/lib/python3.10/site-packages/airflow/models/dagbag.py", line 344, in parse
    loader.exec_module(new_module)
  File "/opt/airflow/dags/sus_pipeline.py", line 5, in <module>
    import pandas as pd
  File "/home/airflow/.local/lib/python3.10/site-packages/pandas/__init__.py", line 26, in <module>
    from pandas.compat import (
  File "/home/airflow/.local/lib/python3.10/site-packages/pandas/compat/__init__.py", line 29, in <module>
    from pandas.compat.pyarrow import (
  File "/home/airflow/.local/lib/python3.10/site-packages/pandas/compat/pyarrow.py", line 8, in <module>
    import pyarrow as pa
  File "/home/airflow/.local/lib/python3.10/site-packages/pyarrow/__init__.py", line 65, in <module>
    import pyarrow.lib as _lib
[2026-04-29T13:29:32.214+0000] {logging_mixin.py:188} WARNING - AttributeError: _ARRAY_API not found
[2026-04-29T13:29:32.255+0000] {logging_mixin.py:188} WARNING - 
A module that was compiled using NumPy 1.x cannot be run in
NumPy 2.2.6 as it may crash. To support both 1.x and 2.x
versions of NumPy, modules must be compiled with NumPy 2.0.
Some module may need to rebuild instead e.g. with 'pybind11>=2.12'.

If you are a user of the module, the easiest solution will be to
downgrade to 'numpy<2' or try to upgrade the affected module.
We expect that some modules will need time to support NumPy 2.

Traceback (most recent call last):  File "/home/airflow/.local/bin/airflow", line 8, in <module>
    sys.exit(main())
  File "/home/airflow/.local/lib/python3.10/site-packages/airflow/__main__.py", line 57, in main
    args.func(args)
  File "/home/airflow/.local/lib/python3.10/site-packages/airflow/cli/cli_config.py", line 49, in command
    return func(*args, **kwargs)
  File "/home/airflow/.local/lib/python3.10/site-packages/airflow/utils/cli.py", line 114, in wrapper
    return f(*args, **kwargs)
  File "/home/airflow/.local/lib/python3.10/site-packages/airflow/utils/providers_configuration_loader.py", line 55, in wrapped_function
    return func(*args, **kwargs)
  File "/home/airflow/.local/lib/python3.10/site-packages/airflow/cli/commands/scheduler_command.py", line 67, in scheduler
    run_command_with_daemon_option(
  File "/home/airflow/.local/lib/python3.10/site-packages/airflow/cli/commands/daemon_utils.py", line 86, in run_command_with_daemon_option
    callback()
  File "/home/airflow/.local/lib/python3.10/site-packages/airflow/cli/commands/scheduler_command.py", line 70, in <lambda>
    callback=lambda: _run_scheduler_job(args),
  File "/home/airflow/.local/lib/python3.10/site-packages/airflow/cli/commands/scheduler_command.py", line 52, in _run_scheduler_job
    run_job(job=job_runner.job, execute_callable=job_runner._execute)
  File "/home/airflow/.local/lib/python3.10/site-packages/airflow/utils/session.py", line 79, in wrapper
    return func(*args, session=session, **kwargs)
  File "/home/airflow/.local/lib/python3.10/site-packages/airflow/jobs/job.py", line 393, in run_job
    return execute_job(job, execute_callable=execute_callable)
  File "/home/airflow/.local/lib/python3.10/site-packages/airflow/jobs/job.py", line 422, in execute_job
    ret = execute_callable()
  File "/home/airflow/.local/lib/python3.10/site-packages/airflow/jobs/scheduler_job_runner.py", line 851, in _execute
    self.processor_agent.start()
  File "/home/airflow/.local/lib/python3.10/site-packages/airflow/dag_processing/manager.py", line 167, in start
    process.start()
  File "/usr/local/lib/python3.10/multiprocessing/process.py", line 121, in start
    self._popen = self._Popen(self)
  File "/usr/local/lib/python3.10/multiprocessing/context.py", line 281, in _Popen
    return Popen(process_obj)
  File "/usr/local/lib/python3.10/multiprocessing/popen_fork.py", line 19, in __init__
    self._launch(process_obj)
  File "/usr/local/lib/python3.10/multiprocessing/popen_fork.py", line 71, in _launch
    code = process_obj._bootstrap(parent_sentinel=child_r)
  File "/usr/local/lib/python3.10/multiprocessing/process.py", line 314, in _bootstrap
    self.run()
  File "/usr/local/lib/python3.10/multiprocessing/process.py", line 108, in run
    self._target(*self._args, **self._kwargs)
  File "/home/airflow/.local/lib/python3.10/site-packages/airflow/dag_processing/manager.py", line 240, in _run_processor_manager
    processor_manager.start()
  File "/home/airflow/.local/lib/python3.10/site-packages/airflow/dag_processing/manager.py", line 475, in start
    return self._run_parsing_loop()
  File "/home/airflow/.local/lib/python3.10/site-packages/airflow/dag_processing/manager.py", line 618, in _run_parsing_loop
    self.start_new_processes()
  File "/home/airflow/.local/lib/python3.10/site-packages/airflow/dag_processing/manager.py", line 1088, in start_new_processes
    processor.start()
  File "/home/airflow/.local/lib/python3.10/site-packages/airflow/dag_processing/processor.py", line 238, in start
    process.start()
  File "/usr/local/lib/python3.10/multiprocessing/process.py", line 121, in start
    self._popen = self._Popen(self)
  File "/usr/local/lib/python3.10/multiprocessing/context.py", line 281, in _Popen
    return Popen(process_obj)
  File "/usr/local/lib/python3.10/multiprocessing/popen_fork.py", line 19, in __init__
    self._launch(process_obj)
  File "/usr/local/lib/python3.10/multiprocessing/popen_fork.py", line 71, in _launch
    code = process_obj._bootstrap(parent_sentinel=child_r)
  File "/usr/local/lib/python3.10/multiprocessing/process.py", line 314, in _bootstrap
    self.run()
  File "/usr/local/lib/python3.10/multiprocessing/process.py", line 108, in run
    self._target(*self._args, **self._kwargs)
  File "/home/airflow/.local/lib/python3.10/site-packages/airflow/dag_processing/processor.py", line 182, in _run_file_processor
    _handle_dag_file_processing()
  File "/home/airflow/.local/lib/python3.10/site-packages/airflow/dag_processing/processor.py", line 163, in _handle_dag_file_processing
    result: tuple[int, int] = dag_file_processor.process_file(
  File "/home/airflow/.local/lib/python3.10/site-packages/airflow/utils/session.py", line 79, in wrapper
    return func(*args, session=session, **kwargs)
  File "/home/airflow/.local/lib/python3.10/site-packages/airflow/dag_processing/processor.py", line 833, in process_file
    dagbag = DagFileProcessor._get_dagbag(file_path)
  File "/home/airflow/.local/lib/python3.10/site-packages/airflow/dag_processing/processor.py", line 797, in _get_dagbag
    return DagBag(file_path, include_examples=False)
  File "/home/airflow/.local/lib/python3.10/site-packages/airflow/models/dagbag.py", line 143, in __init__
    self.collect_dags(
  File "/home/airflow/.local/lib/python3.10/site-packages/airflow/models/dagbag.py", line 552, in collect_dags
    found_dags = self.process_file(filepath, only_if_updated=only_if_updated, safe_mode=safe_mode)
  File "/home/airflow/.local/lib/python3.10/site-packages/airflow/models/dagbag.py", line 309, in process_file
    mods = self._load_modules_from_file(filepath, safe_mode)
  File "/home/airflow/.local/lib/python3.10/site-packages/airflow/models/dagbag.py", line 374, in _load_modules_from_file
    return parse(mod_name, filepath)
  File "/home/airflow/.local/lib/python3.10/site-packages/airflow/models/dagbag.py", line 344, in parse
    loader.exec_module(new_module)
  File "/opt/airflow/dags/sus_pipeline.py", line 5, in <module>
    import pandas as pd
  File "/home/airflow/.local/lib/python3.10/site-packages/pandas/__init__.py", line 49, in <module>
    from pandas.core.api import (
  File "/home/airflow/.local/lib/python3.10/site-packages/pandas/core/api.py", line 9, in <module>
    from pandas.core.dtypes.dtypes import (
  File "/home/airflow/.local/lib/python3.10/site-packages/pandas/core/dtypes/dtypes.py", line 24, in <module>
    from pandas._libs import (
  File "/home/airflow/.local/lib/python3.10/site-packages/pyarrow/__init__.py", line 65, in <module>
    import pyarrow.lib as _lib
[2026-04-29T13:29:32.256+0000] {logging_mixin.py:188} WARNING - AttributeError: _ARRAY_API not found
[2026-04-29T13:29:32.748+0000] {logging_mixin.py:188} WARNING - 
A module that was compiled using NumPy 1.x cannot be run in
NumPy 2.2.6 as it may crash. To support both 1.x and 2.x
versions of NumPy, modules must be compiled with NumPy 2.0.
Some module may need to rebuild instead e.g. with 'pybind11>=2.12'.

If you are a user of the module, the easiest solution will be to
downgrade to 'numpy<2' or try to upgrade the affected module.
We expect that some modules will need time to support NumPy 2.

Traceback (most recent call last):  File "/home/airflow/.local/bin/airflow", line 8, in <module>
    sys.exit(main())
  File "/home/airflow/.local/lib/python3.10/site-packages/airflow/__main__.py", line 57, in main
    args.func(args)
  File "/home/airflow/.local/lib/python3.10/site-packages/airflow/cli/cli_config.py", line 49, in command
    return func(*args, **kwargs)
  File "/home/airflow/.local/lib/python3.10/site-packages/airflow/utils/cli.py", line 114, in wrapper
    return f(*args, **kwargs)
  File "/home/airflow/.local/lib/python3.10/site-packages/airflow/utils/providers_configuration_loader.py", line 55, in wrapped_function
    return func(*args, **kwargs)
  File "/home/airflow/.local/lib/python3.10/site-packages/airflow/cli/commands/scheduler_command.py", line 67, in scheduler
    run_command_with_daemon_option(
  File "/home/airflow/.local/lib/python3.10/site-packages/airflow/cli/commands/daemon_utils.py", line 86, in run_command_with_daemon_option
    callback()
  File "/home/airflow/.local/lib/python3.10/site-packages/airflow/cli/commands/scheduler_command.py", line 70, in <lambda>
    callback=lambda: _run_scheduler_job(args),
  File "/home/airflow/.local/lib/python3.10/site-packages/airflow/cli/commands/scheduler_command.py", line 52, in _run_scheduler_job
    run_job(job=job_runner.job, execute_callable=job_runner._execute)
  File "/home/airflow/.local/lib/python3.10/site-packages/airflow/utils/session.py", line 79, in wrapper
    return func(*args, session=session, **kwargs)
  File "/home/airflow/.local/lib/python3.10/site-packages/airflow/jobs/job.py", line 393, in run_job
    return execute_job(job, execute_callable=execute_callable)
  File "/home/airflow/.local/lib/python3.10/site-packages/airflow/jobs/job.py", line 422, in execute_job
    ret = execute_callable()
  File "/home/airflow/.local/lib/python3.10/site-packages/airflow/jobs/scheduler_job_runner.py", line 851, in _execute
    self.processor_agent.start()
  File "/home/airflow/.local/lib/python3.10/site-packages/airflow/dag_processing/manager.py", line 167, in start
    process.start()
  File "/usr/local/lib/python3.10/multiprocessing/process.py", line 121, in start
    self._popen = self._Popen(self)
  File "/usr/local/lib/python3.10/multiprocessing/context.py", line 281, in _Popen
    return Popen(process_obj)
  File "/usr/local/lib/python3.10/multiprocessing/popen_fork.py", line 19, in __init__
    self._launch(process_obj)
  File "/usr/local/lib/python3.10/multiprocessing/popen_fork.py", line 71, in _launch
    code = process_obj._bootstrap(parent_sentinel=child_r)
  File "/usr/local/lib/python3.10/multiprocessing/process.py", line 314, in _bootstrap
    self.run()
  File "/usr/local/lib/python3.10/multiprocessing/process.py", line 108, in run
    self._target(*self._args, **self._kwargs)
  File "/home/airflow/.local/lib/python3.10/site-packages/airflow/dag_processing/manager.py", line 240, in _run_processor_manager
    processor_manager.start()
  File "/home/airflow/.local/lib/python3.10/site-packages/airflow/dag_processing/manager.py", line 475, in start
    return self._run_parsing_loop()
  File "/home/airflow/.local/lib/python3.10/site-packages/airflow/dag_processing/manager.py", line 618, in _run_parsing_loop
    self.start_new_processes()
  File "/home/airflow/.local/lib/python3.10/site-packages/airflow/dag_processing/manager.py", line 1088, in start_new_processes
    processor.start()
  File "/home/airflow/.local/lib/python3.10/site-packages/airflow/dag_processing/processor.py", line 238, in start
    process.start()
  File "/usr/local/lib/python3.10/multiprocessing/process.py", line 121, in start
    self._popen = self._Popen(self)
  File "/usr/local/lib/python3.10/multiprocessing/context.py", line 281, in _Popen
    return Popen(process_obj)
  File "/usr/local/lib/python3.10/multiprocessing/popen_fork.py", line 19, in __init__
    self._launch(process_obj)
  File "/usr/local/lib/python3.10/multiprocessing/popen_fork.py", line 71, in _launch
    code = process_obj._bootstrap(parent_sentinel=child_r)
  File "/usr/local/lib/python3.10/multiprocessing/process.py", line 314, in _bootstrap
    self.run()
  File "/usr/local/lib/python3.10/multiprocessing/process.py", line 108, in run
    self._target(*self._args, **self._kwargs)
  File "/home/airflow/.local/lib/python3.10/site-packages/airflow/dag_processing/processor.py", line 182, in _run_file_processor
    _handle_dag_file_processing()
  File "/home/airflow/.local/lib/python3.10/site-packages/airflow/dag_processing/processor.py", line 163, in _handle_dag_file_processing
    result: tuple[int, int] = dag_file_processor.process_file(
  File "/home/airflow/.local/lib/python3.10/site-packages/airflow/utils/session.py", line 79, in wrapper
    return func(*args, session=session, **kwargs)
  File "/home/airflow/.local/lib/python3.10/site-packages/airflow/dag_processing/processor.py", line 833, in process_file
    dagbag = DagFileProcessor._get_dagbag(file_path)
  File "/home/airflow/.local/lib/python3.10/site-packages/airflow/dag_processing/processor.py", line 797, in _get_dagbag
    return DagBag(file_path, include_examples=False)
  File "/home/airflow/.local/lib/python3.10/site-packages/airflow/models/dagbag.py", line 143, in __init__
    self.collect_dags(
  File "/home/airflow/.local/lib/python3.10/site-packages/airflow/models/dagbag.py", line 552, in collect_dags
    found_dags = self.process_file(filepath, only_if_updated=only_if_updated, safe_mode=safe_mode)
  File "/home/airflow/.local/lib/python3.10/site-packages/airflow/models/dagbag.py", line 309, in process_file
    mods = self._load_modules_from_file(filepath, safe_mode)
  File "/home/airflow/.local/lib/python3.10/site-packages/airflow/models/dagbag.py", line 374, in _load_modules_from_file
    return parse(mod_name, filepath)
  File "/home/airflow/.local/lib/python3.10/site-packages/airflow/models/dagbag.py", line 344, in parse
    loader.exec_module(new_module)
  File "/opt/airflow/dags/sus_pipeline.py", line 6, in <module>
    from pysus.online_data.SIH import download, SIH
  File "/home/airflow/.local/lib/python3.10/site-packages/pysus/__init__.py", line 6, in <module>
    from pysus.ftp.databases import *  # noqa
  File "/home/airflow/.local/lib/python3.10/site-packages/pysus/ftp/__init__.py", line 25, in <module>
    from pysus.data.local import Data
  File "/home/airflow/.local/lib/python3.10/site-packages/pysus/data/__init__.py", line 7, in <module>
    import pyarrow as pa
  File "/home/airflow/.local/lib/python3.10/site-packages/pyarrow/__init__.py", line 65, in <module>
    import pyarrow.lib as _lib
[2026-04-29T13:29:32.748+0000] {logging_mixin.py:188} WARNING - AttributeError: _ARRAY_API not found
[2026-04-29T13:29:32.751+0000] {logging_mixin.py:188} INFO - [2026-04-29T13:29:32.748+0000] {dagbag.py:348} ERROR - Failed to import: /opt/airflow/dags/sus_pipeline.py
Traceback (most recent call last):
  File "/home/airflow/.local/lib/python3.10/site-packages/airflow/models/dagbag.py", line 344, in parse
    loader.exec_module(new_module)
  File "<frozen importlib._bootstrap_external>", line 883, in exec_module
  File "<frozen importlib._bootstrap>", line 241, in _call_with_frames_removed
  File "/opt/airflow/dags/sus_pipeline.py", line 6, in <module>
    from pysus.online_data.SIH import download, SIH
  File "/home/airflow/.local/lib/python3.10/site-packages/pysus/__init__.py", line 6, in <module>
    from pysus.ftp.databases import *  # noqa
  File "/home/airflow/.local/lib/python3.10/site-packages/pysus/ftp/__init__.py", line 25, in <module>
    from pysus.data.local import Data
  File "/home/airflow/.local/lib/python3.10/site-packages/pysus/data/__init__.py", line 7, in <module>
    import pyarrow as pa
  File "/home/airflow/.local/lib/python3.10/site-packages/pyarrow/__init__.py", line 65, in <module>
    import pyarrow.lib as _lib
  File "pyarrow/lib.pyx", line 36, in init pyarrow.lib
ImportError: numpy.core.multiarray failed to import
[2026-04-29T13:29:32.753+0000] {processor.py:842} WARNING - No viable dags retrieved from /opt/airflow/dags/sus_pipeline.py
[2026-04-29T13:29:32.829+0000] {processor.py:183} INFO - Processing /opt/airflow/dags/sus_pipeline.py took 0.725 seconds
[2026-04-29T13:30:03.038+0000] {processor.py:161} INFO - Started process (PID=179) to work on /opt/airflow/dags/sus_pipeline.py
[2026-04-29T13:30:03.039+0000] {processor.py:830} INFO - Processing file /opt/airflow/dags/sus_pipeline.py for tasks to queue
[2026-04-29T13:30:03.040+0000] {logging_mixin.py:188} INFO - [2026-04-29T13:30:03.040+0000] {dagbag.py:538} INFO - Filling up the DagBag from /opt/airflow/dags/sus_pipeline.py
[2026-04-29T13:30:03.211+0000] {logging_mixin.py:188} WARNING - 
A module that was compiled using NumPy 1.x cannot be run in
NumPy 2.2.6 as it may crash. To support both 1.x and 2.x
versions of NumPy, modules must be compiled with NumPy 2.0.
Some module may need to rebuild instead e.g. with 'pybind11>=2.12'.

If you are a user of the module, the easiest solution will be to
downgrade to 'numpy<2' or try to upgrade the affected module.
We expect that some modules will need time to support NumPy 2.

Traceback (most recent call last):  File "/home/airflow/.local/bin/airflow", line 8, in <module>
    sys.exit(main())
  File "/home/airflow/.local/lib/python3.10/site-packages/airflow/__main__.py", line 57, in main
    args.func(args)
  File "/home/airflow/.local/lib/python3.10/site-packages/airflow/cli/cli_config.py", line 49, in command
    return func(*args, **kwargs)
  File "/home/airflow/.local/lib/python3.10/site-packages/airflow/utils/cli.py", line 114, in wrapper
    return f(*args, **kwargs)
  File "/home/airflow/.local/lib/python3.10/site-packages/airflow/utils/providers_configuration_loader.py", line 55, in wrapped_function
    return func(*args, **kwargs)
  File "/home/airflow/.local/lib/python3.10/site-packages/airflow/cli/commands/scheduler_command.py", line 67, in scheduler
    run_command_with_daemon_option(
  File "/home/airflow/.local/lib/python3.10/site-packages/airflow/cli/commands/daemon_utils.py", line 86, in run_command_with_daemon_option
    callback()
  File "/home/airflow/.local/lib/python3.10/site-packages/airflow/cli/commands/scheduler_command.py", line 70, in <lambda>
    callback=lambda: _run_scheduler_job(args),
  File "/home/airflow/.local/lib/python3.10/site-packages/airflow/cli/commands/scheduler_command.py", line 52, in _run_scheduler_job
    run_job(job=job_runner.job, execute_callable=job_runner._execute)
  File "/home/airflow/.local/lib/python3.10/site-packages/airflow/utils/session.py", line 79, in wrapper
    return func(*args, session=session, **kwargs)
  File "/home/airflow/.local/lib/python3.10/site-packages/airflow/jobs/job.py", line 393, in run_job
    return execute_job(job, execute_callable=execute_callable)
  File "/home/airflow/.local/lib/python3.10/site-packages/airflow/jobs/job.py", line 422, in execute_job
    ret = execute_callable()
  File "/home/airflow/.local/lib/python3.10/site-packages/airflow/jobs/scheduler_job_runner.py", line 851, in _execute
    self.processor_agent.start()
  File "/home/airflow/.local/lib/python3.10/site-packages/airflow/dag_processing/manager.py", line 167, in start
    process.start()
  File "/usr/local/lib/python3.10/multiprocessing/process.py", line 121, in start
    self._popen = self._Popen(self)
  File "/usr/local/lib/python3.10/multiprocessing/context.py", line 281, in _Popen
    return Popen(process_obj)
  File "/usr/local/lib/python3.10/multiprocessing/popen_fork.py", line 19, in __init__
    self._launch(process_obj)
  File "/usr/local/lib/python3.10/multiprocessing/popen_fork.py", line 71, in _launch
    code = process_obj._bootstrap(parent_sentinel=child_r)
  File "/usr/local/lib/python3.10/multiprocessing/process.py", line 314, in _bootstrap
    self.run()
  File "/usr/local/lib/python3.10/multiprocessing/process.py", line 108, in run
    self._target(*self._args, **self._kwargs)
  File "/home/airflow/.local/lib/python3.10/site-packages/airflow/dag_processing/manager.py", line 240, in _run_processor_manager
    processor_manager.start()
  File "/home/airflow/.local/lib/python3.10/site-packages/airflow/dag_processing/manager.py", line 475, in start
    return self._run_parsing_loop()
  File "/home/airflow/.local/lib/python3.10/site-packages/airflow/dag_processing/manager.py", line 618, in _run_parsing_loop
    self.start_new_processes()
  File "/home/airflow/.local/lib/python3.10/site-packages/airflow/dag_processing/manager.py", line 1088, in start_new_processes
    processor.start()
  File "/home/airflow/.local/lib/python3.10/site-packages/airflow/dag_processing/processor.py", line 238, in start
    process.start()
  File "/usr/local/lib/python3.10/multiprocessing/process.py", line 121, in start
    self._popen = self._Popen(self)
  File "/usr/local/lib/python3.10/multiprocessing/context.py", line 281, in _Popen
    return Popen(process_obj)
  File "/usr/local/lib/python3.10/multiprocessing/popen_fork.py", line 19, in __init__
    self._launch(process_obj)
  File "/usr/local/lib/python3.10/multiprocessing/popen_fork.py", line 71, in _launch
    code = process_obj._bootstrap(parent_sentinel=child_r)
  File "/usr/local/lib/python3.10/multiprocessing/process.py", line 314, in _bootstrap
    self.run()
  File "/usr/local/lib/python3.10/multiprocessing/process.py", line 108, in run
    self._target(*self._args, **self._kwargs)
  File "/home/airflow/.local/lib/python3.10/site-packages/airflow/dag_processing/processor.py", line 182, in _run_file_processor
    _handle_dag_file_processing()
  File "/home/airflow/.local/lib/python3.10/site-packages/airflow/dag_processing/processor.py", line 163, in _handle_dag_file_processing
    result: tuple[int, int] = dag_file_processor.process_file(
  File "/home/airflow/.local/lib/python3.10/site-packages/airflow/utils/session.py", line 79, in wrapper
    return func(*args, session=session, **kwargs)
  File "/home/airflow/.local/lib/python3.10/site-packages/airflow/dag_processing/processor.py", line 833, in process_file
    dagbag = DagFileProcessor._get_dagbag(file_path)
  File "/home/airflow/.local/lib/python3.10/site-packages/airflow/dag_processing/processor.py", line 797, in _get_dagbag
    return DagBag(file_path, include_examples=False)
  File "/home/airflow/.local/lib/python3.10/site-packages/airflow/models/dagbag.py", line 143, in __init__
    self.collect_dags(
  File "/home/airflow/.local/lib/python3.10/site-packages/airflow/models/dagbag.py", line 552, in collect_dags
    found_dags = self.process_file(filepath, only_if_updated=only_if_updated, safe_mode=safe_mode)
  File "/home/airflow/.local/lib/python3.10/site-packages/airflow/models/dagbag.py", line 309, in process_file
    mods = self._load_modules_from_file(filepath, safe_mode)
  File "/home/airflow/.local/lib/python3.10/site-packages/airflow/models/dagbag.py", line 374, in _load_modules_from_file
    return parse(mod_name, filepath)
  File "/home/airflow/.local/lib/python3.10/site-packages/airflow/models/dagbag.py", line 344, in parse
    loader.exec_module(new_module)
  File "/opt/airflow/dags/sus_pipeline.py", line 5, in <module>
    import pandas as pd
  File "/home/airflow/.local/lib/python3.10/site-packages/pandas/__init__.py", line 26, in <module>
    from pandas.compat import (
  File "/home/airflow/.local/lib/python3.10/site-packages/pandas/compat/__init__.py", line 29, in <module>
    from pandas.compat.pyarrow import (
  File "/home/airflow/.local/lib/python3.10/site-packages/pandas/compat/pyarrow.py", line 8, in <module>
    import pyarrow as pa
  File "/home/airflow/.local/lib/python3.10/site-packages/pyarrow/__init__.py", line 65, in <module>
    import pyarrow.lib as _lib
[2026-04-29T13:30:03.212+0000] {logging_mixin.py:188} WARNING - AttributeError: _ARRAY_API not found
[2026-04-29T13:30:03.288+0000] {logging_mixin.py:188} WARNING - 
A module that was compiled using NumPy 1.x cannot be run in
NumPy 2.2.6 as it may crash. To support both 1.x and 2.x
versions of NumPy, modules must be compiled with NumPy 2.0.
Some module may need to rebuild instead e.g. with 'pybind11>=2.12'.

If you are a user of the module, the easiest solution will be to
downgrade to 'numpy<2' or try to upgrade the affected module.
We expect that some modules will need time to support NumPy 2.

Traceback (most recent call last):  File "/home/airflow/.local/bin/airflow", line 8, in <module>
    sys.exit(main())
  File "/home/airflow/.local/lib/python3.10/site-packages/airflow/__main__.py", line 57, in main
    args.func(args)
  File "/home/airflow/.local/lib/python3.10/site-packages/airflow/cli/cli_config.py", line 49, in command
    return func(*args, **kwargs)
  File "/home/airflow/.local/lib/python3.10/site-packages/airflow/utils/cli.py", line 114, in wrapper
    return f(*args, **kwargs)
  File "/home/airflow/.local/lib/python3.10/site-packages/airflow/utils/providers_configuration_loader.py", line 55, in wrapped_function
    return func(*args, **kwargs)
  File "/home/airflow/.local/lib/python3.10/site-packages/airflow/cli/commands/scheduler_command.py", line 67, in scheduler
    run_command_with_daemon_option(
  File "/home/airflow/.local/lib/python3.10/site-packages/airflow/cli/commands/daemon_utils.py", line 86, in run_command_with_daemon_option
    callback()
  File "/home/airflow/.local/lib/python3.10/site-packages/airflow/cli/commands/scheduler_command.py", line 70, in <lambda>
    callback=lambda: _run_scheduler_job(args),
  File "/home/airflow/.local/lib/python3.10/site-packages/airflow/cli/commands/scheduler_command.py", line 52, in _run_scheduler_job
    run_job(job=job_runner.job, execute_callable=job_runner._execute)
  File "/home/airflow/.local/lib/python3.10/site-packages/airflow/utils/session.py", line 79, in wrapper
    return func(*args, session=session, **kwargs)
  File "/home/airflow/.local/lib/python3.10/site-packages/airflow/jobs/job.py", line 393, in run_job
    return execute_job(job, execute_callable=execute_callable)
  File "/home/airflow/.local/lib/python3.10/site-packages/airflow/jobs/job.py", line 422, in execute_job
    ret = execute_callable()
  File "/home/airflow/.local/lib/python3.10/site-packages/airflow/jobs/scheduler_job_runner.py", line 851, in _execute
    self.processor_agent.start()
  File "/home/airflow/.local/lib/python3.10/site-packages/airflow/dag_processing/manager.py", line 167, in start
    process.start()
  File "/usr/local/lib/python3.10/multiprocessing/process.py", line 121, in start
    self._popen = self._Popen(self)
  File "/usr/local/lib/python3.10/multiprocessing/context.py", line 281, in _Popen
    return Popen(process_obj)
  File "/usr/local/lib/python3.10/multiprocessing/popen_fork.py", line 19, in __init__
    self._launch(process_obj)
  File "/usr/local/lib/python3.10/multiprocessing/popen_fork.py", line 71, in _launch
    code = process_obj._bootstrap(parent_sentinel=child_r)
  File "/usr/local/lib/python3.10/multiprocessing/process.py", line 314, in _bootstrap
    self.run()
  File "/usr/local/lib/python3.10/multiprocessing/process.py", line 108, in run
    self._target(*self._args, **self._kwargs)
  File "/home/airflow/.local/lib/python3.10/site-packages/airflow/dag_processing/manager.py", line 240, in _run_processor_manager
    processor_manager.start()
  File "/home/airflow/.local/lib/python3.10/site-packages/airflow/dag_processing/manager.py", line 475, in start
    return self._run_parsing_loop()
  File "/home/airflow/.local/lib/python3.10/site-packages/airflow/dag_processing/manager.py", line 618, in _run_parsing_loop
    self.start_new_processes()
  File "/home/airflow/.local/lib/python3.10/site-packages/airflow/dag_processing/manager.py", line 1088, in start_new_processes
    processor.start()
  File "/home/airflow/.local/lib/python3.10/site-packages/airflow/dag_processing/processor.py", line 238, in start
    process.start()
  File "/usr/local/lib/python3.10/multiprocessing/process.py", line 121, in start
    self._popen = self._Popen(self)
  File "/usr/local/lib/python3.10/multiprocessing/context.py", line 281, in _Popen
    return Popen(process_obj)
  File "/usr/local/lib/python3.10/multiprocessing/popen_fork.py", line 19, in __init__
    self._launch(process_obj)
  File "/usr/local/lib/python3.10/multiprocessing/popen_fork.py", line 71, in _launch
    code = process_obj._bootstrap(parent_sentinel=child_r)
  File "/usr/local/lib/python3.10/multiprocessing/process.py", line 314, in _bootstrap
    self.run()
  File "/usr/local/lib/python3.10/multiprocessing/process.py", line 108, in run
    self._target(*self._args, **self._kwargs)
  File "/home/airflow/.local/lib/python3.10/site-packages/airflow/dag_processing/processor.py", line 182, in _run_file_processor
    _handle_dag_file_processing()
  File "/home/airflow/.local/lib/python3.10/site-packages/airflow/dag_processing/processor.py", line 163, in _handle_dag_file_processing
    result: tuple[int, int] = dag_file_processor.process_file(
  File "/home/airflow/.local/lib/python3.10/site-packages/airflow/utils/session.py", line 79, in wrapper
    return func(*args, session=session, **kwargs)
  File "/home/airflow/.local/lib/python3.10/site-packages/airflow/dag_processing/processor.py", line 833, in process_file
    dagbag = DagFileProcessor._get_dagbag(file_path)
  File "/home/airflow/.local/lib/python3.10/site-packages/airflow/dag_processing/processor.py", line 797, in _get_dagbag
    return DagBag(file_path, include_examples=False)
  File "/home/airflow/.local/lib/python3.10/site-packages/airflow/models/dagbag.py", line 143, in __init__
    self.collect_dags(
  File "/home/airflow/.local/lib/python3.10/site-packages/airflow/models/dagbag.py", line 552, in collect_dags
    found_dags = self.process_file(filepath, only_if_updated=only_if_updated, safe_mode=safe_mode)
  File "/home/airflow/.local/lib/python3.10/site-packages/airflow/models/dagbag.py", line 309, in process_file
    mods = self._load_modules_from_file(filepath, safe_mode)
  File "/home/airflow/.local/lib/python3.10/site-packages/airflow/models/dagbag.py", line 374, in _load_modules_from_file
    return parse(mod_name, filepath)
  File "/home/airflow/.local/lib/python3.10/site-packages/airflow/models/dagbag.py", line 344, in parse
    loader.exec_module(new_module)
  File "/opt/airflow/dags/sus_pipeline.py", line 5, in <module>
    import pandas as pd
  File "/home/airflow/.local/lib/python3.10/site-packages/pandas/__init__.py", line 49, in <module>
    from pandas.core.api import (
  File "/home/airflow/.local/lib/python3.10/site-packages/pandas/core/api.py", line 9, in <module>
    from pandas.core.dtypes.dtypes import (
  File "/home/airflow/.local/lib/python3.10/site-packages/pandas/core/dtypes/dtypes.py", line 24, in <module>
    from pandas._libs import (
  File "/home/airflow/.local/lib/python3.10/site-packages/pyarrow/__init__.py", line 65, in <module>
    import pyarrow.lib as _lib
[2026-04-29T13:30:03.288+0000] {logging_mixin.py:188} WARNING - AttributeError: _ARRAY_API not found
[2026-04-29T13:30:03.801+0000] {logging_mixin.py:188} WARNING - 
A module that was compiled using NumPy 1.x cannot be run in
NumPy 2.2.6 as it may crash. To support both 1.x and 2.x
versions of NumPy, modules must be compiled with NumPy 2.0.
Some module may need to rebuild instead e.g. with 'pybind11>=2.12'.

If you are a user of the module, the easiest solution will be to
downgrade to 'numpy<2' or try to upgrade the affected module.
We expect that some modules will need time to support NumPy 2.

Traceback (most recent call last):  File "/home/airflow/.local/bin/airflow", line 8, in <module>
    sys.exit(main())
  File "/home/airflow/.local/lib/python3.10/site-packages/airflow/__main__.py", line 57, in main
    args.func(args)
  File "/home/airflow/.local/lib/python3.10/site-packages/airflow/cli/cli_config.py", line 49, in command
    return func(*args, **kwargs)
  File "/home/airflow/.local/lib/python3.10/site-packages/airflow/utils/cli.py", line 114, in wrapper
    return f(*args, **kwargs)
  File "/home/airflow/.local/lib/python3.10/site-packages/airflow/utils/providers_configuration_loader.py", line 55, in wrapped_function
    return func(*args, **kwargs)
  File "/home/airflow/.local/lib/python3.10/site-packages/airflow/cli/commands/scheduler_command.py", line 67, in scheduler
    run_command_with_daemon_option(
  File "/home/airflow/.local/lib/python3.10/site-packages/airflow/cli/commands/daemon_utils.py", line 86, in run_command_with_daemon_option
    callback()
  File "/home/airflow/.local/lib/python3.10/site-packages/airflow/cli/commands/scheduler_command.py", line 70, in <lambda>
    callback=lambda: _run_scheduler_job(args),
  File "/home/airflow/.local/lib/python3.10/site-packages/airflow/cli/commands/scheduler_command.py", line 52, in _run_scheduler_job
    run_job(job=job_runner.job, execute_callable=job_runner._execute)
  File "/home/airflow/.local/lib/python3.10/site-packages/airflow/utils/session.py", line 79, in wrapper
    return func(*args, session=session, **kwargs)
  File "/home/airflow/.local/lib/python3.10/site-packages/airflow/jobs/job.py", line 393, in run_job
    return execute_job(job, execute_callable=execute_callable)
  File "/home/airflow/.local/lib/python3.10/site-packages/airflow/jobs/job.py", line 422, in execute_job
    ret = execute_callable()
  File "/home/airflow/.local/lib/python3.10/site-packages/airflow/jobs/scheduler_job_runner.py", line 851, in _execute
    self.processor_agent.start()
  File "/home/airflow/.local/lib/python3.10/site-packages/airflow/dag_processing/manager.py", line 167, in start
    process.start()
  File "/usr/local/lib/python3.10/multiprocessing/process.py", line 121, in start
    self._popen = self._Popen(self)
  File "/usr/local/lib/python3.10/multiprocessing/context.py", line 281, in _Popen
    return Popen(process_obj)
  File "/usr/local/lib/python3.10/multiprocessing/popen_fork.py", line 19, in __init__
    self._launch(process_obj)
  File "/usr/local/lib/python3.10/multiprocessing/popen_fork.py", line 71, in _launch
    code = process_obj._bootstrap(parent_sentinel=child_r)
  File "/usr/local/lib/python3.10/multiprocessing/process.py", line 314, in _bootstrap
    self.run()
  File "/usr/local/lib/python3.10/multiprocessing/process.py", line 108, in run
    self._target(*self._args, **self._kwargs)
  File "/home/airflow/.local/lib/python3.10/site-packages/airflow/dag_processing/manager.py", line 240, in _run_processor_manager
    processor_manager.start()
  File "/home/airflow/.local/lib/python3.10/site-packages/airflow/dag_processing/manager.py", line 475, in start
    return self._run_parsing_loop()
  File "/home/airflow/.local/lib/python3.10/site-packages/airflow/dag_processing/manager.py", line 618, in _run_parsing_loop
    self.start_new_processes()
  File "/home/airflow/.local/lib/python3.10/site-packages/airflow/dag_processing/manager.py", line 1088, in start_new_processes
    processor.start()
  File "/home/airflow/.local/lib/python3.10/site-packages/airflow/dag_processing/processor.py", line 238, in start
    process.start()
  File "/usr/local/lib/python3.10/multiprocessing/process.py", line 121, in start
    self._popen = self._Popen(self)
  File "/usr/local/lib/python3.10/multiprocessing/context.py", line 281, in _Popen
    return Popen(process_obj)
  File "/usr/local/lib/python3.10/multiprocessing/popen_fork.py", line 19, in __init__
    self._launch(process_obj)
  File "/usr/local/lib/python3.10/multiprocessing/popen_fork.py", line 71, in _launch
    code = process_obj._bootstrap(parent_sentinel=child_r)
  File "/usr/local/lib/python3.10/multiprocessing/process.py", line 314, in _bootstrap
    self.run()
  File "/usr/local/lib/python3.10/multiprocessing/process.py", line 108, in run
    self._target(*self._args, **self._kwargs)
  File "/home/airflow/.local/lib/python3.10/site-packages/airflow/dag_processing/processor.py", line 182, in _run_file_processor
    _handle_dag_file_processing()
  File "/home/airflow/.local/lib/python3.10/site-packages/airflow/dag_processing/processor.py", line 163, in _handle_dag_file_processing
    result: tuple[int, int] = dag_file_processor.process_file(
  File "/home/airflow/.local/lib/python3.10/site-packages/airflow/utils/session.py", line 79, in wrapper
    return func(*args, session=session, **kwargs)
  File "/home/airflow/.local/lib/python3.10/site-packages/airflow/dag_processing/processor.py", line 833, in process_file
    dagbag = DagFileProcessor._get_dagbag(file_path)
  File "/home/airflow/.local/lib/python3.10/site-packages/airflow/dag_processing/processor.py", line 797, in _get_dagbag
    return DagBag(file_path, include_examples=False)
  File "/home/airflow/.local/lib/python3.10/site-packages/airflow/models/dagbag.py", line 143, in __init__
    self.collect_dags(
  File "/home/airflow/.local/lib/python3.10/site-packages/airflow/models/dagbag.py", line 552, in collect_dags
    found_dags = self.process_file(filepath, only_if_updated=only_if_updated, safe_mode=safe_mode)
  File "/home/airflow/.local/lib/python3.10/site-packages/airflow/models/dagbag.py", line 309, in process_file
    mods = self._load_modules_from_file(filepath, safe_mode)
  File "/home/airflow/.local/lib/python3.10/site-packages/airflow/models/dagbag.py", line 374, in _load_modules_from_file
    return parse(mod_name, filepath)
  File "/home/airflow/.local/lib/python3.10/site-packages/airflow/models/dagbag.py", line 344, in parse
    loader.exec_module(new_module)
  File "/opt/airflow/dags/sus_pipeline.py", line 6, in <module>
    from pysus.online_data.SIH import download, SIH
  File "/home/airflow/.local/lib/python3.10/site-packages/pysus/__init__.py", line 6, in <module>
    from pysus.ftp.databases import *  # noqa
  File "/home/airflow/.local/lib/python3.10/site-packages/pysus/ftp/__init__.py", line 25, in <module>
    from pysus.data.local import Data
  File "/home/airflow/.local/lib/python3.10/site-packages/pysus/data/__init__.py", line 7, in <module>
    import pyarrow as pa
  File "/home/airflow/.local/lib/python3.10/site-packages/pyarrow/__init__.py", line 65, in <module>
    import pyarrow.lib as _lib
[2026-04-29T13:30:03.801+0000] {logging_mixin.py:188} WARNING - AttributeError: _ARRAY_API not found
[2026-04-29T13:30:03.807+0000] {logging_mixin.py:188} INFO - [2026-04-29T13:30:03.801+0000] {dagbag.py:348} ERROR - Failed to import: /opt/airflow/dags/sus_pipeline.py
Traceback (most recent call last):
  File "/home/airflow/.local/lib/python3.10/site-packages/airflow/models/dagbag.py", line 344, in parse
    loader.exec_module(new_module)
  File "<frozen importlib._bootstrap_external>", line 883, in exec_module
  File "<frozen importlib._bootstrap>", line 241, in _call_with_frames_removed
  File "/opt/airflow/dags/sus_pipeline.py", line 6, in <module>
    from pysus.online_data.SIH import download, SIH
  File "/home/airflow/.local/lib/python3.10/site-packages/pysus/__init__.py", line 6, in <module>
    from pysus.ftp.databases import *  # noqa
  File "/home/airflow/.local/lib/python3.10/site-packages/pysus/ftp/__init__.py", line 25, in <module>
    from pysus.data.local import Data
  File "/home/airflow/.local/lib/python3.10/site-packages/pysus/data/__init__.py", line 7, in <module>
    import pyarrow as pa
  File "/home/airflow/.local/lib/python3.10/site-packages/pyarrow/__init__.py", line 65, in <module>
    import pyarrow.lib as _lib
  File "pyarrow/lib.pyx", line 36, in init pyarrow.lib
ImportError: numpy.core.multiarray failed to import
[2026-04-29T13:30:03.807+0000] {processor.py:842} WARNING - No viable dags retrieved from /opt/airflow/dags/sus_pipeline.py
[2026-04-29T13:30:03.901+0000] {processor.py:183} INFO - Processing /opt/airflow/dags/sus_pipeline.py took 0.867 seconds
[2026-04-29T13:30:34.433+0000] {processor.py:161} INFO - Started process (PID=185) to work on /opt/airflow/dags/sus_pipeline.py
[2026-04-29T13:30:34.434+0000] {processor.py:830} INFO - Processing file /opt/airflow/dags/sus_pipeline.py for tasks to queue
[2026-04-29T13:30:34.435+0000] {logging_mixin.py:188} INFO - [2026-04-29T13:30:34.435+0000] {dagbag.py:538} INFO - Filling up the DagBag from /opt/airflow/dags/sus_pipeline.py
[2026-04-29T13:30:34.515+0000] {logging_mixin.py:188} WARNING - 
A module that was compiled using NumPy 1.x cannot be run in
NumPy 2.2.6 as it may crash. To support both 1.x and 2.x
versions of NumPy, modules must be compiled with NumPy 2.0.
Some module may need to rebuild instead e.g. with 'pybind11>=2.12'.

If you are a user of the module, the easiest solution will be to
downgrade to 'numpy<2' or try to upgrade the affected module.
We expect that some modules will need time to support NumPy 2.

Traceback (most recent call last):  File "/home/airflow/.local/bin/airflow", line 8, in <module>
    sys.exit(main())
  File "/home/airflow/.local/lib/python3.10/site-packages/airflow/__main__.py", line 57, in main
    args.func(args)
  File "/home/airflow/.local/lib/python3.10/site-packages/airflow/cli/cli_config.py", line 49, in command
    return func(*args, **kwargs)
  File "/home/airflow/.local/lib/python3.10/site-packages/airflow/utils/cli.py", line 114, in wrapper
    return f(*args, **kwargs)
  File "/home/airflow/.local/lib/python3.10/site-packages/airflow/utils/providers_configuration_loader.py", line 55, in wrapped_function
    return func(*args, **kwargs)
  File "/home/airflow/.local/lib/python3.10/site-packages/airflow/cli/commands/scheduler_command.py", line 67, in scheduler
    run_command_with_daemon_option(
  File "/home/airflow/.local/lib/python3.10/site-packages/airflow/cli/commands/daemon_utils.py", line 86, in run_command_with_daemon_option
    callback()
  File "/home/airflow/.local/lib/python3.10/site-packages/airflow/cli/commands/scheduler_command.py", line 70, in <lambda>
    callback=lambda: _run_scheduler_job(args),
  File "/home/airflow/.local/lib/python3.10/site-packages/airflow/cli/commands/scheduler_command.py", line 52, in _run_scheduler_job
    run_job(job=job_runner.job, execute_callable=job_runner._execute)
  File "/home/airflow/.local/lib/python3.10/site-packages/airflow/utils/session.py", line 79, in wrapper
    return func(*args, session=session, **kwargs)
  File "/home/airflow/.local/lib/python3.10/site-packages/airflow/jobs/job.py", line 393, in run_job
    return execute_job(job, execute_callable=execute_callable)
  File "/home/airflow/.local/lib/python3.10/site-packages/airflow/jobs/job.py", line 422, in execute_job
    ret = execute_callable()
  File "/home/airflow/.local/lib/python3.10/site-packages/airflow/jobs/scheduler_job_runner.py", line 851, in _execute
    self.processor_agent.start()
  File "/home/airflow/.local/lib/python3.10/site-packages/airflow/dag_processing/manager.py", line 167, in start
    process.start()
  File "/usr/local/lib/python3.10/multiprocessing/process.py", line 121, in start
    self._popen = self._Popen(self)
  File "/usr/local/lib/python3.10/multiprocessing/context.py", line 281, in _Popen
    return Popen(process_obj)
  File "/usr/local/lib/python3.10/multiprocessing/popen_fork.py", line 19, in __init__
    self._launch(process_obj)
  File "/usr/local/lib/python3.10/multiprocessing/popen_fork.py", line 71, in _launch
    code = process_obj._bootstrap(parent_sentinel=child_r)
  File "/usr/local/lib/python3.10/multiprocessing/process.py", line 314, in _bootstrap
    self.run()
  File "/usr/local/lib/python3.10/multiprocessing/process.py", line 108, in run
    self._target(*self._args, **self._kwargs)
  File "/home/airflow/.local/lib/python3.10/site-packages/airflow/dag_processing/manager.py", line 240, in _run_processor_manager
    processor_manager.start()
  File "/home/airflow/.local/lib/python3.10/site-packages/airflow/dag_processing/manager.py", line 475, in start
    return self._run_parsing_loop()
  File "/home/airflow/.local/lib/python3.10/site-packages/airflow/dag_processing/manager.py", line 618, in _run_parsing_loop
    self.start_new_processes()
  File "/home/airflow/.local/lib/python3.10/site-packages/airflow/dag_processing/manager.py", line 1088, in start_new_processes
    processor.start()
  File "/home/airflow/.local/lib/python3.10/site-packages/airflow/dag_processing/processor.py", line 238, in start
    process.start()
  File "/usr/local/lib/python3.10/multiprocessing/process.py", line 121, in start
    self._popen = self._Popen(self)
  File "/usr/local/lib/python3.10/multiprocessing/context.py", line 281, in _Popen
    return Popen(process_obj)
  File "/usr/local/lib/python3.10/multiprocessing/popen_fork.py", line 19, in __init__
    self._launch(process_obj)
  File "/usr/local/lib/python3.10/multiprocessing/popen_fork.py", line 71, in _launch
    code = process_obj._bootstrap(parent_sentinel=child_r)
  File "/usr/local/lib/python3.10/multiprocessing/process.py", line 314, in _bootstrap
    self.run()
  File "/usr/local/lib/python3.10/multiprocessing/process.py", line 108, in run
    self._target(*self._args, **self._kwargs)
  File "/home/airflow/.local/lib/python3.10/site-packages/airflow/dag_processing/processor.py", line 182, in _run_file_processor
    _handle_dag_file_processing()
  File "/home/airflow/.local/lib/python3.10/site-packages/airflow/dag_processing/processor.py", line 163, in _handle_dag_file_processing
    result: tuple[int, int] = dag_file_processor.process_file(
  File "/home/airflow/.local/lib/python3.10/site-packages/airflow/utils/session.py", line 79, in wrapper
    return func(*args, session=session, **kwargs)
  File "/home/airflow/.local/lib/python3.10/site-packages/airflow/dag_processing/processor.py", line 833, in process_file
    dagbag = DagFileProcessor._get_dagbag(file_path)
  File "/home/airflow/.local/lib/python3.10/site-packages/airflow/dag_processing/processor.py", line 797, in _get_dagbag
    return DagBag(file_path, include_examples=False)
  File "/home/airflow/.local/lib/python3.10/site-packages/airflow/models/dagbag.py", line 143, in __init__
    self.collect_dags(
  File "/home/airflow/.local/lib/python3.10/site-packages/airflow/models/dagbag.py", line 552, in collect_dags
    found_dags = self.process_file(filepath, only_if_updated=only_if_updated, safe_mode=safe_mode)
  File "/home/airflow/.local/lib/python3.10/site-packages/airflow/models/dagbag.py", line 309, in process_file
    mods = self._load_modules_from_file(filepath, safe_mode)
  File "/home/airflow/.local/lib/python3.10/site-packages/airflow/models/dagbag.py", line 374, in _load_modules_from_file
    return parse(mod_name, filepath)
  File "/home/airflow/.local/lib/python3.10/site-packages/airflow/models/dagbag.py", line 344, in parse
    loader.exec_module(new_module)
  File "/opt/airflow/dags/sus_pipeline.py", line 5, in <module>
    import pandas as pd
  File "/home/airflow/.local/lib/python3.10/site-packages/pandas/__init__.py", line 26, in <module>
    from pandas.compat import (
  File "/home/airflow/.local/lib/python3.10/site-packages/pandas/compat/__init__.py", line 29, in <module>
    from pandas.compat.pyarrow import (
  File "/home/airflow/.local/lib/python3.10/site-packages/pandas/compat/pyarrow.py", line 8, in <module>
    import pyarrow as pa
  File "/home/airflow/.local/lib/python3.10/site-packages/pyarrow/__init__.py", line 65, in <module>
    import pyarrow.lib as _lib
[2026-04-29T13:30:34.515+0000] {logging_mixin.py:188} WARNING - AttributeError: _ARRAY_API not found
[2026-04-29T13:30:34.547+0000] {logging_mixin.py:188} WARNING - 
A module that was compiled using NumPy 1.x cannot be run in
NumPy 2.2.6 as it may crash. To support both 1.x and 2.x
versions of NumPy, modules must be compiled with NumPy 2.0.
Some module may need to rebuild instead e.g. with 'pybind11>=2.12'.

If you are a user of the module, the easiest solution will be to
downgrade to 'numpy<2' or try to upgrade the affected module.
We expect that some modules will need time to support NumPy 2.

Traceback (most recent call last):  File "/home/airflow/.local/bin/airflow", line 8, in <module>
    sys.exit(main())
  File "/home/airflow/.local/lib/python3.10/site-packages/airflow/__main__.py", line 57, in main
    args.func(args)
  File "/home/airflow/.local/lib/python3.10/site-packages/airflow/cli/cli_config.py", line 49, in command
    return func(*args, **kwargs)
  File "/home/airflow/.local/lib/python3.10/site-packages/airflow/utils/cli.py", line 114, in wrapper
    return f(*args, **kwargs)
  File "/home/airflow/.local/lib/python3.10/site-packages/airflow/utils/providers_configuration_loader.py", line 55, in wrapped_function
    return func(*args, **kwargs)
  File "/home/airflow/.local/lib/python3.10/site-packages/airflow/cli/commands/scheduler_command.py", line 67, in scheduler
    run_command_with_daemon_option(
  File "/home/airflow/.local/lib/python3.10/site-packages/airflow/cli/commands/daemon_utils.py", line 86, in run_command_with_daemon_option
    callback()
  File "/home/airflow/.local/lib/python3.10/site-packages/airflow/cli/commands/scheduler_command.py", line 70, in <lambda>
    callback=lambda: _run_scheduler_job(args),
  File "/home/airflow/.local/lib/python3.10/site-packages/airflow/cli/commands/scheduler_command.py", line 52, in _run_scheduler_job
    run_job(job=job_runner.job, execute_callable=job_runner._execute)
  File "/home/airflow/.local/lib/python3.10/site-packages/airflow/utils/session.py", line 79, in wrapper
    return func(*args, session=session, **kwargs)
  File "/home/airflow/.local/lib/python3.10/site-packages/airflow/jobs/job.py", line 393, in run_job
    return execute_job(job, execute_callable=execute_callable)
  File "/home/airflow/.local/lib/python3.10/site-packages/airflow/jobs/job.py", line 422, in execute_job
    ret = execute_callable()
  File "/home/airflow/.local/lib/python3.10/site-packages/airflow/jobs/scheduler_job_runner.py", line 851, in _execute
    self.processor_agent.start()
  File "/home/airflow/.local/lib/python3.10/site-packages/airflow/dag_processing/manager.py", line 167, in start
    process.start()
  File "/usr/local/lib/python3.10/multiprocessing/process.py", line 121, in start
    self._popen = self._Popen(self)
  File "/usr/local/lib/python3.10/multiprocessing/context.py", line 281, in _Popen
    return Popen(process_obj)
  File "/usr/local/lib/python3.10/multiprocessing/popen_fork.py", line 19, in __init__
    self._launch(process_obj)
  File "/usr/local/lib/python3.10/multiprocessing/popen_fork.py", line 71, in _launch
    code = process_obj._bootstrap(parent_sentinel=child_r)
  File "/usr/local/lib/python3.10/multiprocessing/process.py", line 314, in _bootstrap
    self.run()
  File "/usr/local/lib/python3.10/multiprocessing/process.py", line 108, in run
    self._target(*self._args, **self._kwargs)
  File "/home/airflow/.local/lib/python3.10/site-packages/airflow/dag_processing/manager.py", line 240, in _run_processor_manager
    processor_manager.start()
  File "/home/airflow/.local/lib/python3.10/site-packages/airflow/dag_processing/manager.py", line 475, in start
    return self._run_parsing_loop()
  File "/home/airflow/.local/lib/python3.10/site-packages/airflow/dag_processing/manager.py", line 618, in _run_parsing_loop
    self.start_new_processes()
  File "/home/airflow/.local/lib/python3.10/site-packages/airflow/dag_processing/manager.py", line 1088, in start_new_processes
    processor.start()
  File "/home/airflow/.local/lib/python3.10/site-packages/airflow/dag_processing/processor.py", line 238, in start
    process.start()
  File "/usr/local/lib/python3.10/multiprocessing/process.py", line 121, in start
    self._popen = self._Popen(self)
  File "/usr/local/lib/python3.10/multiprocessing/context.py", line 281, in _Popen
    return Popen(process_obj)
  File "/usr/local/lib/python3.10/multiprocessing/popen_fork.py", line 19, in __init__
    self._launch(process_obj)
  File "/usr/local/lib/python3.10/multiprocessing/popen_fork.py", line 71, in _launch
    code = process_obj._bootstrap(parent_sentinel=child_r)
  File "/usr/local/lib/python3.10/multiprocessing/process.py", line 314, in _bootstrap
    self.run()
  File "/usr/local/lib/python3.10/multiprocessing/process.py", line 108, in run
    self._target(*self._args, **self._kwargs)
  File "/home/airflow/.local/lib/python3.10/site-packages/airflow/dag_processing/processor.py", line 182, in _run_file_processor
    _handle_dag_file_processing()
  File "/home/airflow/.local/lib/python3.10/site-packages/airflow/dag_processing/processor.py", line 163, in _handle_dag_file_processing
    result: tuple[int, int] = dag_file_processor.process_file(
  File "/home/airflow/.local/lib/python3.10/site-packages/airflow/utils/session.py", line 79, in wrapper
    return func(*args, session=session, **kwargs)
  File "/home/airflow/.local/lib/python3.10/site-packages/airflow/dag_processing/processor.py", line 833, in process_file
    dagbag = DagFileProcessor._get_dagbag(file_path)
  File "/home/airflow/.local/lib/python3.10/site-packages/airflow/dag_processing/processor.py", line 797, in _get_dagbag
    return DagBag(file_path, include_examples=False)
  File "/home/airflow/.local/lib/python3.10/site-packages/airflow/models/dagbag.py", line 143, in __init__
    self.collect_dags(
  File "/home/airflow/.local/lib/python3.10/site-packages/airflow/models/dagbag.py", line 552, in collect_dags
    found_dags = self.process_file(filepath, only_if_updated=only_if_updated, safe_mode=safe_mode)
  File "/home/airflow/.local/lib/python3.10/site-packages/airflow/models/dagbag.py", line 309, in process_file
    mods = self._load_modules_from_file(filepath, safe_mode)
  File "/home/airflow/.local/lib/python3.10/site-packages/airflow/models/dagbag.py", line 374, in _load_modules_from_file
    return parse(mod_name, filepath)
  File "/home/airflow/.local/lib/python3.10/site-packages/airflow/models/dagbag.py", line 344, in parse
    loader.exec_module(new_module)
  File "/opt/airflow/dags/sus_pipeline.py", line 5, in <module>
    import pandas as pd
  File "/home/airflow/.local/lib/python3.10/site-packages/pandas/__init__.py", line 49, in <module>
    from pandas.core.api import (
  File "/home/airflow/.local/lib/python3.10/site-packages/pandas/core/api.py", line 9, in <module>
    from pandas.core.dtypes.dtypes import (
  File "/home/airflow/.local/lib/python3.10/site-packages/pandas/core/dtypes/dtypes.py", line 24, in <module>
    from pandas._libs import (
  File "/home/airflow/.local/lib/python3.10/site-packages/pyarrow/__init__.py", line 65, in <module>
    import pyarrow.lib as _lib
[2026-04-29T13:30:34.547+0000] {logging_mixin.py:188} WARNING - AttributeError: _ARRAY_API not found
[2026-04-29T13:30:34.749+0000] {logging_mixin.py:188} WARNING - 
A module that was compiled using NumPy 1.x cannot be run in
NumPy 2.2.6 as it may crash. To support both 1.x and 2.x
versions of NumPy, modules must be compiled with NumPy 2.0.
Some module may need to rebuild instead e.g. with 'pybind11>=2.12'.

If you are a user of the module, the easiest solution will be to
downgrade to 'numpy<2' or try to upgrade the affected module.
We expect that some modules will need time to support NumPy 2.

Traceback (most recent call last):  File "/home/airflow/.local/bin/airflow", line 8, in <module>
    sys.exit(main())
  File "/home/airflow/.local/lib/python3.10/site-packages/airflow/__main__.py", line 57, in main
    args.func(args)
  File "/home/airflow/.local/lib/python3.10/site-packages/airflow/cli/cli_config.py", line 49, in command
    return func(*args, **kwargs)
  File "/home/airflow/.local/lib/python3.10/site-packages/airflow/utils/cli.py", line 114, in wrapper
    return f(*args, **kwargs)
  File "/home/airflow/.local/lib/python3.10/site-packages/airflow/utils/providers_configuration_loader.py", line 55, in wrapped_function
    return func(*args, **kwargs)
  File "/home/airflow/.local/lib/python3.10/site-packages/airflow/cli/commands/scheduler_command.py", line 67, in scheduler
    run_command_with_daemon_option(
  File "/home/airflow/.local/lib/python3.10/site-packages/airflow/cli/commands/daemon_utils.py", line 86, in run_command_with_daemon_option
    callback()
  File "/home/airflow/.local/lib/python3.10/site-packages/airflow/cli/commands/scheduler_command.py", line 70, in <lambda>
    callback=lambda: _run_scheduler_job(args),
  File "/home/airflow/.local/lib/python3.10/site-packages/airflow/cli/commands/scheduler_command.py", line 52, in _run_scheduler_job
    run_job(job=job_runner.job, execute_callable=job_runner._execute)
  File "/home/airflow/.local/lib/python3.10/site-packages/airflow/utils/session.py", line 79, in wrapper
    return func(*args, session=session, **kwargs)
  File "/home/airflow/.local/lib/python3.10/site-packages/airflow/jobs/job.py", line 393, in run_job
    return execute_job(job, execute_callable=execute_callable)
  File "/home/airflow/.local/lib/python3.10/site-packages/airflow/jobs/job.py", line 422, in execute_job
    ret = execute_callable()
  File "/home/airflow/.local/lib/python3.10/site-packages/airflow/jobs/scheduler_job_runner.py", line 851, in _execute
    self.processor_agent.start()
  File "/home/airflow/.local/lib/python3.10/site-packages/airflow/dag_processing/manager.py", line 167, in start
    process.start()
  File "/usr/local/lib/python3.10/multiprocessing/process.py", line 121, in start
    self._popen = self._Popen(self)
  File "/usr/local/lib/python3.10/multiprocessing/context.py", line 281, in _Popen
    return Popen(process_obj)
  File "/usr/local/lib/python3.10/multiprocessing/popen_fork.py", line 19, in __init__
    self._launch(process_obj)
  File "/usr/local/lib/python3.10/multiprocessing/popen_fork.py", line 71, in _launch
    code = process_obj._bootstrap(parent_sentinel=child_r)
  File "/usr/local/lib/python3.10/multiprocessing/process.py", line 314, in _bootstrap
    self.run()
  File "/usr/local/lib/python3.10/multiprocessing/process.py", line 108, in run
    self._target(*self._args, **self._kwargs)
  File "/home/airflow/.local/lib/python3.10/site-packages/airflow/dag_processing/manager.py", line 240, in _run_processor_manager
    processor_manager.start()
  File "/home/airflow/.local/lib/python3.10/site-packages/airflow/dag_processing/manager.py", line 475, in start
    return self._run_parsing_loop()
  File "/home/airflow/.local/lib/python3.10/site-packages/airflow/dag_processing/manager.py", line 618, in _run_parsing_loop
    self.start_new_processes()
  File "/home/airflow/.local/lib/python3.10/site-packages/airflow/dag_processing/manager.py", line 1088, in start_new_processes
    processor.start()
  File "/home/airflow/.local/lib/python3.10/site-packages/airflow/dag_processing/processor.py", line 238, in start
    process.start()
  File "/usr/local/lib/python3.10/multiprocessing/process.py", line 121, in start
    self._popen = self._Popen(self)
  File "/usr/local/lib/python3.10/multiprocessing/context.py", line 281, in _Popen
    return Popen(process_obj)
  File "/usr/local/lib/python3.10/multiprocessing/popen_fork.py", line 19, in __init__
    self._launch(process_obj)
  File "/usr/local/lib/python3.10/multiprocessing/popen_fork.py", line 71, in _launch
    code = process_obj._bootstrap(parent_sentinel=child_r)
  File "/usr/local/lib/python3.10/multiprocessing/process.py", line 314, in _bootstrap
    self.run()
  File "/usr/local/lib/python3.10/multiprocessing/process.py", line 108, in run
    self._target(*self._args, **self._kwargs)
  File "/home/airflow/.local/lib/python3.10/site-packages/airflow/dag_processing/processor.py", line 182, in _run_file_processor
    _handle_dag_file_processing()
  File "/home/airflow/.local/lib/python3.10/site-packages/airflow/dag_processing/processor.py", line 163, in _handle_dag_file_processing
    result: tuple[int, int] = dag_file_processor.process_file(
  File "/home/airflow/.local/lib/python3.10/site-packages/airflow/utils/session.py", line 79, in wrapper
    return func(*args, session=session, **kwargs)
  File "/home/airflow/.local/lib/python3.10/site-packages/airflow/dag_processing/processor.py", line 833, in process_file
    dagbag = DagFileProcessor._get_dagbag(file_path)
  File "/home/airflow/.local/lib/python3.10/site-packages/airflow/dag_processing/processor.py", line 797, in _get_dagbag
    return DagBag(file_path, include_examples=False)
  File "/home/airflow/.local/lib/python3.10/site-packages/airflow/models/dagbag.py", line 143, in __init__
    self.collect_dags(
  File "/home/airflow/.local/lib/python3.10/site-packages/airflow/models/dagbag.py", line 552, in collect_dags
    found_dags = self.process_file(filepath, only_if_updated=only_if_updated, safe_mode=safe_mode)
  File "/home/airflow/.local/lib/python3.10/site-packages/airflow/models/dagbag.py", line 309, in process_file
    mods = self._load_modules_from_file(filepath, safe_mode)
  File "/home/airflow/.local/lib/python3.10/site-packages/airflow/models/dagbag.py", line 374, in _load_modules_from_file
    return parse(mod_name, filepath)
  File "/home/airflow/.local/lib/python3.10/site-packages/airflow/models/dagbag.py", line 344, in parse
    loader.exec_module(new_module)
  File "/opt/airflow/dags/sus_pipeline.py", line 6, in <module>
    from pysus.online_data.SIH import download, SIH
  File "/home/airflow/.local/lib/python3.10/site-packages/pysus/__init__.py", line 6, in <module>
    from pysus.ftp.databases import *  # noqa
  File "/home/airflow/.local/lib/python3.10/site-packages/pysus/ftp/__init__.py", line 25, in <module>
    from pysus.data.local import Data
  File "/home/airflow/.local/lib/python3.10/site-packages/pysus/data/__init__.py", line 7, in <module>
    import pyarrow as pa
  File "/home/airflow/.local/lib/python3.10/site-packages/pyarrow/__init__.py", line 65, in <module>
    import pyarrow.lib as _lib
[2026-04-29T13:30:34.749+0000] {logging_mixin.py:188} WARNING - AttributeError: _ARRAY_API not found
[2026-04-29T13:30:34.750+0000] {logging_mixin.py:188} INFO - [2026-04-29T13:30:34.749+0000] {dagbag.py:348} ERROR - Failed to import: /opt/airflow/dags/sus_pipeline.py
Traceback (most recent call last):
  File "/home/airflow/.local/lib/python3.10/site-packages/airflow/models/dagbag.py", line 344, in parse
    loader.exec_module(new_module)
  File "<frozen importlib._bootstrap_external>", line 883, in exec_module
  File "<frozen importlib._bootstrap>", line 241, in _call_with_frames_removed
  File "/opt/airflow/dags/sus_pipeline.py", line 6, in <module>
    from pysus.online_data.SIH import download, SIH
  File "/home/airflow/.local/lib/python3.10/site-packages/pysus/__init__.py", line 6, in <module>
    from pysus.ftp.databases import *  # noqa
  File "/home/airflow/.local/lib/python3.10/site-packages/pysus/ftp/__init__.py", line 25, in <module>
    from pysus.data.local import Data
  File "/home/airflow/.local/lib/python3.10/site-packages/pysus/data/__init__.py", line 7, in <module>
    import pyarrow as pa
  File "/home/airflow/.local/lib/python3.10/site-packages/pyarrow/__init__.py", line 65, in <module>
    import pyarrow.lib as _lib
  File "pyarrow/lib.pyx", line 36, in init pyarrow.lib
ImportError: numpy.core.multiarray failed to import
[2026-04-29T13:30:34.751+0000] {processor.py:842} WARNING - No viable dags retrieved from /opt/airflow/dags/sus_pipeline.py
[2026-04-29T13:30:34.810+0000] {processor.py:183} INFO - Processing /opt/airflow/dags/sus_pipeline.py took 0.381 seconds
[2026-04-29T13:31:05.296+0000] {processor.py:161} INFO - Started process (PID=191) to work on /opt/airflow/dags/sus_pipeline.py
[2026-04-29T13:31:05.297+0000] {processor.py:830} INFO - Processing file /opt/airflow/dags/sus_pipeline.py for tasks to queue
[2026-04-29T13:31:05.298+0000] {logging_mixin.py:188} INFO - [2026-04-29T13:31:05.298+0000] {dagbag.py:538} INFO - Filling up the DagBag from /opt/airflow/dags/sus_pipeline.py
[2026-04-29T13:31:05.408+0000] {logging_mixin.py:188} WARNING - 
A module that was compiled using NumPy 1.x cannot be run in
NumPy 2.2.6 as it may crash. To support both 1.x and 2.x
versions of NumPy, modules must be compiled with NumPy 2.0.
Some module may need to rebuild instead e.g. with 'pybind11>=2.12'.

If you are a user of the module, the easiest solution will be to
downgrade to 'numpy<2' or try to upgrade the affected module.
We expect that some modules will need time to support NumPy 2.

Traceback (most recent call last):  File "/home/airflow/.local/bin/airflow", line 8, in <module>
    sys.exit(main())
  File "/home/airflow/.local/lib/python3.10/site-packages/airflow/__main__.py", line 57, in main
    args.func(args)
  File "/home/airflow/.local/lib/python3.10/site-packages/airflow/cli/cli_config.py", line 49, in command
    return func(*args, **kwargs)
  File "/home/airflow/.local/lib/python3.10/site-packages/airflow/utils/cli.py", line 114, in wrapper
    return f(*args, **kwargs)
  File "/home/airflow/.local/lib/python3.10/site-packages/airflow/utils/providers_configuration_loader.py", line 55, in wrapped_function
    return func(*args, **kwargs)
  File "/home/airflow/.local/lib/python3.10/site-packages/airflow/cli/commands/scheduler_command.py", line 67, in scheduler
    run_command_with_daemon_option(
  File "/home/airflow/.local/lib/python3.10/site-packages/airflow/cli/commands/daemon_utils.py", line 86, in run_command_with_daemon_option
    callback()
  File "/home/airflow/.local/lib/python3.10/site-packages/airflow/cli/commands/scheduler_command.py", line 70, in <lambda>
    callback=lambda: _run_scheduler_job(args),
  File "/home/airflow/.local/lib/python3.10/site-packages/airflow/cli/commands/scheduler_command.py", line 52, in _run_scheduler_job
    run_job(job=job_runner.job, execute_callable=job_runner._execute)
  File "/home/airflow/.local/lib/python3.10/site-packages/airflow/utils/session.py", line 79, in wrapper
    return func(*args, session=session, **kwargs)
  File "/home/airflow/.local/lib/python3.10/site-packages/airflow/jobs/job.py", line 393, in run_job
    return execute_job(job, execute_callable=execute_callable)
  File "/home/airflow/.local/lib/python3.10/site-packages/airflow/jobs/job.py", line 422, in execute_job
    ret = execute_callable()
  File "/home/airflow/.local/lib/python3.10/site-packages/airflow/jobs/scheduler_job_runner.py", line 851, in _execute
    self.processor_agent.start()
  File "/home/airflow/.local/lib/python3.10/site-packages/airflow/dag_processing/manager.py", line 167, in start
    process.start()
  File "/usr/local/lib/python3.10/multiprocessing/process.py", line 121, in start
    self._popen = self._Popen(self)
  File "/usr/local/lib/python3.10/multiprocessing/context.py", line 281, in _Popen
    return Popen(process_obj)
  File "/usr/local/lib/python3.10/multiprocessing/popen_fork.py", line 19, in __init__
    self._launch(process_obj)
  File "/usr/local/lib/python3.10/multiprocessing/popen_fork.py", line 71, in _launch
    code = process_obj._bootstrap(parent_sentinel=child_r)
  File "/usr/local/lib/python3.10/multiprocessing/process.py", line 314, in _bootstrap
    self.run()
  File "/usr/local/lib/python3.10/multiprocessing/process.py", line 108, in run
    self._target(*self._args, **self._kwargs)
  File "/home/airflow/.local/lib/python3.10/site-packages/airflow/dag_processing/manager.py", line 240, in _run_processor_manager
    processor_manager.start()
  File "/home/airflow/.local/lib/python3.10/site-packages/airflow/dag_processing/manager.py", line 475, in start
    return self._run_parsing_loop()
  File "/home/airflow/.local/lib/python3.10/site-packages/airflow/dag_processing/manager.py", line 618, in _run_parsing_loop
    self.start_new_processes()
  File "/home/airflow/.local/lib/python3.10/site-packages/airflow/dag_processing/manager.py", line 1088, in start_new_processes
    processor.start()
  File "/home/airflow/.local/lib/python3.10/site-packages/airflow/dag_processing/processor.py", line 238, in start
    process.start()
  File "/usr/local/lib/python3.10/multiprocessing/process.py", line 121, in start
    self._popen = self._Popen(self)
  File "/usr/local/lib/python3.10/multiprocessing/context.py", line 281, in _Popen
    return Popen(process_obj)
  File "/usr/local/lib/python3.10/multiprocessing/popen_fork.py", line 19, in __init__
    self._launch(process_obj)
  File "/usr/local/lib/python3.10/multiprocessing/popen_fork.py", line 71, in _launch
    code = process_obj._bootstrap(parent_sentinel=child_r)
  File "/usr/local/lib/python3.10/multiprocessing/process.py", line 314, in _bootstrap
    self.run()
  File "/usr/local/lib/python3.10/multiprocessing/process.py", line 108, in run
    self._target(*self._args, **self._kwargs)
  File "/home/airflow/.local/lib/python3.10/site-packages/airflow/dag_processing/processor.py", line 182, in _run_file_processor
    _handle_dag_file_processing()
  File "/home/airflow/.local/lib/python3.10/site-packages/airflow/dag_processing/processor.py", line 163, in _handle_dag_file_processing
    result: tuple[int, int] = dag_file_processor.process_file(
  File "/home/airflow/.local/lib/python3.10/site-packages/airflow/utils/session.py", line 79, in wrapper
    return func(*args, session=session, **kwargs)
  File "/home/airflow/.local/lib/python3.10/site-packages/airflow/dag_processing/processor.py", line 833, in process_file
    dagbag = DagFileProcessor._get_dagbag(file_path)
  File "/home/airflow/.local/lib/python3.10/site-packages/airflow/dag_processing/processor.py", line 797, in _get_dagbag
    return DagBag(file_path, include_examples=False)
  File "/home/airflow/.local/lib/python3.10/site-packages/airflow/models/dagbag.py", line 143, in __init__
    self.collect_dags(
  File "/home/airflow/.local/lib/python3.10/site-packages/airflow/models/dagbag.py", line 552, in collect_dags
    found_dags = self.process_file(filepath, only_if_updated=only_if_updated, safe_mode=safe_mode)
  File "/home/airflow/.local/lib/python3.10/site-packages/airflow/models/dagbag.py", line 309, in process_file
    mods = self._load_modules_from_file(filepath, safe_mode)
  File "/home/airflow/.local/lib/python3.10/site-packages/airflow/models/dagbag.py", line 374, in _load_modules_from_file
    return parse(mod_name, filepath)
  File "/home/airflow/.local/lib/python3.10/site-packages/airflow/models/dagbag.py", line 344, in parse
    loader.exec_module(new_module)
  File "/opt/airflow/dags/sus_pipeline.py", line 5, in <module>
    import pandas as pd
  File "/home/airflow/.local/lib/python3.10/site-packages/pandas/__init__.py", line 26, in <module>
    from pandas.compat import (
  File "/home/airflow/.local/lib/python3.10/site-packages/pandas/compat/__init__.py", line 29, in <module>
    from pandas.compat.pyarrow import (
  File "/home/airflow/.local/lib/python3.10/site-packages/pandas/compat/pyarrow.py", line 8, in <module>
    import pyarrow as pa
  File "/home/airflow/.local/lib/python3.10/site-packages/pyarrow/__init__.py", line 65, in <module>
    import pyarrow.lib as _lib
[2026-04-29T13:31:05.409+0000] {logging_mixin.py:188} WARNING - AttributeError: _ARRAY_API not found
[2026-04-29T13:31:05.449+0000] {logging_mixin.py:188} WARNING - 
A module that was compiled using NumPy 1.x cannot be run in
NumPy 2.2.6 as it may crash. To support both 1.x and 2.x
versions of NumPy, modules must be compiled with NumPy 2.0.
Some module may need to rebuild instead e.g. with 'pybind11>=2.12'.

If you are a user of the module, the easiest solution will be to
downgrade to 'numpy<2' or try to upgrade the affected module.
We expect that some modules will need time to support NumPy 2.

Traceback (most recent call last):  File "/home/airflow/.local/bin/airflow", line 8, in <module>
    sys.exit(main())
  File "/home/airflow/.local/lib/python3.10/site-packages/airflow/__main__.py", line 57, in main
    args.func(args)
  File "/home/airflow/.local/lib/python3.10/site-packages/airflow/cli/cli_config.py", line 49, in command
    return func(*args, **kwargs)
  File "/home/airflow/.local/lib/python3.10/site-packages/airflow/utils/cli.py", line 114, in wrapper
    return f(*args, **kwargs)
  File "/home/airflow/.local/lib/python3.10/site-packages/airflow/utils/providers_configuration_loader.py", line 55, in wrapped_function
    return func(*args, **kwargs)
  File "/home/airflow/.local/lib/python3.10/site-packages/airflow/cli/commands/scheduler_command.py", line 67, in scheduler
    run_command_with_daemon_option(
  File "/home/airflow/.local/lib/python3.10/site-packages/airflow/cli/commands/daemon_utils.py", line 86, in run_command_with_daemon_option
    callback()
  File "/home/airflow/.local/lib/python3.10/site-packages/airflow/cli/commands/scheduler_command.py", line 70, in <lambda>
    callback=lambda: _run_scheduler_job(args),
  File "/home/airflow/.local/lib/python3.10/site-packages/airflow/cli/commands/scheduler_command.py", line 52, in _run_scheduler_job
    run_job(job=job_runner.job, execute_callable=job_runner._execute)
  File "/home/airflow/.local/lib/python3.10/site-packages/airflow/utils/session.py", line 79, in wrapper
    return func(*args, session=session, **kwargs)
  File "/home/airflow/.local/lib/python3.10/site-packages/airflow/jobs/job.py", line 393, in run_job
    return execute_job(job, execute_callable=execute_callable)
  File "/home/airflow/.local/lib/python3.10/site-packages/airflow/jobs/job.py", line 422, in execute_job
    ret = execute_callable()
  File "/home/airflow/.local/lib/python3.10/site-packages/airflow/jobs/scheduler_job_runner.py", line 851, in _execute
    self.processor_agent.start()
  File "/home/airflow/.local/lib/python3.10/site-packages/airflow/dag_processing/manager.py", line 167, in start
    process.start()
  File "/usr/local/lib/python3.10/multiprocessing/process.py", line 121, in start
    self._popen = self._Popen(self)
  File "/usr/local/lib/python3.10/multiprocessing/context.py", line 281, in _Popen
    return Popen(process_obj)
  File "/usr/local/lib/python3.10/multiprocessing/popen_fork.py", line 19, in __init__
    self._launch(process_obj)
  File "/usr/local/lib/python3.10/multiprocessing/popen_fork.py", line 71, in _launch
    code = process_obj._bootstrap(parent_sentinel=child_r)
  File "/usr/local/lib/python3.10/multiprocessing/process.py", line 314, in _bootstrap
    self.run()
  File "/usr/local/lib/python3.10/multiprocessing/process.py", line 108, in run
    self._target(*self._args, **self._kwargs)
  File "/home/airflow/.local/lib/python3.10/site-packages/airflow/dag_processing/manager.py", line 240, in _run_processor_manager
    processor_manager.start()
  File "/home/airflow/.local/lib/python3.10/site-packages/airflow/dag_processing/manager.py", line 475, in start
    return self._run_parsing_loop()
  File "/home/airflow/.local/lib/python3.10/site-packages/airflow/dag_processing/manager.py", line 618, in _run_parsing_loop
    self.start_new_processes()
  File "/home/airflow/.local/lib/python3.10/site-packages/airflow/dag_processing/manager.py", line 1088, in start_new_processes
    processor.start()
  File "/home/airflow/.local/lib/python3.10/site-packages/airflow/dag_processing/processor.py", line 238, in start
    process.start()
  File "/usr/local/lib/python3.10/multiprocessing/process.py", line 121, in start
    self._popen = self._Popen(self)
  File "/usr/local/lib/python3.10/multiprocessing/context.py", line 281, in _Popen
    return Popen(process_obj)
  File "/usr/local/lib/python3.10/multiprocessing/popen_fork.py", line 19, in __init__
    self._launch(process_obj)
  File "/usr/local/lib/python3.10/multiprocessing/popen_fork.py", line 71, in _launch
    code = process_obj._bootstrap(parent_sentinel=child_r)
  File "/usr/local/lib/python3.10/multiprocessing/process.py", line 314, in _bootstrap
    self.run()
  File "/usr/local/lib/python3.10/multiprocessing/process.py", line 108, in run
    self._target(*self._args, **self._kwargs)
  File "/home/airflow/.local/lib/python3.10/site-packages/airflow/dag_processing/processor.py", line 182, in _run_file_processor
    _handle_dag_file_processing()
  File "/home/airflow/.local/lib/python3.10/site-packages/airflow/dag_processing/processor.py", line 163, in _handle_dag_file_processing
    result: tuple[int, int] = dag_file_processor.process_file(
  File "/home/airflow/.local/lib/python3.10/site-packages/airflow/utils/session.py", line 79, in wrapper
    return func(*args, session=session, **kwargs)
  File "/home/airflow/.local/lib/python3.10/site-packages/airflow/dag_processing/processor.py", line 833, in process_file
    dagbag = DagFileProcessor._get_dagbag(file_path)
  File "/home/airflow/.local/lib/python3.10/site-packages/airflow/dag_processing/processor.py", line 797, in _get_dagbag
    return DagBag(file_path, include_examples=False)
  File "/home/airflow/.local/lib/python3.10/site-packages/airflow/models/dagbag.py", line 143, in __init__
    self.collect_dags(
  File "/home/airflow/.local/lib/python3.10/site-packages/airflow/models/dagbag.py", line 552, in collect_dags
    found_dags = self.process_file(filepath, only_if_updated=only_if_updated, safe_mode=safe_mode)
  File "/home/airflow/.local/lib/python3.10/site-packages/airflow/models/dagbag.py", line 309, in process_file
    mods = self._load_modules_from_file(filepath, safe_mode)
  File "/home/airflow/.local/lib/python3.10/site-packages/airflow/models/dagbag.py", line 374, in _load_modules_from_file
    return parse(mod_name, filepath)
  File "/home/airflow/.local/lib/python3.10/site-packages/airflow/models/dagbag.py", line 344, in parse
    loader.exec_module(new_module)
  File "/opt/airflow/dags/sus_pipeline.py", line 5, in <module>
    import pandas as pd
  File "/home/airflow/.local/lib/python3.10/site-packages/pandas/__init__.py", line 49, in <module>
    from pandas.core.api import (
  File "/home/airflow/.local/lib/python3.10/site-packages/pandas/core/api.py", line 9, in <module>
    from pandas.core.dtypes.dtypes import (
  File "/home/airflow/.local/lib/python3.10/site-packages/pandas/core/dtypes/dtypes.py", line 24, in <module>
    from pandas._libs import (
  File "/home/airflow/.local/lib/python3.10/site-packages/pyarrow/__init__.py", line 65, in <module>
    import pyarrow.lib as _lib
[2026-04-29T13:31:05.449+0000] {logging_mixin.py:188} WARNING - AttributeError: _ARRAY_API not found
[2026-04-29T13:31:05.643+0000] {logging_mixin.py:188} WARNING - 
A module that was compiled using NumPy 1.x cannot be run in
NumPy 2.2.6 as it may crash. To support both 1.x and 2.x
versions of NumPy, modules must be compiled with NumPy 2.0.
Some module may need to rebuild instead e.g. with 'pybind11>=2.12'.

If you are a user of the module, the easiest solution will be to
downgrade to 'numpy<2' or try to upgrade the affected module.
We expect that some modules will need time to support NumPy 2.

Traceback (most recent call last):  File "/home/airflow/.local/bin/airflow", line 8, in <module>
    sys.exit(main())
  File "/home/airflow/.local/lib/python3.10/site-packages/airflow/__main__.py", line 57, in main
    args.func(args)
  File "/home/airflow/.local/lib/python3.10/site-packages/airflow/cli/cli_config.py", line 49, in command
    return func(*args, **kwargs)
  File "/home/airflow/.local/lib/python3.10/site-packages/airflow/utils/cli.py", line 114, in wrapper
    return f(*args, **kwargs)
  File "/home/airflow/.local/lib/python3.10/site-packages/airflow/utils/providers_configuration_loader.py", line 55, in wrapped_function
    return func(*args, **kwargs)
  File "/home/airflow/.local/lib/python3.10/site-packages/airflow/cli/commands/scheduler_command.py", line 67, in scheduler
    run_command_with_daemon_option(
  File "/home/airflow/.local/lib/python3.10/site-packages/airflow/cli/commands/daemon_utils.py", line 86, in run_command_with_daemon_option
    callback()
  File "/home/airflow/.local/lib/python3.10/site-packages/airflow/cli/commands/scheduler_command.py", line 70, in <lambda>
    callback=lambda: _run_scheduler_job(args),
  File "/home/airflow/.local/lib/python3.10/site-packages/airflow/cli/commands/scheduler_command.py", line 52, in _run_scheduler_job
    run_job(job=job_runner.job, execute_callable=job_runner._execute)
  File "/home/airflow/.local/lib/python3.10/site-packages/airflow/utils/session.py", line 79, in wrapper
    return func(*args, session=session, **kwargs)
  File "/home/airflow/.local/lib/python3.10/site-packages/airflow/jobs/job.py", line 393, in run_job
    return execute_job(job, execute_callable=execute_callable)
  File "/home/airflow/.local/lib/python3.10/site-packages/airflow/jobs/job.py", line 422, in execute_job
    ret = execute_callable()
  File "/home/airflow/.local/lib/python3.10/site-packages/airflow/jobs/scheduler_job_runner.py", line 851, in _execute
    self.processor_agent.start()
  File "/home/airflow/.local/lib/python3.10/site-packages/airflow/dag_processing/manager.py", line 167, in start
    process.start()
  File "/usr/local/lib/python3.10/multiprocessing/process.py", line 121, in start
    self._popen = self._Popen(self)
  File "/usr/local/lib/python3.10/multiprocessing/context.py", line 281, in _Popen
    return Popen(process_obj)
  File "/usr/local/lib/python3.10/multiprocessing/popen_fork.py", line 19, in __init__
    self._launch(process_obj)
  File "/usr/local/lib/python3.10/multiprocessing/popen_fork.py", line 71, in _launch
    code = process_obj._bootstrap(parent_sentinel=child_r)
  File "/usr/local/lib/python3.10/multiprocessing/process.py", line 314, in _bootstrap
    self.run()
  File "/usr/local/lib/python3.10/multiprocessing/process.py", line 108, in run
    self._target(*self._args, **self._kwargs)
  File "/home/airflow/.local/lib/python3.10/site-packages/airflow/dag_processing/manager.py", line 240, in _run_processor_manager
    processor_manager.start()
  File "/home/airflow/.local/lib/python3.10/site-packages/airflow/dag_processing/manager.py", line 475, in start
    return self._run_parsing_loop()
  File "/home/airflow/.local/lib/python3.10/site-packages/airflow/dag_processing/manager.py", line 618, in _run_parsing_loop
    self.start_new_processes()
  File "/home/airflow/.local/lib/python3.10/site-packages/airflow/dag_processing/manager.py", line 1088, in start_new_processes
    processor.start()
  File "/home/airflow/.local/lib/python3.10/site-packages/airflow/dag_processing/processor.py", line 238, in start
    process.start()
  File "/usr/local/lib/python3.10/multiprocessing/process.py", line 121, in start
    self._popen = self._Popen(self)
  File "/usr/local/lib/python3.10/multiprocessing/context.py", line 281, in _Popen
    return Popen(process_obj)
  File "/usr/local/lib/python3.10/multiprocessing/popen_fork.py", line 19, in __init__
    self._launch(process_obj)
  File "/usr/local/lib/python3.10/multiprocessing/popen_fork.py", line 71, in _launch
    code = process_obj._bootstrap(parent_sentinel=child_r)
  File "/usr/local/lib/python3.10/multiprocessing/process.py", line 314, in _bootstrap
    self.run()
  File "/usr/local/lib/python3.10/multiprocessing/process.py", line 108, in run
    self._target(*self._args, **self._kwargs)
  File "/home/airflow/.local/lib/python3.10/site-packages/airflow/dag_processing/processor.py", line 182, in _run_file_processor
    _handle_dag_file_processing()
  File "/home/airflow/.local/lib/python3.10/site-packages/airflow/dag_processing/processor.py", line 163, in _handle_dag_file_processing
    result: tuple[int, int] = dag_file_processor.process_file(
  File "/home/airflow/.local/lib/python3.10/site-packages/airflow/utils/session.py", line 79, in wrapper
    return func(*args, session=session, **kwargs)
  File "/home/airflow/.local/lib/python3.10/site-packages/airflow/dag_processing/processor.py", line 833, in process_file
    dagbag = DagFileProcessor._get_dagbag(file_path)
  File "/home/airflow/.local/lib/python3.10/site-packages/airflow/dag_processing/processor.py", line 797, in _get_dagbag
    return DagBag(file_path, include_examples=False)
  File "/home/airflow/.local/lib/python3.10/site-packages/airflow/models/dagbag.py", line 143, in __init__
    self.collect_dags(
  File "/home/airflow/.local/lib/python3.10/site-packages/airflow/models/dagbag.py", line 552, in collect_dags
    found_dags = self.process_file(filepath, only_if_updated=only_if_updated, safe_mode=safe_mode)
  File "/home/airflow/.local/lib/python3.10/site-packages/airflow/models/dagbag.py", line 309, in process_file
    mods = self._load_modules_from_file(filepath, safe_mode)
  File "/home/airflow/.local/lib/python3.10/site-packages/airflow/models/dagbag.py", line 374, in _load_modules_from_file
    return parse(mod_name, filepath)
  File "/home/airflow/.local/lib/python3.10/site-packages/airflow/models/dagbag.py", line 344, in parse
    loader.exec_module(new_module)
  File "/opt/airflow/dags/sus_pipeline.py", line 6, in <module>
    from pysus.online_data.SIH import download, SIH
  File "/home/airflow/.local/lib/python3.10/site-packages/pysus/__init__.py", line 6, in <module>
    from pysus.ftp.databases import *  # noqa
  File "/home/airflow/.local/lib/python3.10/site-packages/pysus/ftp/__init__.py", line 25, in <module>
    from pysus.data.local import Data
  File "/home/airflow/.local/lib/python3.10/site-packages/pysus/data/__init__.py", line 7, in <module>
    import pyarrow as pa
  File "/home/airflow/.local/lib/python3.10/site-packages/pyarrow/__init__.py", line 65, in <module>
    import pyarrow.lib as _lib
[2026-04-29T13:31:05.644+0000] {logging_mixin.py:188} WARNING - AttributeError: _ARRAY_API not found
[2026-04-29T13:31:05.646+0000] {logging_mixin.py:188} INFO - [2026-04-29T13:31:05.644+0000] {dagbag.py:348} ERROR - Failed to import: /opt/airflow/dags/sus_pipeline.py
Traceback (most recent call last):
  File "/home/airflow/.local/lib/python3.10/site-packages/airflow/models/dagbag.py", line 344, in parse
    loader.exec_module(new_module)
  File "<frozen importlib._bootstrap_external>", line 883, in exec_module
  File "<frozen importlib._bootstrap>", line 241, in _call_with_frames_removed
  File "/opt/airflow/dags/sus_pipeline.py", line 6, in <module>
    from pysus.online_data.SIH import download, SIH
  File "/home/airflow/.local/lib/python3.10/site-packages/pysus/__init__.py", line 6, in <module>
    from pysus.ftp.databases import *  # noqa
  File "/home/airflow/.local/lib/python3.10/site-packages/pysus/ftp/__init__.py", line 25, in <module>
    from pysus.data.local import Data
  File "/home/airflow/.local/lib/python3.10/site-packages/pysus/data/__init__.py", line 7, in <module>
    import pyarrow as pa
  File "/home/airflow/.local/lib/python3.10/site-packages/pyarrow/__init__.py", line 65, in <module>
    import pyarrow.lib as _lib
  File "pyarrow/lib.pyx", line 36, in init pyarrow.lib
ImportError: numpy.core.multiarray failed to import
[2026-04-29T13:31:05.647+0000] {processor.py:842} WARNING - No viable dags retrieved from /opt/airflow/dags/sus_pipeline.py
[2026-04-29T13:31:05.707+0000] {processor.py:183} INFO - Processing /opt/airflow/dags/sus_pipeline.py took 0.416 seconds
[2026-04-29T13:31:35.874+0000] {processor.py:161} INFO - Started process (PID=197) to work on /opt/airflow/dags/sus_pipeline.py
[2026-04-29T13:31:35.876+0000] {processor.py:830} INFO - Processing file /opt/airflow/dags/sus_pipeline.py for tasks to queue
[2026-04-29T13:31:35.876+0000] {logging_mixin.py:188} INFO - [2026-04-29T13:31:35.876+0000] {dagbag.py:538} INFO - Filling up the DagBag from /opt/airflow/dags/sus_pipeline.py
[2026-04-29T13:31:35.987+0000] {logging_mixin.py:188} WARNING - 
A module that was compiled using NumPy 1.x cannot be run in
NumPy 2.2.6 as it may crash. To support both 1.x and 2.x
versions of NumPy, modules must be compiled with NumPy 2.0.
Some module may need to rebuild instead e.g. with 'pybind11>=2.12'.

If you are a user of the module, the easiest solution will be to
downgrade to 'numpy<2' or try to upgrade the affected module.
We expect that some modules will need time to support NumPy 2.

Traceback (most recent call last):  File "/home/airflow/.local/bin/airflow", line 8, in <module>
    sys.exit(main())
  File "/home/airflow/.local/lib/python3.10/site-packages/airflow/__main__.py", line 57, in main
    args.func(args)
  File "/home/airflow/.local/lib/python3.10/site-packages/airflow/cli/cli_config.py", line 49, in command
    return func(*args, **kwargs)
  File "/home/airflow/.local/lib/python3.10/site-packages/airflow/utils/cli.py", line 114, in wrapper
    return f(*args, **kwargs)
  File "/home/airflow/.local/lib/python3.10/site-packages/airflow/utils/providers_configuration_loader.py", line 55, in wrapped_function
    return func(*args, **kwargs)
  File "/home/airflow/.local/lib/python3.10/site-packages/airflow/cli/commands/scheduler_command.py", line 67, in scheduler
    run_command_with_daemon_option(
  File "/home/airflow/.local/lib/python3.10/site-packages/airflow/cli/commands/daemon_utils.py", line 86, in run_command_with_daemon_option
    callback()
  File "/home/airflow/.local/lib/python3.10/site-packages/airflow/cli/commands/scheduler_command.py", line 70, in <lambda>
    callback=lambda: _run_scheduler_job(args),
  File "/home/airflow/.local/lib/python3.10/site-packages/airflow/cli/commands/scheduler_command.py", line 52, in _run_scheduler_job
    run_job(job=job_runner.job, execute_callable=job_runner._execute)
  File "/home/airflow/.local/lib/python3.10/site-packages/airflow/utils/session.py", line 79, in wrapper
    return func(*args, session=session, **kwargs)
  File "/home/airflow/.local/lib/python3.10/site-packages/airflow/jobs/job.py", line 393, in run_job
    return execute_job(job, execute_callable=execute_callable)
  File "/home/airflow/.local/lib/python3.10/site-packages/airflow/jobs/job.py", line 422, in execute_job
    ret = execute_callable()
  File "/home/airflow/.local/lib/python3.10/site-packages/airflow/jobs/scheduler_job_runner.py", line 851, in _execute
    self.processor_agent.start()
  File "/home/airflow/.local/lib/python3.10/site-packages/airflow/dag_processing/manager.py", line 167, in start
    process.start()
  File "/usr/local/lib/python3.10/multiprocessing/process.py", line 121, in start
    self._popen = self._Popen(self)
  File "/usr/local/lib/python3.10/multiprocessing/context.py", line 281, in _Popen
    return Popen(process_obj)
  File "/usr/local/lib/python3.10/multiprocessing/popen_fork.py", line 19, in __init__
    self._launch(process_obj)
  File "/usr/local/lib/python3.10/multiprocessing/popen_fork.py", line 71, in _launch
    code = process_obj._bootstrap(parent_sentinel=child_r)
  File "/usr/local/lib/python3.10/multiprocessing/process.py", line 314, in _bootstrap
    self.run()
  File "/usr/local/lib/python3.10/multiprocessing/process.py", line 108, in run
    self._target(*self._args, **self._kwargs)
  File "/home/airflow/.local/lib/python3.10/site-packages/airflow/dag_processing/manager.py", line 240, in _run_processor_manager
    processor_manager.start()
  File "/home/airflow/.local/lib/python3.10/site-packages/airflow/dag_processing/manager.py", line 475, in start
    return self._run_parsing_loop()
  File "/home/airflow/.local/lib/python3.10/site-packages/airflow/dag_processing/manager.py", line 618, in _run_parsing_loop
    self.start_new_processes()
  File "/home/airflow/.local/lib/python3.10/site-packages/airflow/dag_processing/manager.py", line 1088, in start_new_processes
    processor.start()
  File "/home/airflow/.local/lib/python3.10/site-packages/airflow/dag_processing/processor.py", line 238, in start
    process.start()
  File "/usr/local/lib/python3.10/multiprocessing/process.py", line 121, in start
    self._popen = self._Popen(self)
  File "/usr/local/lib/python3.10/multiprocessing/context.py", line 281, in _Popen
    return Popen(process_obj)
  File "/usr/local/lib/python3.10/multiprocessing/popen_fork.py", line 19, in __init__
    self._launch(process_obj)
  File "/usr/local/lib/python3.10/multiprocessing/popen_fork.py", line 71, in _launch
    code = process_obj._bootstrap(parent_sentinel=child_r)
  File "/usr/local/lib/python3.10/multiprocessing/process.py", line 314, in _bootstrap
    self.run()
  File "/usr/local/lib/python3.10/multiprocessing/process.py", line 108, in run
    self._target(*self._args, **self._kwargs)
  File "/home/airflow/.local/lib/python3.10/site-packages/airflow/dag_processing/processor.py", line 182, in _run_file_processor
    _handle_dag_file_processing()
  File "/home/airflow/.local/lib/python3.10/site-packages/airflow/dag_processing/processor.py", line 163, in _handle_dag_file_processing
    result: tuple[int, int] = dag_file_processor.process_file(
  File "/home/airflow/.local/lib/python3.10/site-packages/airflow/utils/session.py", line 79, in wrapper
    return func(*args, session=session, **kwargs)
  File "/home/airflow/.local/lib/python3.10/site-packages/airflow/dag_processing/processor.py", line 833, in process_file
    dagbag = DagFileProcessor._get_dagbag(file_path)
  File "/home/airflow/.local/lib/python3.10/site-packages/airflow/dag_processing/processor.py", line 797, in _get_dagbag
    return DagBag(file_path, include_examples=False)
  File "/home/airflow/.local/lib/python3.10/site-packages/airflow/models/dagbag.py", line 143, in __init__
    self.collect_dags(
  File "/home/airflow/.local/lib/python3.10/site-packages/airflow/models/dagbag.py", line 552, in collect_dags
    found_dags = self.process_file(filepath, only_if_updated=only_if_updated, safe_mode=safe_mode)
  File "/home/airflow/.local/lib/python3.10/site-packages/airflow/models/dagbag.py", line 309, in process_file
    mods = self._load_modules_from_file(filepath, safe_mode)
  File "/home/airflow/.local/lib/python3.10/site-packages/airflow/models/dagbag.py", line 374, in _load_modules_from_file
    return parse(mod_name, filepath)
  File "/home/airflow/.local/lib/python3.10/site-packages/airflow/models/dagbag.py", line 344, in parse
    loader.exec_module(new_module)
  File "/opt/airflow/dags/sus_pipeline.py", line 5, in <module>
    import pandas as pd
  File "/home/airflow/.local/lib/python3.10/site-packages/pandas/__init__.py", line 26, in <module>
    from pandas.compat import (
  File "/home/airflow/.local/lib/python3.10/site-packages/pandas/compat/__init__.py", line 29, in <module>
    from pandas.compat.pyarrow import (
  File "/home/airflow/.local/lib/python3.10/site-packages/pandas/compat/pyarrow.py", line 8, in <module>
    import pyarrow as pa
  File "/home/airflow/.local/lib/python3.10/site-packages/pyarrow/__init__.py", line 65, in <module>
    import pyarrow.lib as _lib
[2026-04-29T13:31:35.987+0000] {logging_mixin.py:188} WARNING - AttributeError: _ARRAY_API not found
[2026-04-29T13:31:36.042+0000] {logging_mixin.py:188} WARNING - 
A module that was compiled using NumPy 1.x cannot be run in
NumPy 2.2.6 as it may crash. To support both 1.x and 2.x
versions of NumPy, modules must be compiled with NumPy 2.0.
Some module may need to rebuild instead e.g. with 'pybind11>=2.12'.

If you are a user of the module, the easiest solution will be to
downgrade to 'numpy<2' or try to upgrade the affected module.
We expect that some modules will need time to support NumPy 2.

Traceback (most recent call last):  File "/home/airflow/.local/bin/airflow", line 8, in <module>
    sys.exit(main())
  File "/home/airflow/.local/lib/python3.10/site-packages/airflow/__main__.py", line 57, in main
    args.func(args)
  File "/home/airflow/.local/lib/python3.10/site-packages/airflow/cli/cli_config.py", line 49, in command
    return func(*args, **kwargs)
  File "/home/airflow/.local/lib/python3.10/site-packages/airflow/utils/cli.py", line 114, in wrapper
    return f(*args, **kwargs)
  File "/home/airflow/.local/lib/python3.10/site-packages/airflow/utils/providers_configuration_loader.py", line 55, in wrapped_function
    return func(*args, **kwargs)
  File "/home/airflow/.local/lib/python3.10/site-packages/airflow/cli/commands/scheduler_command.py", line 67, in scheduler
    run_command_with_daemon_option(
  File "/home/airflow/.local/lib/python3.10/site-packages/airflow/cli/commands/daemon_utils.py", line 86, in run_command_with_daemon_option
    callback()
  File "/home/airflow/.local/lib/python3.10/site-packages/airflow/cli/commands/scheduler_command.py", line 70, in <lambda>
    callback=lambda: _run_scheduler_job(args),
  File "/home/airflow/.local/lib/python3.10/site-packages/airflow/cli/commands/scheduler_command.py", line 52, in _run_scheduler_job
    run_job(job=job_runner.job, execute_callable=job_runner._execute)
  File "/home/airflow/.local/lib/python3.10/site-packages/airflow/utils/session.py", line 79, in wrapper
    return func(*args, session=session, **kwargs)
  File "/home/airflow/.local/lib/python3.10/site-packages/airflow/jobs/job.py", line 393, in run_job
    return execute_job(job, execute_callable=execute_callable)
  File "/home/airflow/.local/lib/python3.10/site-packages/airflow/jobs/job.py", line 422, in execute_job
    ret = execute_callable()
  File "/home/airflow/.local/lib/python3.10/site-packages/airflow/jobs/scheduler_job_runner.py", line 851, in _execute
    self.processor_agent.start()
  File "/home/airflow/.local/lib/python3.10/site-packages/airflow/dag_processing/manager.py", line 167, in start
    process.start()
  File "/usr/local/lib/python3.10/multiprocessing/process.py", line 121, in start
    self._popen = self._Popen(self)
  File "/usr/local/lib/python3.10/multiprocessing/context.py", line 281, in _Popen
    return Popen(process_obj)
  File "/usr/local/lib/python3.10/multiprocessing/popen_fork.py", line 19, in __init__
    self._launch(process_obj)
  File "/usr/local/lib/python3.10/multiprocessing/popen_fork.py", line 71, in _launch
    code = process_obj._bootstrap(parent_sentinel=child_r)
  File "/usr/local/lib/python3.10/multiprocessing/process.py", line 314, in _bootstrap
    self.run()
  File "/usr/local/lib/python3.10/multiprocessing/process.py", line 108, in run
    self._target(*self._args, **self._kwargs)
  File "/home/airflow/.local/lib/python3.10/site-packages/airflow/dag_processing/manager.py", line 240, in _run_processor_manager
    processor_manager.start()
  File "/home/airflow/.local/lib/python3.10/site-packages/airflow/dag_processing/manager.py", line 475, in start
    return self._run_parsing_loop()
  File "/home/airflow/.local/lib/python3.10/site-packages/airflow/dag_processing/manager.py", line 618, in _run_parsing_loop
    self.start_new_processes()
  File "/home/airflow/.local/lib/python3.10/site-packages/airflow/dag_processing/manager.py", line 1088, in start_new_processes
    processor.start()
  File "/home/airflow/.local/lib/python3.10/site-packages/airflow/dag_processing/processor.py", line 238, in start
    process.start()
  File "/usr/local/lib/python3.10/multiprocessing/process.py", line 121, in start
    self._popen = self._Popen(self)
  File "/usr/local/lib/python3.10/multiprocessing/context.py", line 281, in _Popen
    return Popen(process_obj)
  File "/usr/local/lib/python3.10/multiprocessing/popen_fork.py", line 19, in __init__
    self._launch(process_obj)
  File "/usr/local/lib/python3.10/multiprocessing/popen_fork.py", line 71, in _launch
    code = process_obj._bootstrap(parent_sentinel=child_r)
  File "/usr/local/lib/python3.10/multiprocessing/process.py", line 314, in _bootstrap
    self.run()
  File "/usr/local/lib/python3.10/multiprocessing/process.py", line 108, in run
    self._target(*self._args, **self._kwargs)
  File "/home/airflow/.local/lib/python3.10/site-packages/airflow/dag_processing/processor.py", line 182, in _run_file_processor
    _handle_dag_file_processing()
  File "/home/airflow/.local/lib/python3.10/site-packages/airflow/dag_processing/processor.py", line 163, in _handle_dag_file_processing
    result: tuple[int, int] = dag_file_processor.process_file(
  File "/home/airflow/.local/lib/python3.10/site-packages/airflow/utils/session.py", line 79, in wrapper
    return func(*args, session=session, **kwargs)
  File "/home/airflow/.local/lib/python3.10/site-packages/airflow/dag_processing/processor.py", line 833, in process_file
    dagbag = DagFileProcessor._get_dagbag(file_path)
  File "/home/airflow/.local/lib/python3.10/site-packages/airflow/dag_processing/processor.py", line 797, in _get_dagbag
    return DagBag(file_path, include_examples=False)
  File "/home/airflow/.local/lib/python3.10/site-packages/airflow/models/dagbag.py", line 143, in __init__
    self.collect_dags(
  File "/home/airflow/.local/lib/python3.10/site-packages/airflow/models/dagbag.py", line 552, in collect_dags
    found_dags = self.process_file(filepath, only_if_updated=only_if_updated, safe_mode=safe_mode)
  File "/home/airflow/.local/lib/python3.10/site-packages/airflow/models/dagbag.py", line 309, in process_file
    mods = self._load_modules_from_file(filepath, safe_mode)
  File "/home/airflow/.local/lib/python3.10/site-packages/airflow/models/dagbag.py", line 374, in _load_modules_from_file
    return parse(mod_name, filepath)
  File "/home/airflow/.local/lib/python3.10/site-packages/airflow/models/dagbag.py", line 344, in parse
    loader.exec_module(new_module)
  File "/opt/airflow/dags/sus_pipeline.py", line 5, in <module>
    import pandas as pd
  File "/home/airflow/.local/lib/python3.10/site-packages/pandas/__init__.py", line 49, in <module>
    from pandas.core.api import (
  File "/home/airflow/.local/lib/python3.10/site-packages/pandas/core/api.py", line 9, in <module>
    from pandas.core.dtypes.dtypes import (
  File "/home/airflow/.local/lib/python3.10/site-packages/pandas/core/dtypes/dtypes.py", line 24, in <module>
    from pandas._libs import (
  File "/home/airflow/.local/lib/python3.10/site-packages/pyarrow/__init__.py", line 65, in <module>
    import pyarrow.lib as _lib
[2026-04-29T13:31:36.043+0000] {logging_mixin.py:188} WARNING - AttributeError: _ARRAY_API not found
[2026-04-29T13:31:36.270+0000] {logging_mixin.py:188} WARNING - 
A module that was compiled using NumPy 1.x cannot be run in
NumPy 2.2.6 as it may crash. To support both 1.x and 2.x
versions of NumPy, modules must be compiled with NumPy 2.0.
Some module may need to rebuild instead e.g. with 'pybind11>=2.12'.

If you are a user of the module, the easiest solution will be to
downgrade to 'numpy<2' or try to upgrade the affected module.
We expect that some modules will need time to support NumPy 2.

Traceback (most recent call last):  File "/home/airflow/.local/bin/airflow", line 8, in <module>
    sys.exit(main())
  File "/home/airflow/.local/lib/python3.10/site-packages/airflow/__main__.py", line 57, in main
    args.func(args)
  File "/home/airflow/.local/lib/python3.10/site-packages/airflow/cli/cli_config.py", line 49, in command
    return func(*args, **kwargs)
  File "/home/airflow/.local/lib/python3.10/site-packages/airflow/utils/cli.py", line 114, in wrapper
    return f(*args, **kwargs)
  File "/home/airflow/.local/lib/python3.10/site-packages/airflow/utils/providers_configuration_loader.py", line 55, in wrapped_function
    return func(*args, **kwargs)
  File "/home/airflow/.local/lib/python3.10/site-packages/airflow/cli/commands/scheduler_command.py", line 67, in scheduler
    run_command_with_daemon_option(
  File "/home/airflow/.local/lib/python3.10/site-packages/airflow/cli/commands/daemon_utils.py", line 86, in run_command_with_daemon_option
    callback()
  File "/home/airflow/.local/lib/python3.10/site-packages/airflow/cli/commands/scheduler_command.py", line 70, in <lambda>
    callback=lambda: _run_scheduler_job(args),
  File "/home/airflow/.local/lib/python3.10/site-packages/airflow/cli/commands/scheduler_command.py", line 52, in _run_scheduler_job
    run_job(job=job_runner.job, execute_callable=job_runner._execute)
  File "/home/airflow/.local/lib/python3.10/site-packages/airflow/utils/session.py", line 79, in wrapper
    return func(*args, session=session, **kwargs)
  File "/home/airflow/.local/lib/python3.10/site-packages/airflow/jobs/job.py", line 393, in run_job
    return execute_job(job, execute_callable=execute_callable)
  File "/home/airflow/.local/lib/python3.10/site-packages/airflow/jobs/job.py", line 422, in execute_job
    ret = execute_callable()
  File "/home/airflow/.local/lib/python3.10/site-packages/airflow/jobs/scheduler_job_runner.py", line 851, in _execute
    self.processor_agent.start()
  File "/home/airflow/.local/lib/python3.10/site-packages/airflow/dag_processing/manager.py", line 167, in start
    process.start()
  File "/usr/local/lib/python3.10/multiprocessing/process.py", line 121, in start
    self._popen = self._Popen(self)
  File "/usr/local/lib/python3.10/multiprocessing/context.py", line 281, in _Popen
    return Popen(process_obj)
  File "/usr/local/lib/python3.10/multiprocessing/popen_fork.py", line 19, in __init__
    self._launch(process_obj)
  File "/usr/local/lib/python3.10/multiprocessing/popen_fork.py", line 71, in _launch
    code = process_obj._bootstrap(parent_sentinel=child_r)
  File "/usr/local/lib/python3.10/multiprocessing/process.py", line 314, in _bootstrap
    self.run()
  File "/usr/local/lib/python3.10/multiprocessing/process.py", line 108, in run
    self._target(*self._args, **self._kwargs)
  File "/home/airflow/.local/lib/python3.10/site-packages/airflow/dag_processing/manager.py", line 240, in _run_processor_manager
    processor_manager.start()
  File "/home/airflow/.local/lib/python3.10/site-packages/airflow/dag_processing/manager.py", line 475, in start
    return self._run_parsing_loop()
  File "/home/airflow/.local/lib/python3.10/site-packages/airflow/dag_processing/manager.py", line 618, in _run_parsing_loop
    self.start_new_processes()
  File "/home/airflow/.local/lib/python3.10/site-packages/airflow/dag_processing/manager.py", line 1088, in start_new_processes
    processor.start()
  File "/home/airflow/.local/lib/python3.10/site-packages/airflow/dag_processing/processor.py", line 238, in start
    process.start()
  File "/usr/local/lib/python3.10/multiprocessing/process.py", line 121, in start
    self._popen = self._Popen(self)
  File "/usr/local/lib/python3.10/multiprocessing/context.py", line 281, in _Popen
    return Popen(process_obj)
  File "/usr/local/lib/python3.10/multiprocessing/popen_fork.py", line 19, in __init__
    self._launch(process_obj)
  File "/usr/local/lib/python3.10/multiprocessing/popen_fork.py", line 71, in _launch
    code = process_obj._bootstrap(parent_sentinel=child_r)
  File "/usr/local/lib/python3.10/multiprocessing/process.py", line 314, in _bootstrap
    self.run()
  File "/usr/local/lib/python3.10/multiprocessing/process.py", line 108, in run
    self._target(*self._args, **self._kwargs)
  File "/home/airflow/.local/lib/python3.10/site-packages/airflow/dag_processing/processor.py", line 182, in _run_file_processor
    _handle_dag_file_processing()
  File "/home/airflow/.local/lib/python3.10/site-packages/airflow/dag_processing/processor.py", line 163, in _handle_dag_file_processing
    result: tuple[int, int] = dag_file_processor.process_file(
  File "/home/airflow/.local/lib/python3.10/site-packages/airflow/utils/session.py", line 79, in wrapper
    return func(*args, session=session, **kwargs)
  File "/home/airflow/.local/lib/python3.10/site-packages/airflow/dag_processing/processor.py", line 833, in process_file
    dagbag = DagFileProcessor._get_dagbag(file_path)
  File "/home/airflow/.local/lib/python3.10/site-packages/airflow/dag_processing/processor.py", line 797, in _get_dagbag
    return DagBag(file_path, include_examples=False)
  File "/home/airflow/.local/lib/python3.10/site-packages/airflow/models/dagbag.py", line 143, in __init__
    self.collect_dags(
  File "/home/airflow/.local/lib/python3.10/site-packages/airflow/models/dagbag.py", line 552, in collect_dags
    found_dags = self.process_file(filepath, only_if_updated=only_if_updated, safe_mode=safe_mode)
  File "/home/airflow/.local/lib/python3.10/site-packages/airflow/models/dagbag.py", line 309, in process_file
    mods = self._load_modules_from_file(filepath, safe_mode)
  File "/home/airflow/.local/lib/python3.10/site-packages/airflow/models/dagbag.py", line 374, in _load_modules_from_file
    return parse(mod_name, filepath)
  File "/home/airflow/.local/lib/python3.10/site-packages/airflow/models/dagbag.py", line 344, in parse
    loader.exec_module(new_module)
  File "/opt/airflow/dags/sus_pipeline.py", line 6, in <module>
    from pysus.online_data.SIH import download, SIH
  File "/home/airflow/.local/lib/python3.10/site-packages/pysus/__init__.py", line 6, in <module>
    from pysus.ftp.databases import *  # noqa
  File "/home/airflow/.local/lib/python3.10/site-packages/pysus/ftp/__init__.py", line 25, in <module>
    from pysus.data.local import Data
  File "/home/airflow/.local/lib/python3.10/site-packages/pysus/data/__init__.py", line 7, in <module>
    import pyarrow as pa
  File "/home/airflow/.local/lib/python3.10/site-packages/pyarrow/__init__.py", line 65, in <module>
    import pyarrow.lib as _lib
[2026-04-29T13:31:36.271+0000] {logging_mixin.py:188} WARNING - AttributeError: _ARRAY_API not found
[2026-04-29T13:31:36.275+0000] {logging_mixin.py:188} INFO - [2026-04-29T13:31:36.271+0000] {dagbag.py:348} ERROR - Failed to import: /opt/airflow/dags/sus_pipeline.py
Traceback (most recent call last):
  File "/home/airflow/.local/lib/python3.10/site-packages/airflow/models/dagbag.py", line 344, in parse
    loader.exec_module(new_module)
  File "<frozen importlib._bootstrap_external>", line 883, in exec_module
  File "<frozen importlib._bootstrap>", line 241, in _call_with_frames_removed
  File "/opt/airflow/dags/sus_pipeline.py", line 6, in <module>
    from pysus.online_data.SIH import download, SIH
  File "/home/airflow/.local/lib/python3.10/site-packages/pysus/__init__.py", line 6, in <module>
    from pysus.ftp.databases import *  # noqa
  File "/home/airflow/.local/lib/python3.10/site-packages/pysus/ftp/__init__.py", line 25, in <module>
    from pysus.data.local import Data
  File "/home/airflow/.local/lib/python3.10/site-packages/pysus/data/__init__.py", line 7, in <module>
    import pyarrow as pa
  File "/home/airflow/.local/lib/python3.10/site-packages/pyarrow/__init__.py", line 65, in <module>
    import pyarrow.lib as _lib
  File "pyarrow/lib.pyx", line 36, in init pyarrow.lib
ImportError: numpy.core.multiarray failed to import
[2026-04-29T13:31:36.278+0000] {processor.py:842} WARNING - No viable dags retrieved from /opt/airflow/dags/sus_pipeline.py
[2026-04-29T13:31:36.327+0000] {processor.py:183} INFO - Processing /opt/airflow/dags/sus_pipeline.py took 0.456 seconds
[2026-04-29T13:32:06.742+0000] {processor.py:161} INFO - Started process (PID=203) to work on /opt/airflow/dags/sus_pipeline.py
[2026-04-29T13:32:06.743+0000] {processor.py:830} INFO - Processing file /opt/airflow/dags/sus_pipeline.py for tasks to queue
[2026-04-29T13:32:06.743+0000] {logging_mixin.py:188} INFO - [2026-04-29T13:32:06.743+0000] {dagbag.py:538} INFO - Filling up the DagBag from /opt/airflow/dags/sus_pipeline.py
[2026-04-29T13:32:06.828+0000] {logging_mixin.py:188} WARNING - 
A module that was compiled using NumPy 1.x cannot be run in
NumPy 2.2.6 as it may crash. To support both 1.x and 2.x
versions of NumPy, modules must be compiled with NumPy 2.0.
Some module may need to rebuild instead e.g. with 'pybind11>=2.12'.

If you are a user of the module, the easiest solution will be to
downgrade to 'numpy<2' or try to upgrade the affected module.
We expect that some modules will need time to support NumPy 2.

Traceback (most recent call last):  File "/home/airflow/.local/bin/airflow", line 8, in <module>
    sys.exit(main())
  File "/home/airflow/.local/lib/python3.10/site-packages/airflow/__main__.py", line 57, in main
    args.func(args)
  File "/home/airflow/.local/lib/python3.10/site-packages/airflow/cli/cli_config.py", line 49, in command
    return func(*args, **kwargs)
  File "/home/airflow/.local/lib/python3.10/site-packages/airflow/utils/cli.py", line 114, in wrapper
    return f(*args, **kwargs)
  File "/home/airflow/.local/lib/python3.10/site-packages/airflow/utils/providers_configuration_loader.py", line 55, in wrapped_function
    return func(*args, **kwargs)
  File "/home/airflow/.local/lib/python3.10/site-packages/airflow/cli/commands/scheduler_command.py", line 67, in scheduler
    run_command_with_daemon_option(
  File "/home/airflow/.local/lib/python3.10/site-packages/airflow/cli/commands/daemon_utils.py", line 86, in run_command_with_daemon_option
    callback()
  File "/home/airflow/.local/lib/python3.10/site-packages/airflow/cli/commands/scheduler_command.py", line 70, in <lambda>
    callback=lambda: _run_scheduler_job(args),
  File "/home/airflow/.local/lib/python3.10/site-packages/airflow/cli/commands/scheduler_command.py", line 52, in _run_scheduler_job
    run_job(job=job_runner.job, execute_callable=job_runner._execute)
  File "/home/airflow/.local/lib/python3.10/site-packages/airflow/utils/session.py", line 79, in wrapper
    return func(*args, session=session, **kwargs)
  File "/home/airflow/.local/lib/python3.10/site-packages/airflow/jobs/job.py", line 393, in run_job
    return execute_job(job, execute_callable=execute_callable)
  File "/home/airflow/.local/lib/python3.10/site-packages/airflow/jobs/job.py", line 422, in execute_job
    ret = execute_callable()
  File "/home/airflow/.local/lib/python3.10/site-packages/airflow/jobs/scheduler_job_runner.py", line 851, in _execute
    self.processor_agent.start()
  File "/home/airflow/.local/lib/python3.10/site-packages/airflow/dag_processing/manager.py", line 167, in start
    process.start()
  File "/usr/local/lib/python3.10/multiprocessing/process.py", line 121, in start
    self._popen = self._Popen(self)
  File "/usr/local/lib/python3.10/multiprocessing/context.py", line 281, in _Popen
    return Popen(process_obj)
  File "/usr/local/lib/python3.10/multiprocessing/popen_fork.py", line 19, in __init__
    self._launch(process_obj)
  File "/usr/local/lib/python3.10/multiprocessing/popen_fork.py", line 71, in _launch
    code = process_obj._bootstrap(parent_sentinel=child_r)
  File "/usr/local/lib/python3.10/multiprocessing/process.py", line 314, in _bootstrap
    self.run()
  File "/usr/local/lib/python3.10/multiprocessing/process.py", line 108, in run
    self._target(*self._args, **self._kwargs)
  File "/home/airflow/.local/lib/python3.10/site-packages/airflow/dag_processing/manager.py", line 240, in _run_processor_manager
    processor_manager.start()
  File "/home/airflow/.local/lib/python3.10/site-packages/airflow/dag_processing/manager.py", line 475, in start
    return self._run_parsing_loop()
  File "/home/airflow/.local/lib/python3.10/site-packages/airflow/dag_processing/manager.py", line 618, in _run_parsing_loop
    self.start_new_processes()
  File "/home/airflow/.local/lib/python3.10/site-packages/airflow/dag_processing/manager.py", line 1088, in start_new_processes
    processor.start()
  File "/home/airflow/.local/lib/python3.10/site-packages/airflow/dag_processing/processor.py", line 238, in start
    process.start()
  File "/usr/local/lib/python3.10/multiprocessing/process.py", line 121, in start
    self._popen = self._Popen(self)
  File "/usr/local/lib/python3.10/multiprocessing/context.py", line 281, in _Popen
    return Popen(process_obj)
  File "/usr/local/lib/python3.10/multiprocessing/popen_fork.py", line 19, in __init__
    self._launch(process_obj)
  File "/usr/local/lib/python3.10/multiprocessing/popen_fork.py", line 71, in _launch
    code = process_obj._bootstrap(parent_sentinel=child_r)
  File "/usr/local/lib/python3.10/multiprocessing/process.py", line 314, in _bootstrap
    self.run()
  File "/usr/local/lib/python3.10/multiprocessing/process.py", line 108, in run
    self._target(*self._args, **self._kwargs)
  File "/home/airflow/.local/lib/python3.10/site-packages/airflow/dag_processing/processor.py", line 182, in _run_file_processor
    _handle_dag_file_processing()
  File "/home/airflow/.local/lib/python3.10/site-packages/airflow/dag_processing/processor.py", line 163, in _handle_dag_file_processing
    result: tuple[int, int] = dag_file_processor.process_file(
  File "/home/airflow/.local/lib/python3.10/site-packages/airflow/utils/session.py", line 79, in wrapper
    return func(*args, session=session, **kwargs)
  File "/home/airflow/.local/lib/python3.10/site-packages/airflow/dag_processing/processor.py", line 833, in process_file
    dagbag = DagFileProcessor._get_dagbag(file_path)
  File "/home/airflow/.local/lib/python3.10/site-packages/airflow/dag_processing/processor.py", line 797, in _get_dagbag
    return DagBag(file_path, include_examples=False)
  File "/home/airflow/.local/lib/python3.10/site-packages/airflow/models/dagbag.py", line 143, in __init__
    self.collect_dags(
  File "/home/airflow/.local/lib/python3.10/site-packages/airflow/models/dagbag.py", line 552, in collect_dags
    found_dags = self.process_file(filepath, only_if_updated=only_if_updated, safe_mode=safe_mode)
  File "/home/airflow/.local/lib/python3.10/site-packages/airflow/models/dagbag.py", line 309, in process_file
    mods = self._load_modules_from_file(filepath, safe_mode)
  File "/home/airflow/.local/lib/python3.10/site-packages/airflow/models/dagbag.py", line 374, in _load_modules_from_file
    return parse(mod_name, filepath)
  File "/home/airflow/.local/lib/python3.10/site-packages/airflow/models/dagbag.py", line 344, in parse
    loader.exec_module(new_module)
  File "/opt/airflow/dags/sus_pipeline.py", line 5, in <module>
    import pandas as pd
  File "/home/airflow/.local/lib/python3.10/site-packages/pandas/__init__.py", line 26, in <module>
    from pandas.compat import (
  File "/home/airflow/.local/lib/python3.10/site-packages/pandas/compat/__init__.py", line 29, in <module>
    from pandas.compat.pyarrow import (
  File "/home/airflow/.local/lib/python3.10/site-packages/pandas/compat/pyarrow.py", line 8, in <module>
    import pyarrow as pa
  File "/home/airflow/.local/lib/python3.10/site-packages/pyarrow/__init__.py", line 65, in <module>
    import pyarrow.lib as _lib
[2026-04-29T13:32:06.828+0000] {logging_mixin.py:188} WARNING - AttributeError: _ARRAY_API not found
[2026-04-29T13:32:06.860+0000] {logging_mixin.py:188} WARNING - 
A module that was compiled using NumPy 1.x cannot be run in
NumPy 2.2.6 as it may crash. To support both 1.x and 2.x
versions of NumPy, modules must be compiled with NumPy 2.0.
Some module may need to rebuild instead e.g. with 'pybind11>=2.12'.

If you are a user of the module, the easiest solution will be to
downgrade to 'numpy<2' or try to upgrade the affected module.
We expect that some modules will need time to support NumPy 2.

Traceback (most recent call last):  File "/home/airflow/.local/bin/airflow", line 8, in <module>
    sys.exit(main())
  File "/home/airflow/.local/lib/python3.10/site-packages/airflow/__main__.py", line 57, in main
    args.func(args)
  File "/home/airflow/.local/lib/python3.10/site-packages/airflow/cli/cli_config.py", line 49, in command
    return func(*args, **kwargs)
  File "/home/airflow/.local/lib/python3.10/site-packages/airflow/utils/cli.py", line 114, in wrapper
    return f(*args, **kwargs)
  File "/home/airflow/.local/lib/python3.10/site-packages/airflow/utils/providers_configuration_loader.py", line 55, in wrapped_function
    return func(*args, **kwargs)
  File "/home/airflow/.local/lib/python3.10/site-packages/airflow/cli/commands/scheduler_command.py", line 67, in scheduler
    run_command_with_daemon_option(
  File "/home/airflow/.local/lib/python3.10/site-packages/airflow/cli/commands/daemon_utils.py", line 86, in run_command_with_daemon_option
    callback()
  File "/home/airflow/.local/lib/python3.10/site-packages/airflow/cli/commands/scheduler_command.py", line 70, in <lambda>
    callback=lambda: _run_scheduler_job(args),
  File "/home/airflow/.local/lib/python3.10/site-packages/airflow/cli/commands/scheduler_command.py", line 52, in _run_scheduler_job
    run_job(job=job_runner.job, execute_callable=job_runner._execute)
  File "/home/airflow/.local/lib/python3.10/site-packages/airflow/utils/session.py", line 79, in wrapper
    return func(*args, session=session, **kwargs)
  File "/home/airflow/.local/lib/python3.10/site-packages/airflow/jobs/job.py", line 393, in run_job
    return execute_job(job, execute_callable=execute_callable)
  File "/home/airflow/.local/lib/python3.10/site-packages/airflow/jobs/job.py", line 422, in execute_job
    ret = execute_callable()
  File "/home/airflow/.local/lib/python3.10/site-packages/airflow/jobs/scheduler_job_runner.py", line 851, in _execute
    self.processor_agent.start()
  File "/home/airflow/.local/lib/python3.10/site-packages/airflow/dag_processing/manager.py", line 167, in start
    process.start()
  File "/usr/local/lib/python3.10/multiprocessing/process.py", line 121, in start
    self._popen = self._Popen(self)
  File "/usr/local/lib/python3.10/multiprocessing/context.py", line 281, in _Popen
    return Popen(process_obj)
  File "/usr/local/lib/python3.10/multiprocessing/popen_fork.py", line 19, in __init__
    self._launch(process_obj)
  File "/usr/local/lib/python3.10/multiprocessing/popen_fork.py", line 71, in _launch
    code = process_obj._bootstrap(parent_sentinel=child_r)
  File "/usr/local/lib/python3.10/multiprocessing/process.py", line 314, in _bootstrap
    self.run()
  File "/usr/local/lib/python3.10/multiprocessing/process.py", line 108, in run
    self._target(*self._args, **self._kwargs)
  File "/home/airflow/.local/lib/python3.10/site-packages/airflow/dag_processing/manager.py", line 240, in _run_processor_manager
    processor_manager.start()
  File "/home/airflow/.local/lib/python3.10/site-packages/airflow/dag_processing/manager.py", line 475, in start
    return self._run_parsing_loop()
  File "/home/airflow/.local/lib/python3.10/site-packages/airflow/dag_processing/manager.py", line 618, in _run_parsing_loop
    self.start_new_processes()
  File "/home/airflow/.local/lib/python3.10/site-packages/airflow/dag_processing/manager.py", line 1088, in start_new_processes
    processor.start()
  File "/home/airflow/.local/lib/python3.10/site-packages/airflow/dag_processing/processor.py", line 238, in start
    process.start()
  File "/usr/local/lib/python3.10/multiprocessing/process.py", line 121, in start
    self._popen = self._Popen(self)
  File "/usr/local/lib/python3.10/multiprocessing/context.py", line 281, in _Popen
    return Popen(process_obj)
  File "/usr/local/lib/python3.10/multiprocessing/popen_fork.py", line 19, in __init__
    self._launch(process_obj)
  File "/usr/local/lib/python3.10/multiprocessing/popen_fork.py", line 71, in _launch
    code = process_obj._bootstrap(parent_sentinel=child_r)
  File "/usr/local/lib/python3.10/multiprocessing/process.py", line 314, in _bootstrap
    self.run()
  File "/usr/local/lib/python3.10/multiprocessing/process.py", line 108, in run
    self._target(*self._args, **self._kwargs)
  File "/home/airflow/.local/lib/python3.10/site-packages/airflow/dag_processing/processor.py", line 182, in _run_file_processor
    _handle_dag_file_processing()
  File "/home/airflow/.local/lib/python3.10/site-packages/airflow/dag_processing/processor.py", line 163, in _handle_dag_file_processing
    result: tuple[int, int] = dag_file_processor.process_file(
  File "/home/airflow/.local/lib/python3.10/site-packages/airflow/utils/session.py", line 79, in wrapper
    return func(*args, session=session, **kwargs)
  File "/home/airflow/.local/lib/python3.10/site-packages/airflow/dag_processing/processor.py", line 833, in process_file
    dagbag = DagFileProcessor._get_dagbag(file_path)
  File "/home/airflow/.local/lib/python3.10/site-packages/airflow/dag_processing/processor.py", line 797, in _get_dagbag
    return DagBag(file_path, include_examples=False)
  File "/home/airflow/.local/lib/python3.10/site-packages/airflow/models/dagbag.py", line 143, in __init__
    self.collect_dags(
  File "/home/airflow/.local/lib/python3.10/site-packages/airflow/models/dagbag.py", line 552, in collect_dags
    found_dags = self.process_file(filepath, only_if_updated=only_if_updated, safe_mode=safe_mode)
  File "/home/airflow/.local/lib/python3.10/site-packages/airflow/models/dagbag.py", line 309, in process_file
    mods = self._load_modules_from_file(filepath, safe_mode)
  File "/home/airflow/.local/lib/python3.10/site-packages/airflow/models/dagbag.py", line 374, in _load_modules_from_file
    return parse(mod_name, filepath)
  File "/home/airflow/.local/lib/python3.10/site-packages/airflow/models/dagbag.py", line 344, in parse
    loader.exec_module(new_module)
  File "/opt/airflow/dags/sus_pipeline.py", line 5, in <module>
    import pandas as pd
  File "/home/airflow/.local/lib/python3.10/site-packages/pandas/__init__.py", line 49, in <module>
    from pandas.core.api import (
  File "/home/airflow/.local/lib/python3.10/site-packages/pandas/core/api.py", line 9, in <module>
    from pandas.core.dtypes.dtypes import (
  File "/home/airflow/.local/lib/python3.10/site-packages/pandas/core/dtypes/dtypes.py", line 24, in <module>
    from pandas._libs import (
  File "/home/airflow/.local/lib/python3.10/site-packages/pyarrow/__init__.py", line 65, in <module>
    import pyarrow.lib as _lib
[2026-04-29T13:32:06.860+0000] {logging_mixin.py:188} WARNING - AttributeError: _ARRAY_API not found
[2026-04-29T13:32:07.016+0000] {logging_mixin.py:188} WARNING - 
A module that was compiled using NumPy 1.x cannot be run in
NumPy 2.2.6 as it may crash. To support both 1.x and 2.x
versions of NumPy, modules must be compiled with NumPy 2.0.
Some module may need to rebuild instead e.g. with 'pybind11>=2.12'.

If you are a user of the module, the easiest solution will be to
downgrade to 'numpy<2' or try to upgrade the affected module.
We expect that some modules will need time to support NumPy 2.

Traceback (most recent call last):  File "/home/airflow/.local/bin/airflow", line 8, in <module>
    sys.exit(main())
  File "/home/airflow/.local/lib/python3.10/site-packages/airflow/__main__.py", line 57, in main
    args.func(args)
  File "/home/airflow/.local/lib/python3.10/site-packages/airflow/cli/cli_config.py", line 49, in command
    return func(*args, **kwargs)
  File "/home/airflow/.local/lib/python3.10/site-packages/airflow/utils/cli.py", line 114, in wrapper
    return f(*args, **kwargs)
  File "/home/airflow/.local/lib/python3.10/site-packages/airflow/utils/providers_configuration_loader.py", line 55, in wrapped_function
    return func(*args, **kwargs)
  File "/home/airflow/.local/lib/python3.10/site-packages/airflow/cli/commands/scheduler_command.py", line 67, in scheduler
    run_command_with_daemon_option(
  File "/home/airflow/.local/lib/python3.10/site-packages/airflow/cli/commands/daemon_utils.py", line 86, in run_command_with_daemon_option
    callback()
  File "/home/airflow/.local/lib/python3.10/site-packages/airflow/cli/commands/scheduler_command.py", line 70, in <lambda>
    callback=lambda: _run_scheduler_job(args),
  File "/home/airflow/.local/lib/python3.10/site-packages/airflow/cli/commands/scheduler_command.py", line 52, in _run_scheduler_job
    run_job(job=job_runner.job, execute_callable=job_runner._execute)
  File "/home/airflow/.local/lib/python3.10/site-packages/airflow/utils/session.py", line 79, in wrapper
    return func(*args, session=session, **kwargs)
  File "/home/airflow/.local/lib/python3.10/site-packages/airflow/jobs/job.py", line 393, in run_job
    return execute_job(job, execute_callable=execute_callable)
  File "/home/airflow/.local/lib/python3.10/site-packages/airflow/jobs/job.py", line 422, in execute_job
    ret = execute_callable()
  File "/home/airflow/.local/lib/python3.10/site-packages/airflow/jobs/scheduler_job_runner.py", line 851, in _execute
    self.processor_agent.start()
  File "/home/airflow/.local/lib/python3.10/site-packages/airflow/dag_processing/manager.py", line 167, in start
    process.start()
  File "/usr/local/lib/python3.10/multiprocessing/process.py", line 121, in start
    self._popen = self._Popen(self)
  File "/usr/local/lib/python3.10/multiprocessing/context.py", line 281, in _Popen
    return Popen(process_obj)
  File "/usr/local/lib/python3.10/multiprocessing/popen_fork.py", line 19, in __init__
    self._launch(process_obj)
  File "/usr/local/lib/python3.10/multiprocessing/popen_fork.py", line 71, in _launch
    code = process_obj._bootstrap(parent_sentinel=child_r)
  File "/usr/local/lib/python3.10/multiprocessing/process.py", line 314, in _bootstrap
    self.run()
  File "/usr/local/lib/python3.10/multiprocessing/process.py", line 108, in run
    self._target(*self._args, **self._kwargs)
  File "/home/airflow/.local/lib/python3.10/site-packages/airflow/dag_processing/manager.py", line 240, in _run_processor_manager
    processor_manager.start()
  File "/home/airflow/.local/lib/python3.10/site-packages/airflow/dag_processing/manager.py", line 475, in start
    return self._run_parsing_loop()
  File "/home/airflow/.local/lib/python3.10/site-packages/airflow/dag_processing/manager.py", line 618, in _run_parsing_loop
    self.start_new_processes()
  File "/home/airflow/.local/lib/python3.10/site-packages/airflow/dag_processing/manager.py", line 1088, in start_new_processes
    processor.start()
  File "/home/airflow/.local/lib/python3.10/site-packages/airflow/dag_processing/processor.py", line 238, in start
    process.start()
  File "/usr/local/lib/python3.10/multiprocessing/process.py", line 121, in start
    self._popen = self._Popen(self)
  File "/usr/local/lib/python3.10/multiprocessing/context.py", line 281, in _Popen
    return Popen(process_obj)
  File "/usr/local/lib/python3.10/multiprocessing/popen_fork.py", line 19, in __init__
    self._launch(process_obj)
  File "/usr/local/lib/python3.10/multiprocessing/popen_fork.py", line 71, in _launch
    code = process_obj._bootstrap(parent_sentinel=child_r)
  File "/usr/local/lib/python3.10/multiprocessing/process.py", line 314, in _bootstrap
    self.run()
  File "/usr/local/lib/python3.10/multiprocessing/process.py", line 108, in run
    self._target(*self._args, **self._kwargs)
  File "/home/airflow/.local/lib/python3.10/site-packages/airflow/dag_processing/processor.py", line 182, in _run_file_processor
    _handle_dag_file_processing()
  File "/home/airflow/.local/lib/python3.10/site-packages/airflow/dag_processing/processor.py", line 163, in _handle_dag_file_processing
    result: tuple[int, int] = dag_file_processor.process_file(
  File "/home/airflow/.local/lib/python3.10/site-packages/airflow/utils/session.py", line 79, in wrapper
    return func(*args, session=session, **kwargs)
  File "/home/airflow/.local/lib/python3.10/site-packages/airflow/dag_processing/processor.py", line 833, in process_file
    dagbag = DagFileProcessor._get_dagbag(file_path)
  File "/home/airflow/.local/lib/python3.10/site-packages/airflow/dag_processing/processor.py", line 797, in _get_dagbag
    return DagBag(file_path, include_examples=False)
  File "/home/airflow/.local/lib/python3.10/site-packages/airflow/models/dagbag.py", line 143, in __init__
    self.collect_dags(
  File "/home/airflow/.local/lib/python3.10/site-packages/airflow/models/dagbag.py", line 552, in collect_dags
    found_dags = self.process_file(filepath, only_if_updated=only_if_updated, safe_mode=safe_mode)
  File "/home/airflow/.local/lib/python3.10/site-packages/airflow/models/dagbag.py", line 309, in process_file
    mods = self._load_modules_from_file(filepath, safe_mode)
  File "/home/airflow/.local/lib/python3.10/site-packages/airflow/models/dagbag.py", line 374, in _load_modules_from_file
    return parse(mod_name, filepath)
  File "/home/airflow/.local/lib/python3.10/site-packages/airflow/models/dagbag.py", line 344, in parse
    loader.exec_module(new_module)
  File "/opt/airflow/dags/sus_pipeline.py", line 6, in <module>
    from pysus.online_data.SIH import download, SIH
  File "/home/airflow/.local/lib/python3.10/site-packages/pysus/__init__.py", line 6, in <module>
    from pysus.ftp.databases import *  # noqa
  File "/home/airflow/.local/lib/python3.10/site-packages/pysus/ftp/__init__.py", line 25, in <module>
    from pysus.data.local import Data
  File "/home/airflow/.local/lib/python3.10/site-packages/pysus/data/__init__.py", line 7, in <module>
    import pyarrow as pa
  File "/home/airflow/.local/lib/python3.10/site-packages/pyarrow/__init__.py", line 65, in <module>
    import pyarrow.lib as _lib
[2026-04-29T13:32:07.021+0000] {logging_mixin.py:188} WARNING - AttributeError: _ARRAY_API not found
[2026-04-29T13:32:07.022+0000] {logging_mixin.py:188} INFO - [2026-04-29T13:32:07.021+0000] {dagbag.py:348} ERROR - Failed to import: /opt/airflow/dags/sus_pipeline.py
Traceback (most recent call last):
  File "/home/airflow/.local/lib/python3.10/site-packages/airflow/models/dagbag.py", line 344, in parse
    loader.exec_module(new_module)
  File "<frozen importlib._bootstrap_external>", line 883, in exec_module
  File "<frozen importlib._bootstrap>", line 241, in _call_with_frames_removed
  File "/opt/airflow/dags/sus_pipeline.py", line 6, in <module>
    from pysus.online_data.SIH import download, SIH
  File "/home/airflow/.local/lib/python3.10/site-packages/pysus/__init__.py", line 6, in <module>
    from pysus.ftp.databases import *  # noqa
  File "/home/airflow/.local/lib/python3.10/site-packages/pysus/ftp/__init__.py", line 25, in <module>
    from pysus.data.local import Data
  File "/home/airflow/.local/lib/python3.10/site-packages/pysus/data/__init__.py", line 7, in <module>
    import pyarrow as pa
  File "/home/airflow/.local/lib/python3.10/site-packages/pyarrow/__init__.py", line 65, in <module>
    import pyarrow.lib as _lib
  File "pyarrow/lib.pyx", line 36, in init pyarrow.lib
ImportError: numpy.core.multiarray failed to import
[2026-04-29T13:32:07.023+0000] {processor.py:842} WARNING - No viable dags retrieved from /opt/airflow/dags/sus_pipeline.py
[2026-04-29T13:32:07.070+0000] {processor.py:183} INFO - Processing /opt/airflow/dags/sus_pipeline.py took 0.331 seconds
[2026-04-29T13:32:37.272+0000] {processor.py:161} INFO - Started process (PID=209) to work on /opt/airflow/dags/sus_pipeline.py
[2026-04-29T13:32:37.273+0000] {processor.py:830} INFO - Processing file /opt/airflow/dags/sus_pipeline.py for tasks to queue
[2026-04-29T13:32:37.274+0000] {logging_mixin.py:188} INFO - [2026-04-29T13:32:37.274+0000] {dagbag.py:538} INFO - Filling up the DagBag from /opt/airflow/dags/sus_pipeline.py
[2026-04-29T13:32:37.362+0000] {logging_mixin.py:188} WARNING - 
A module that was compiled using NumPy 1.x cannot be run in
NumPy 2.2.6 as it may crash. To support both 1.x and 2.x
versions of NumPy, modules must be compiled with NumPy 2.0.
Some module may need to rebuild instead e.g. with 'pybind11>=2.12'.

If you are a user of the module, the easiest solution will be to
downgrade to 'numpy<2' or try to upgrade the affected module.
We expect that some modules will need time to support NumPy 2.

Traceback (most recent call last):  File "/home/airflow/.local/bin/airflow", line 8, in <module>
    sys.exit(main())
  File "/home/airflow/.local/lib/python3.10/site-packages/airflow/__main__.py", line 57, in main
    args.func(args)
  File "/home/airflow/.local/lib/python3.10/site-packages/airflow/cli/cli_config.py", line 49, in command
    return func(*args, **kwargs)
  File "/home/airflow/.local/lib/python3.10/site-packages/airflow/utils/cli.py", line 114, in wrapper
    return f(*args, **kwargs)
  File "/home/airflow/.local/lib/python3.10/site-packages/airflow/utils/providers_configuration_loader.py", line 55, in wrapped_function
    return func(*args, **kwargs)
  File "/home/airflow/.local/lib/python3.10/site-packages/airflow/cli/commands/scheduler_command.py", line 67, in scheduler
    run_command_with_daemon_option(
  File "/home/airflow/.local/lib/python3.10/site-packages/airflow/cli/commands/daemon_utils.py", line 86, in run_command_with_daemon_option
    callback()
  File "/home/airflow/.local/lib/python3.10/site-packages/airflow/cli/commands/scheduler_command.py", line 70, in <lambda>
    callback=lambda: _run_scheduler_job(args),
  File "/home/airflow/.local/lib/python3.10/site-packages/airflow/cli/commands/scheduler_command.py", line 52, in _run_scheduler_job
    run_job(job=job_runner.job, execute_callable=job_runner._execute)
  File "/home/airflow/.local/lib/python3.10/site-packages/airflow/utils/session.py", line 79, in wrapper
    return func(*args, session=session, **kwargs)
  File "/home/airflow/.local/lib/python3.10/site-packages/airflow/jobs/job.py", line 393, in run_job
    return execute_job(job, execute_callable=execute_callable)
  File "/home/airflow/.local/lib/python3.10/site-packages/airflow/jobs/job.py", line 422, in execute_job
    ret = execute_callable()
  File "/home/airflow/.local/lib/python3.10/site-packages/airflow/jobs/scheduler_job_runner.py", line 851, in _execute
    self.processor_agent.start()
  File "/home/airflow/.local/lib/python3.10/site-packages/airflow/dag_processing/manager.py", line 167, in start
    process.start()
  File "/usr/local/lib/python3.10/multiprocessing/process.py", line 121, in start
    self._popen = self._Popen(self)
  File "/usr/local/lib/python3.10/multiprocessing/context.py", line 281, in _Popen
    return Popen(process_obj)
  File "/usr/local/lib/python3.10/multiprocessing/popen_fork.py", line 19, in __init__
    self._launch(process_obj)
  File "/usr/local/lib/python3.10/multiprocessing/popen_fork.py", line 71, in _launch
    code = process_obj._bootstrap(parent_sentinel=child_r)
  File "/usr/local/lib/python3.10/multiprocessing/process.py", line 314, in _bootstrap
    self.run()
  File "/usr/local/lib/python3.10/multiprocessing/process.py", line 108, in run
    self._target(*self._args, **self._kwargs)
  File "/home/airflow/.local/lib/python3.10/site-packages/airflow/dag_processing/manager.py", line 240, in _run_processor_manager
    processor_manager.start()
  File "/home/airflow/.local/lib/python3.10/site-packages/airflow/dag_processing/manager.py", line 475, in start
    return self._run_parsing_loop()
  File "/home/airflow/.local/lib/python3.10/site-packages/airflow/dag_processing/manager.py", line 618, in _run_parsing_loop
    self.start_new_processes()
  File "/home/airflow/.local/lib/python3.10/site-packages/airflow/dag_processing/manager.py", line 1088, in start_new_processes
    processor.start()
  File "/home/airflow/.local/lib/python3.10/site-packages/airflow/dag_processing/processor.py", line 238, in start
    process.start()
  File "/usr/local/lib/python3.10/multiprocessing/process.py", line 121, in start
    self._popen = self._Popen(self)
  File "/usr/local/lib/python3.10/multiprocessing/context.py", line 281, in _Popen
    return Popen(process_obj)
  File "/usr/local/lib/python3.10/multiprocessing/popen_fork.py", line 19, in __init__
    self._launch(process_obj)
  File "/usr/local/lib/python3.10/multiprocessing/popen_fork.py", line 71, in _launch
    code = process_obj._bootstrap(parent_sentinel=child_r)
  File "/usr/local/lib/python3.10/multiprocessing/process.py", line 314, in _bootstrap
    self.run()
  File "/usr/local/lib/python3.10/multiprocessing/process.py", line 108, in run
    self._target(*self._args, **self._kwargs)
  File "/home/airflow/.local/lib/python3.10/site-packages/airflow/dag_processing/processor.py", line 182, in _run_file_processor
    _handle_dag_file_processing()
  File "/home/airflow/.local/lib/python3.10/site-packages/airflow/dag_processing/processor.py", line 163, in _handle_dag_file_processing
    result: tuple[int, int] = dag_file_processor.process_file(
  File "/home/airflow/.local/lib/python3.10/site-packages/airflow/utils/session.py", line 79, in wrapper
    return func(*args, session=session, **kwargs)
  File "/home/airflow/.local/lib/python3.10/site-packages/airflow/dag_processing/processor.py", line 833, in process_file
    dagbag = DagFileProcessor._get_dagbag(file_path)
  File "/home/airflow/.local/lib/python3.10/site-packages/airflow/dag_processing/processor.py", line 797, in _get_dagbag
    return DagBag(file_path, include_examples=False)
  File "/home/airflow/.local/lib/python3.10/site-packages/airflow/models/dagbag.py", line 143, in __init__
    self.collect_dags(
  File "/home/airflow/.local/lib/python3.10/site-packages/airflow/models/dagbag.py", line 552, in collect_dags
    found_dags = self.process_file(filepath, only_if_updated=only_if_updated, safe_mode=safe_mode)
  File "/home/airflow/.local/lib/python3.10/site-packages/airflow/models/dagbag.py", line 309, in process_file
    mods = self._load_modules_from_file(filepath, safe_mode)
  File "/home/airflow/.local/lib/python3.10/site-packages/airflow/models/dagbag.py", line 374, in _load_modules_from_file
    return parse(mod_name, filepath)
  File "/home/airflow/.local/lib/python3.10/site-packages/airflow/models/dagbag.py", line 344, in parse
    loader.exec_module(new_module)
  File "/opt/airflow/dags/sus_pipeline.py", line 5, in <module>
    import pandas as pd
  File "/home/airflow/.local/lib/python3.10/site-packages/pandas/__init__.py", line 26, in <module>
    from pandas.compat import (
  File "/home/airflow/.local/lib/python3.10/site-packages/pandas/compat/__init__.py", line 29, in <module>
    from pandas.compat.pyarrow import (
  File "/home/airflow/.local/lib/python3.10/site-packages/pandas/compat/pyarrow.py", line 8, in <module>
    import pyarrow as pa
  File "/home/airflow/.local/lib/python3.10/site-packages/pyarrow/__init__.py", line 65, in <module>
    import pyarrow.lib as _lib
[2026-04-29T13:32:37.363+0000] {logging_mixin.py:188} WARNING - AttributeError: _ARRAY_API not found
[2026-04-29T13:32:37.398+0000] {logging_mixin.py:188} WARNING - 
A module that was compiled using NumPy 1.x cannot be run in
NumPy 2.2.6 as it may crash. To support both 1.x and 2.x
versions of NumPy, modules must be compiled with NumPy 2.0.
Some module may need to rebuild instead e.g. with 'pybind11>=2.12'.

If you are a user of the module, the easiest solution will be to
downgrade to 'numpy<2' or try to upgrade the affected module.
We expect that some modules will need time to support NumPy 2.

Traceback (most recent call last):  File "/home/airflow/.local/bin/airflow", line 8, in <module>
    sys.exit(main())
  File "/home/airflow/.local/lib/python3.10/site-packages/airflow/__main__.py", line 57, in main
    args.func(args)
  File "/home/airflow/.local/lib/python3.10/site-packages/airflow/cli/cli_config.py", line 49, in command
    return func(*args, **kwargs)
  File "/home/airflow/.local/lib/python3.10/site-packages/airflow/utils/cli.py", line 114, in wrapper
    return f(*args, **kwargs)
  File "/home/airflow/.local/lib/python3.10/site-packages/airflow/utils/providers_configuration_loader.py", line 55, in wrapped_function
    return func(*args, **kwargs)
  File "/home/airflow/.local/lib/python3.10/site-packages/airflow/cli/commands/scheduler_command.py", line 67, in scheduler
    run_command_with_daemon_option(
  File "/home/airflow/.local/lib/python3.10/site-packages/airflow/cli/commands/daemon_utils.py", line 86, in run_command_with_daemon_option
    callback()
  File "/home/airflow/.local/lib/python3.10/site-packages/airflow/cli/commands/scheduler_command.py", line 70, in <lambda>
    callback=lambda: _run_scheduler_job(args),
  File "/home/airflow/.local/lib/python3.10/site-packages/airflow/cli/commands/scheduler_command.py", line 52, in _run_scheduler_job
    run_job(job=job_runner.job, execute_callable=job_runner._execute)
  File "/home/airflow/.local/lib/python3.10/site-packages/airflow/utils/session.py", line 79, in wrapper
    return func(*args, session=session, **kwargs)
  File "/home/airflow/.local/lib/python3.10/site-packages/airflow/jobs/job.py", line 393, in run_job
    return execute_job(job, execute_callable=execute_callable)
  File "/home/airflow/.local/lib/python3.10/site-packages/airflow/jobs/job.py", line 422, in execute_job
    ret = execute_callable()
  File "/home/airflow/.local/lib/python3.10/site-packages/airflow/jobs/scheduler_job_runner.py", line 851, in _execute
    self.processor_agent.start()
  File "/home/airflow/.local/lib/python3.10/site-packages/airflow/dag_processing/manager.py", line 167, in start
    process.start()
  File "/usr/local/lib/python3.10/multiprocessing/process.py", line 121, in start
    self._popen = self._Popen(self)
  File "/usr/local/lib/python3.10/multiprocessing/context.py", line 281, in _Popen
    return Popen(process_obj)
  File "/usr/local/lib/python3.10/multiprocessing/popen_fork.py", line 19, in __init__
    self._launch(process_obj)
  File "/usr/local/lib/python3.10/multiprocessing/popen_fork.py", line 71, in _launch
    code = process_obj._bootstrap(parent_sentinel=child_r)
  File "/usr/local/lib/python3.10/multiprocessing/process.py", line 314, in _bootstrap
    self.run()
  File "/usr/local/lib/python3.10/multiprocessing/process.py", line 108, in run
    self._target(*self._args, **self._kwargs)
  File "/home/airflow/.local/lib/python3.10/site-packages/airflow/dag_processing/manager.py", line 240, in _run_processor_manager
    processor_manager.start()
  File "/home/airflow/.local/lib/python3.10/site-packages/airflow/dag_processing/manager.py", line 475, in start
    return self._run_parsing_loop()
  File "/home/airflow/.local/lib/python3.10/site-packages/airflow/dag_processing/manager.py", line 618, in _run_parsing_loop
    self.start_new_processes()
  File "/home/airflow/.local/lib/python3.10/site-packages/airflow/dag_processing/manager.py", line 1088, in start_new_processes
    processor.start()
  File "/home/airflow/.local/lib/python3.10/site-packages/airflow/dag_processing/processor.py", line 238, in start
    process.start()
  File "/usr/local/lib/python3.10/multiprocessing/process.py", line 121, in start
    self._popen = self._Popen(self)
  File "/usr/local/lib/python3.10/multiprocessing/context.py", line 281, in _Popen
    return Popen(process_obj)
  File "/usr/local/lib/python3.10/multiprocessing/popen_fork.py", line 19, in __init__
    self._launch(process_obj)
  File "/usr/local/lib/python3.10/multiprocessing/popen_fork.py", line 71, in _launch
    code = process_obj._bootstrap(parent_sentinel=child_r)
  File "/usr/local/lib/python3.10/multiprocessing/process.py", line 314, in _bootstrap
    self.run()
  File "/usr/local/lib/python3.10/multiprocessing/process.py", line 108, in run
    self._target(*self._args, **self._kwargs)
  File "/home/airflow/.local/lib/python3.10/site-packages/airflow/dag_processing/processor.py", line 182, in _run_file_processor
    _handle_dag_file_processing()
  File "/home/airflow/.local/lib/python3.10/site-packages/airflow/dag_processing/processor.py", line 163, in _handle_dag_file_processing
    result: tuple[int, int] = dag_file_processor.process_file(
  File "/home/airflow/.local/lib/python3.10/site-packages/airflow/utils/session.py", line 79, in wrapper
    return func(*args, session=session, **kwargs)
  File "/home/airflow/.local/lib/python3.10/site-packages/airflow/dag_processing/processor.py", line 833, in process_file
    dagbag = DagFileProcessor._get_dagbag(file_path)
  File "/home/airflow/.local/lib/python3.10/site-packages/airflow/dag_processing/processor.py", line 797, in _get_dagbag
    return DagBag(file_path, include_examples=False)
  File "/home/airflow/.local/lib/python3.10/site-packages/airflow/models/dagbag.py", line 143, in __init__
    self.collect_dags(
  File "/home/airflow/.local/lib/python3.10/site-packages/airflow/models/dagbag.py", line 552, in collect_dags
    found_dags = self.process_file(filepath, only_if_updated=only_if_updated, safe_mode=safe_mode)
  File "/home/airflow/.local/lib/python3.10/site-packages/airflow/models/dagbag.py", line 309, in process_file
    mods = self._load_modules_from_file(filepath, safe_mode)
  File "/home/airflow/.local/lib/python3.10/site-packages/airflow/models/dagbag.py", line 374, in _load_modules_from_file
    return parse(mod_name, filepath)
  File "/home/airflow/.local/lib/python3.10/site-packages/airflow/models/dagbag.py", line 344, in parse
    loader.exec_module(new_module)
  File "/opt/airflow/dags/sus_pipeline.py", line 5, in <module>
    import pandas as pd
  File "/home/airflow/.local/lib/python3.10/site-packages/pandas/__init__.py", line 49, in <module>
    from pandas.core.api import (
  File "/home/airflow/.local/lib/python3.10/site-packages/pandas/core/api.py", line 9, in <module>
    from pandas.core.dtypes.dtypes import (
  File "/home/airflow/.local/lib/python3.10/site-packages/pandas/core/dtypes/dtypes.py", line 24, in <module>
    from pandas._libs import (
  File "/home/airflow/.local/lib/python3.10/site-packages/pyarrow/__init__.py", line 65, in <module>
    import pyarrow.lib as _lib
[2026-04-29T13:32:37.399+0000] {logging_mixin.py:188} WARNING - AttributeError: _ARRAY_API not found
[2026-04-29T13:32:37.622+0000] {logging_mixin.py:188} WARNING - 
A module that was compiled using NumPy 1.x cannot be run in
NumPy 2.2.6 as it may crash. To support both 1.x and 2.x
versions of NumPy, modules must be compiled with NumPy 2.0.
Some module may need to rebuild instead e.g. with 'pybind11>=2.12'.

If you are a user of the module, the easiest solution will be to
downgrade to 'numpy<2' or try to upgrade the affected module.
We expect that some modules will need time to support NumPy 2.

Traceback (most recent call last):  File "/home/airflow/.local/bin/airflow", line 8, in <module>
    sys.exit(main())
  File "/home/airflow/.local/lib/python3.10/site-packages/airflow/__main__.py", line 57, in main
    args.func(args)
  File "/home/airflow/.local/lib/python3.10/site-packages/airflow/cli/cli_config.py", line 49, in command
    return func(*args, **kwargs)
  File "/home/airflow/.local/lib/python3.10/site-packages/airflow/utils/cli.py", line 114, in wrapper
    return f(*args, **kwargs)
  File "/home/airflow/.local/lib/python3.10/site-packages/airflow/utils/providers_configuration_loader.py", line 55, in wrapped_function
    return func(*args, **kwargs)
  File "/home/airflow/.local/lib/python3.10/site-packages/airflow/cli/commands/scheduler_command.py", line 67, in scheduler
    run_command_with_daemon_option(
  File "/home/airflow/.local/lib/python3.10/site-packages/airflow/cli/commands/daemon_utils.py", line 86, in run_command_with_daemon_option
    callback()
  File "/home/airflow/.local/lib/python3.10/site-packages/airflow/cli/commands/scheduler_command.py", line 70, in <lambda>
    callback=lambda: _run_scheduler_job(args),
  File "/home/airflow/.local/lib/python3.10/site-packages/airflow/cli/commands/scheduler_command.py", line 52, in _run_scheduler_job
    run_job(job=job_runner.job, execute_callable=job_runner._execute)
  File "/home/airflow/.local/lib/python3.10/site-packages/airflow/utils/session.py", line 79, in wrapper
    return func(*args, session=session, **kwargs)
  File "/home/airflow/.local/lib/python3.10/site-packages/airflow/jobs/job.py", line 393, in run_job
    return execute_job(job, execute_callable=execute_callable)
  File "/home/airflow/.local/lib/python3.10/site-packages/airflow/jobs/job.py", line 422, in execute_job
    ret = execute_callable()
  File "/home/airflow/.local/lib/python3.10/site-packages/airflow/jobs/scheduler_job_runner.py", line 851, in _execute
    self.processor_agent.start()
  File "/home/airflow/.local/lib/python3.10/site-packages/airflow/dag_processing/manager.py", line 167, in start
    process.start()
  File "/usr/local/lib/python3.10/multiprocessing/process.py", line 121, in start
    self._popen = self._Popen(self)
  File "/usr/local/lib/python3.10/multiprocessing/context.py", line 281, in _Popen
    return Popen(process_obj)
  File "/usr/local/lib/python3.10/multiprocessing/popen_fork.py", line 19, in __init__
    self._launch(process_obj)
  File "/usr/local/lib/python3.10/multiprocessing/popen_fork.py", line 71, in _launch
    code = process_obj._bootstrap(parent_sentinel=child_r)
  File "/usr/local/lib/python3.10/multiprocessing/process.py", line 314, in _bootstrap
    self.run()
  File "/usr/local/lib/python3.10/multiprocessing/process.py", line 108, in run
    self._target(*self._args, **self._kwargs)
  File "/home/airflow/.local/lib/python3.10/site-packages/airflow/dag_processing/manager.py", line 240, in _run_processor_manager
    processor_manager.start()
  File "/home/airflow/.local/lib/python3.10/site-packages/airflow/dag_processing/manager.py", line 475, in start
    return self._run_parsing_loop()
  File "/home/airflow/.local/lib/python3.10/site-packages/airflow/dag_processing/manager.py", line 618, in _run_parsing_loop
    self.start_new_processes()
  File "/home/airflow/.local/lib/python3.10/site-packages/airflow/dag_processing/manager.py", line 1088, in start_new_processes
    processor.start()
  File "/home/airflow/.local/lib/python3.10/site-packages/airflow/dag_processing/processor.py", line 238, in start
    process.start()
  File "/usr/local/lib/python3.10/multiprocessing/process.py", line 121, in start
    self._popen = self._Popen(self)
  File "/usr/local/lib/python3.10/multiprocessing/context.py", line 281, in _Popen
    return Popen(process_obj)
  File "/usr/local/lib/python3.10/multiprocessing/popen_fork.py", line 19, in __init__
    self._launch(process_obj)
  File "/usr/local/lib/python3.10/multiprocessing/popen_fork.py", line 71, in _launch
    code = process_obj._bootstrap(parent_sentinel=child_r)
  File "/usr/local/lib/python3.10/multiprocessing/process.py", line 314, in _bootstrap
    self.run()
  File "/usr/local/lib/python3.10/multiprocessing/process.py", line 108, in run
    self._target(*self._args, **self._kwargs)
  File "/home/airflow/.local/lib/python3.10/site-packages/airflow/dag_processing/processor.py", line 182, in _run_file_processor
    _handle_dag_file_processing()
  File "/home/airflow/.local/lib/python3.10/site-packages/airflow/dag_processing/processor.py", line 163, in _handle_dag_file_processing
    result: tuple[int, int] = dag_file_processor.process_file(
  File "/home/airflow/.local/lib/python3.10/site-packages/airflow/utils/session.py", line 79, in wrapper
    return func(*args, session=session, **kwargs)
  File "/home/airflow/.local/lib/python3.10/site-packages/airflow/dag_processing/processor.py", line 833, in process_file
    dagbag = DagFileProcessor._get_dagbag(file_path)
  File "/home/airflow/.local/lib/python3.10/site-packages/airflow/dag_processing/processor.py", line 797, in _get_dagbag
    return DagBag(file_path, include_examples=False)
  File "/home/airflow/.local/lib/python3.10/site-packages/airflow/models/dagbag.py", line 143, in __init__
    self.collect_dags(
  File "/home/airflow/.local/lib/python3.10/site-packages/airflow/models/dagbag.py", line 552, in collect_dags
    found_dags = self.process_file(filepath, only_if_updated=only_if_updated, safe_mode=safe_mode)
  File "/home/airflow/.local/lib/python3.10/site-packages/airflow/models/dagbag.py", line 309, in process_file
    mods = self._load_modules_from_file(filepath, safe_mode)
  File "/home/airflow/.local/lib/python3.10/site-packages/airflow/models/dagbag.py", line 374, in _load_modules_from_file
    return parse(mod_name, filepath)
  File "/home/airflow/.local/lib/python3.10/site-packages/airflow/models/dagbag.py", line 344, in parse
    loader.exec_module(new_module)
  File "/opt/airflow/dags/sus_pipeline.py", line 6, in <module>
    from pysus.online_data.SIH import download, SIH
  File "/home/airflow/.local/lib/python3.10/site-packages/pysus/__init__.py", line 6, in <module>
    from pysus.ftp.databases import *  # noqa
  File "/home/airflow/.local/lib/python3.10/site-packages/pysus/ftp/__init__.py", line 25, in <module>
    from pysus.data.local import Data
  File "/home/airflow/.local/lib/python3.10/site-packages/pysus/data/__init__.py", line 7, in <module>
    import pyarrow as pa
  File "/home/airflow/.local/lib/python3.10/site-packages/pyarrow/__init__.py", line 65, in <module>
    import pyarrow.lib as _lib
[2026-04-29T13:32:37.622+0000] {logging_mixin.py:188} WARNING - AttributeError: _ARRAY_API not found
[2026-04-29T13:32:37.625+0000] {logging_mixin.py:188} INFO - [2026-04-29T13:32:37.622+0000] {dagbag.py:348} ERROR - Failed to import: /opt/airflow/dags/sus_pipeline.py
Traceback (most recent call last):
  File "/home/airflow/.local/lib/python3.10/site-packages/airflow/models/dagbag.py", line 344, in parse
    loader.exec_module(new_module)
  File "<frozen importlib._bootstrap_external>", line 883, in exec_module
  File "<frozen importlib._bootstrap>", line 241, in _call_with_frames_removed
  File "/opt/airflow/dags/sus_pipeline.py", line 6, in <module>
    from pysus.online_data.SIH import download, SIH
  File "/home/airflow/.local/lib/python3.10/site-packages/pysus/__init__.py", line 6, in <module>
    from pysus.ftp.databases import *  # noqa
  File "/home/airflow/.local/lib/python3.10/site-packages/pysus/ftp/__init__.py", line 25, in <module>
    from pysus.data.local import Data
  File "/home/airflow/.local/lib/python3.10/site-packages/pysus/data/__init__.py", line 7, in <module>
    import pyarrow as pa
  File "/home/airflow/.local/lib/python3.10/site-packages/pyarrow/__init__.py", line 65, in <module>
    import pyarrow.lib as _lib
  File "pyarrow/lib.pyx", line 36, in init pyarrow.lib
ImportError: numpy.core.multiarray failed to import
[2026-04-29T13:32:37.626+0000] {processor.py:842} WARNING - No viable dags retrieved from /opt/airflow/dags/sus_pipeline.py
[2026-04-29T13:32:37.653+0000] {processor.py:183} INFO - Processing /opt/airflow/dags/sus_pipeline.py took 0.385 seconds
[2026-04-29T13:33:07.984+0000] {processor.py:161} INFO - Started process (PID=215) to work on /opt/airflow/dags/sus_pipeline.py
[2026-04-29T13:33:07.985+0000] {processor.py:830} INFO - Processing file /opt/airflow/dags/sus_pipeline.py for tasks to queue
[2026-04-29T13:33:07.985+0000] {logging_mixin.py:188} INFO - [2026-04-29T13:33:07.985+0000] {dagbag.py:538} INFO - Filling up the DagBag from /opt/airflow/dags/sus_pipeline.py
[2026-04-29T13:33:08.055+0000] {logging_mixin.py:188} WARNING - 
A module that was compiled using NumPy 1.x cannot be run in
NumPy 2.2.6 as it may crash. To support both 1.x and 2.x
versions of NumPy, modules must be compiled with NumPy 2.0.
Some module may need to rebuild instead e.g. with 'pybind11>=2.12'.

If you are a user of the module, the easiest solution will be to
downgrade to 'numpy<2' or try to upgrade the affected module.
We expect that some modules will need time to support NumPy 2.

Traceback (most recent call last):  File "/home/airflow/.local/bin/airflow", line 8, in <module>
    sys.exit(main())
  File "/home/airflow/.local/lib/python3.10/site-packages/airflow/__main__.py", line 57, in main
    args.func(args)
  File "/home/airflow/.local/lib/python3.10/site-packages/airflow/cli/cli_config.py", line 49, in command
    return func(*args, **kwargs)
  File "/home/airflow/.local/lib/python3.10/site-packages/airflow/utils/cli.py", line 114, in wrapper
    return f(*args, **kwargs)
  File "/home/airflow/.local/lib/python3.10/site-packages/airflow/utils/providers_configuration_loader.py", line 55, in wrapped_function
    return func(*args, **kwargs)
  File "/home/airflow/.local/lib/python3.10/site-packages/airflow/cli/commands/scheduler_command.py", line 67, in scheduler
    run_command_with_daemon_option(
  File "/home/airflow/.local/lib/python3.10/site-packages/airflow/cli/commands/daemon_utils.py", line 86, in run_command_with_daemon_option
    callback()
  File "/home/airflow/.local/lib/python3.10/site-packages/airflow/cli/commands/scheduler_command.py", line 70, in <lambda>
    callback=lambda: _run_scheduler_job(args),
  File "/home/airflow/.local/lib/python3.10/site-packages/airflow/cli/commands/scheduler_command.py", line 52, in _run_scheduler_job
    run_job(job=job_runner.job, execute_callable=job_runner._execute)
  File "/home/airflow/.local/lib/python3.10/site-packages/airflow/utils/session.py", line 79, in wrapper
    return func(*args, session=session, **kwargs)
  File "/home/airflow/.local/lib/python3.10/site-packages/airflow/jobs/job.py", line 393, in run_job
    return execute_job(job, execute_callable=execute_callable)
  File "/home/airflow/.local/lib/python3.10/site-packages/airflow/jobs/job.py", line 422, in execute_job
    ret = execute_callable()
  File "/home/airflow/.local/lib/python3.10/site-packages/airflow/jobs/scheduler_job_runner.py", line 851, in _execute
    self.processor_agent.start()
  File "/home/airflow/.local/lib/python3.10/site-packages/airflow/dag_processing/manager.py", line 167, in start
    process.start()
  File "/usr/local/lib/python3.10/multiprocessing/process.py", line 121, in start
    self._popen = self._Popen(self)
  File "/usr/local/lib/python3.10/multiprocessing/context.py", line 281, in _Popen
    return Popen(process_obj)
  File "/usr/local/lib/python3.10/multiprocessing/popen_fork.py", line 19, in __init__
    self._launch(process_obj)
  File "/usr/local/lib/python3.10/multiprocessing/popen_fork.py", line 71, in _launch
    code = process_obj._bootstrap(parent_sentinel=child_r)
  File "/usr/local/lib/python3.10/multiprocessing/process.py", line 314, in _bootstrap
    self.run()
  File "/usr/local/lib/python3.10/multiprocessing/process.py", line 108, in run
    self._target(*self._args, **self._kwargs)
  File "/home/airflow/.local/lib/python3.10/site-packages/airflow/dag_processing/manager.py", line 240, in _run_processor_manager
    processor_manager.start()
  File "/home/airflow/.local/lib/python3.10/site-packages/airflow/dag_processing/manager.py", line 475, in start
    return self._run_parsing_loop()
  File "/home/airflow/.local/lib/python3.10/site-packages/airflow/dag_processing/manager.py", line 618, in _run_parsing_loop
    self.start_new_processes()
  File "/home/airflow/.local/lib/python3.10/site-packages/airflow/dag_processing/manager.py", line 1088, in start_new_processes
    processor.start()
  File "/home/airflow/.local/lib/python3.10/site-packages/airflow/dag_processing/processor.py", line 238, in start
    process.start()
  File "/usr/local/lib/python3.10/multiprocessing/process.py", line 121, in start
    self._popen = self._Popen(self)
  File "/usr/local/lib/python3.10/multiprocessing/context.py", line 281, in _Popen
    return Popen(process_obj)
  File "/usr/local/lib/python3.10/multiprocessing/popen_fork.py", line 19, in __init__
    self._launch(process_obj)
  File "/usr/local/lib/python3.10/multiprocessing/popen_fork.py", line 71, in _launch
    code = process_obj._bootstrap(parent_sentinel=child_r)
  File "/usr/local/lib/python3.10/multiprocessing/process.py", line 314, in _bootstrap
    self.run()
  File "/usr/local/lib/python3.10/multiprocessing/process.py", line 108, in run
    self._target(*self._args, **self._kwargs)
  File "/home/airflow/.local/lib/python3.10/site-packages/airflow/dag_processing/processor.py", line 182, in _run_file_processor
    _handle_dag_file_processing()
  File "/home/airflow/.local/lib/python3.10/site-packages/airflow/dag_processing/processor.py", line 163, in _handle_dag_file_processing
    result: tuple[int, int] = dag_file_processor.process_file(
  File "/home/airflow/.local/lib/python3.10/site-packages/airflow/utils/session.py", line 79, in wrapper
    return func(*args, session=session, **kwargs)
  File "/home/airflow/.local/lib/python3.10/site-packages/airflow/dag_processing/processor.py", line 833, in process_file
    dagbag = DagFileProcessor._get_dagbag(file_path)
  File "/home/airflow/.local/lib/python3.10/site-packages/airflow/dag_processing/processor.py", line 797, in _get_dagbag
    return DagBag(file_path, include_examples=False)
  File "/home/airflow/.local/lib/python3.10/site-packages/airflow/models/dagbag.py", line 143, in __init__
    self.collect_dags(
  File "/home/airflow/.local/lib/python3.10/site-packages/airflow/models/dagbag.py", line 552, in collect_dags
    found_dags = self.process_file(filepath, only_if_updated=only_if_updated, safe_mode=safe_mode)
  File "/home/airflow/.local/lib/python3.10/site-packages/airflow/models/dagbag.py", line 309, in process_file
    mods = self._load_modules_from_file(filepath, safe_mode)
  File "/home/airflow/.local/lib/python3.10/site-packages/airflow/models/dagbag.py", line 374, in _load_modules_from_file
    return parse(mod_name, filepath)
  File "/home/airflow/.local/lib/python3.10/site-packages/airflow/models/dagbag.py", line 344, in parse
    loader.exec_module(new_module)
  File "/opt/airflow/dags/sus_pipeline.py", line 5, in <module>
    import pandas as pd
  File "/home/airflow/.local/lib/python3.10/site-packages/pandas/__init__.py", line 26, in <module>
    from pandas.compat import (
  File "/home/airflow/.local/lib/python3.10/site-packages/pandas/compat/__init__.py", line 29, in <module>
    from pandas.compat.pyarrow import (
  File "/home/airflow/.local/lib/python3.10/site-packages/pandas/compat/pyarrow.py", line 8, in <module>
    import pyarrow as pa
  File "/home/airflow/.local/lib/python3.10/site-packages/pyarrow/__init__.py", line 65, in <module>
    import pyarrow.lib as _lib
[2026-04-29T13:33:08.055+0000] {logging_mixin.py:188} WARNING - AttributeError: _ARRAY_API not found
[2026-04-29T13:33:08.086+0000] {logging_mixin.py:188} WARNING - 
A module that was compiled using NumPy 1.x cannot be run in
NumPy 2.2.6 as it may crash. To support both 1.x and 2.x
versions of NumPy, modules must be compiled with NumPy 2.0.
Some module may need to rebuild instead e.g. with 'pybind11>=2.12'.

If you are a user of the module, the easiest solution will be to
downgrade to 'numpy<2' or try to upgrade the affected module.
We expect that some modules will need time to support NumPy 2.

Traceback (most recent call last):  File "/home/airflow/.local/bin/airflow", line 8, in <module>
    sys.exit(main())
  File "/home/airflow/.local/lib/python3.10/site-packages/airflow/__main__.py", line 57, in main
    args.func(args)
  File "/home/airflow/.local/lib/python3.10/site-packages/airflow/cli/cli_config.py", line 49, in command
    return func(*args, **kwargs)
  File "/home/airflow/.local/lib/python3.10/site-packages/airflow/utils/cli.py", line 114, in wrapper
    return f(*args, **kwargs)
  File "/home/airflow/.local/lib/python3.10/site-packages/airflow/utils/providers_configuration_loader.py", line 55, in wrapped_function
    return func(*args, **kwargs)
  File "/home/airflow/.local/lib/python3.10/site-packages/airflow/cli/commands/scheduler_command.py", line 67, in scheduler
    run_command_with_daemon_option(
  File "/home/airflow/.local/lib/python3.10/site-packages/airflow/cli/commands/daemon_utils.py", line 86, in run_command_with_daemon_option
    callback()
  File "/home/airflow/.local/lib/python3.10/site-packages/airflow/cli/commands/scheduler_command.py", line 70, in <lambda>
    callback=lambda: _run_scheduler_job(args),
  File "/home/airflow/.local/lib/python3.10/site-packages/airflow/cli/commands/scheduler_command.py", line 52, in _run_scheduler_job
    run_job(job=job_runner.job, execute_callable=job_runner._execute)
  File "/home/airflow/.local/lib/python3.10/site-packages/airflow/utils/session.py", line 79, in wrapper
    return func(*args, session=session, **kwargs)
  File "/home/airflow/.local/lib/python3.10/site-packages/airflow/jobs/job.py", line 393, in run_job
    return execute_job(job, execute_callable=execute_callable)
  File "/home/airflow/.local/lib/python3.10/site-packages/airflow/jobs/job.py", line 422, in execute_job
    ret = execute_callable()
  File "/home/airflow/.local/lib/python3.10/site-packages/airflow/jobs/scheduler_job_runner.py", line 851, in _execute
    self.processor_agent.start()
  File "/home/airflow/.local/lib/python3.10/site-packages/airflow/dag_processing/manager.py", line 167, in start
    process.start()
  File "/usr/local/lib/python3.10/multiprocessing/process.py", line 121, in start
    self._popen = self._Popen(self)
  File "/usr/local/lib/python3.10/multiprocessing/context.py", line 281, in _Popen
    return Popen(process_obj)
  File "/usr/local/lib/python3.10/multiprocessing/popen_fork.py", line 19, in __init__
    self._launch(process_obj)
  File "/usr/local/lib/python3.10/multiprocessing/popen_fork.py", line 71, in _launch
    code = process_obj._bootstrap(parent_sentinel=child_r)
  File "/usr/local/lib/python3.10/multiprocessing/process.py", line 314, in _bootstrap
    self.run()
  File "/usr/local/lib/python3.10/multiprocessing/process.py", line 108, in run
    self._target(*self._args, **self._kwargs)
  File "/home/airflow/.local/lib/python3.10/site-packages/airflow/dag_processing/manager.py", line 240, in _run_processor_manager
    processor_manager.start()
  File "/home/airflow/.local/lib/python3.10/site-packages/airflow/dag_processing/manager.py", line 475, in start
    return self._run_parsing_loop()
  File "/home/airflow/.local/lib/python3.10/site-packages/airflow/dag_processing/manager.py", line 618, in _run_parsing_loop
    self.start_new_processes()
  File "/home/airflow/.local/lib/python3.10/site-packages/airflow/dag_processing/manager.py", line 1088, in start_new_processes
    processor.start()
  File "/home/airflow/.local/lib/python3.10/site-packages/airflow/dag_processing/processor.py", line 238, in start
    process.start()
  File "/usr/local/lib/python3.10/multiprocessing/process.py", line 121, in start
    self._popen = self._Popen(self)
  File "/usr/local/lib/python3.10/multiprocessing/context.py", line 281, in _Popen
    return Popen(process_obj)
  File "/usr/local/lib/python3.10/multiprocessing/popen_fork.py", line 19, in __init__
    self._launch(process_obj)
  File "/usr/local/lib/python3.10/multiprocessing/popen_fork.py", line 71, in _launch
    code = process_obj._bootstrap(parent_sentinel=child_r)
  File "/usr/local/lib/python3.10/multiprocessing/process.py", line 314, in _bootstrap
    self.run()
  File "/usr/local/lib/python3.10/multiprocessing/process.py", line 108, in run
    self._target(*self._args, **self._kwargs)
  File "/home/airflow/.local/lib/python3.10/site-packages/airflow/dag_processing/processor.py", line 182, in _run_file_processor
    _handle_dag_file_processing()
  File "/home/airflow/.local/lib/python3.10/site-packages/airflow/dag_processing/processor.py", line 163, in _handle_dag_file_processing
    result: tuple[int, int] = dag_file_processor.process_file(
  File "/home/airflow/.local/lib/python3.10/site-packages/airflow/utils/session.py", line 79, in wrapper
    return func(*args, session=session, **kwargs)
  File "/home/airflow/.local/lib/python3.10/site-packages/airflow/dag_processing/processor.py", line 833, in process_file
    dagbag = DagFileProcessor._get_dagbag(file_path)
  File "/home/airflow/.local/lib/python3.10/site-packages/airflow/dag_processing/processor.py", line 797, in _get_dagbag
    return DagBag(file_path, include_examples=False)
  File "/home/airflow/.local/lib/python3.10/site-packages/airflow/models/dagbag.py", line 143, in __init__
    self.collect_dags(
  File "/home/airflow/.local/lib/python3.10/site-packages/airflow/models/dagbag.py", line 552, in collect_dags
    found_dags = self.process_file(filepath, only_if_updated=only_if_updated, safe_mode=safe_mode)
  File "/home/airflow/.local/lib/python3.10/site-packages/airflow/models/dagbag.py", line 309, in process_file
    mods = self._load_modules_from_file(filepath, safe_mode)
  File "/home/airflow/.local/lib/python3.10/site-packages/airflow/models/dagbag.py", line 374, in _load_modules_from_file
    return parse(mod_name, filepath)
  File "/home/airflow/.local/lib/python3.10/site-packages/airflow/models/dagbag.py", line 344, in parse
    loader.exec_module(new_module)
  File "/opt/airflow/dags/sus_pipeline.py", line 5, in <module>
    import pandas as pd
  File "/home/airflow/.local/lib/python3.10/site-packages/pandas/__init__.py", line 49, in <module>
    from pandas.core.api import (
  File "/home/airflow/.local/lib/python3.10/site-packages/pandas/core/api.py", line 9, in <module>
    from pandas.core.dtypes.dtypes import (
  File "/home/airflow/.local/lib/python3.10/site-packages/pandas/core/dtypes/dtypes.py", line 24, in <module>
    from pandas._libs import (
  File "/home/airflow/.local/lib/python3.10/site-packages/pyarrow/__init__.py", line 65, in <module>
    import pyarrow.lib as _lib
[2026-04-29T13:33:08.086+0000] {logging_mixin.py:188} WARNING - AttributeError: _ARRAY_API not found
[2026-04-29T13:33:08.206+0000] {logging_mixin.py:188} WARNING - 
A module that was compiled using NumPy 1.x cannot be run in
NumPy 2.2.6 as it may crash. To support both 1.x and 2.x
versions of NumPy, modules must be compiled with NumPy 2.0.
Some module may need to rebuild instead e.g. with 'pybind11>=2.12'.

If you are a user of the module, the easiest solution will be to
downgrade to 'numpy<2' or try to upgrade the affected module.
We expect that some modules will need time to support NumPy 2.

Traceback (most recent call last):  File "/home/airflow/.local/bin/airflow", line 8, in <module>
    sys.exit(main())
  File "/home/airflow/.local/lib/python3.10/site-packages/airflow/__main__.py", line 57, in main
    args.func(args)
  File "/home/airflow/.local/lib/python3.10/site-packages/airflow/cli/cli_config.py", line 49, in command
    return func(*args, **kwargs)
  File "/home/airflow/.local/lib/python3.10/site-packages/airflow/utils/cli.py", line 114, in wrapper
    return f(*args, **kwargs)
  File "/home/airflow/.local/lib/python3.10/site-packages/airflow/utils/providers_configuration_loader.py", line 55, in wrapped_function
    return func(*args, **kwargs)
  File "/home/airflow/.local/lib/python3.10/site-packages/airflow/cli/commands/scheduler_command.py", line 67, in scheduler
    run_command_with_daemon_option(
  File "/home/airflow/.local/lib/python3.10/site-packages/airflow/cli/commands/daemon_utils.py", line 86, in run_command_with_daemon_option
    callback()
  File "/home/airflow/.local/lib/python3.10/site-packages/airflow/cli/commands/scheduler_command.py", line 70, in <lambda>
    callback=lambda: _run_scheduler_job(args),
  File "/home/airflow/.local/lib/python3.10/site-packages/airflow/cli/commands/scheduler_command.py", line 52, in _run_scheduler_job
    run_job(job=job_runner.job, execute_callable=job_runner._execute)
  File "/home/airflow/.local/lib/python3.10/site-packages/airflow/utils/session.py", line 79, in wrapper
    return func(*args, session=session, **kwargs)
  File "/home/airflow/.local/lib/python3.10/site-packages/airflow/jobs/job.py", line 393, in run_job
    return execute_job(job, execute_callable=execute_callable)
  File "/home/airflow/.local/lib/python3.10/site-packages/airflow/jobs/job.py", line 422, in execute_job
    ret = execute_callable()
  File "/home/airflow/.local/lib/python3.10/site-packages/airflow/jobs/scheduler_job_runner.py", line 851, in _execute
    self.processor_agent.start()
  File "/home/airflow/.local/lib/python3.10/site-packages/airflow/dag_processing/manager.py", line 167, in start
    process.start()
  File "/usr/local/lib/python3.10/multiprocessing/process.py", line 121, in start
    self._popen = self._Popen(self)
  File "/usr/local/lib/python3.10/multiprocessing/context.py", line 281, in _Popen
    return Popen(process_obj)
  File "/usr/local/lib/python3.10/multiprocessing/popen_fork.py", line 19, in __init__
    self._launch(process_obj)
  File "/usr/local/lib/python3.10/multiprocessing/popen_fork.py", line 71, in _launch
    code = process_obj._bootstrap(parent_sentinel=child_r)
  File "/usr/local/lib/python3.10/multiprocessing/process.py", line 314, in _bootstrap
    self.run()
  File "/usr/local/lib/python3.10/multiprocessing/process.py", line 108, in run
    self._target(*self._args, **self._kwargs)
  File "/home/airflow/.local/lib/python3.10/site-packages/airflow/dag_processing/manager.py", line 240, in _run_processor_manager
    processor_manager.start()
  File "/home/airflow/.local/lib/python3.10/site-packages/airflow/dag_processing/manager.py", line 475, in start
    return self._run_parsing_loop()
  File "/home/airflow/.local/lib/python3.10/site-packages/airflow/dag_processing/manager.py", line 618, in _run_parsing_loop
    self.start_new_processes()
  File "/home/airflow/.local/lib/python3.10/site-packages/airflow/dag_processing/manager.py", line 1088, in start_new_processes
    processor.start()
  File "/home/airflow/.local/lib/python3.10/site-packages/airflow/dag_processing/processor.py", line 238, in start
    process.start()
  File "/usr/local/lib/python3.10/multiprocessing/process.py", line 121, in start
    self._popen = self._Popen(self)
  File "/usr/local/lib/python3.10/multiprocessing/context.py", line 281, in _Popen
    return Popen(process_obj)
  File "/usr/local/lib/python3.10/multiprocessing/popen_fork.py", line 19, in __init__
    self._launch(process_obj)
  File "/usr/local/lib/python3.10/multiprocessing/popen_fork.py", line 71, in _launch
    code = process_obj._bootstrap(parent_sentinel=child_r)
  File "/usr/local/lib/python3.10/multiprocessing/process.py", line 314, in _bootstrap
    self.run()
  File "/usr/local/lib/python3.10/multiprocessing/process.py", line 108, in run
    self._target(*self._args, **self._kwargs)
  File "/home/airflow/.local/lib/python3.10/site-packages/airflow/dag_processing/processor.py", line 182, in _run_file_processor
    _handle_dag_file_processing()
  File "/home/airflow/.local/lib/python3.10/site-packages/airflow/dag_processing/processor.py", line 163, in _handle_dag_file_processing
    result: tuple[int, int] = dag_file_processor.process_file(
  File "/home/airflow/.local/lib/python3.10/site-packages/airflow/utils/session.py", line 79, in wrapper
    return func(*args, session=session, **kwargs)
  File "/home/airflow/.local/lib/python3.10/site-packages/airflow/dag_processing/processor.py", line 833, in process_file
    dagbag = DagFileProcessor._get_dagbag(file_path)
  File "/home/airflow/.local/lib/python3.10/site-packages/airflow/dag_processing/processor.py", line 797, in _get_dagbag
    return DagBag(file_path, include_examples=False)
  File "/home/airflow/.local/lib/python3.10/site-packages/airflow/models/dagbag.py", line 143, in __init__
    self.collect_dags(
  File "/home/airflow/.local/lib/python3.10/site-packages/airflow/models/dagbag.py", line 552, in collect_dags
    found_dags = self.process_file(filepath, only_if_updated=only_if_updated, safe_mode=safe_mode)
  File "/home/airflow/.local/lib/python3.10/site-packages/airflow/models/dagbag.py", line 309, in process_file
    mods = self._load_modules_from_file(filepath, safe_mode)
  File "/home/airflow/.local/lib/python3.10/site-packages/airflow/models/dagbag.py", line 374, in _load_modules_from_file
    return parse(mod_name, filepath)
  File "/home/airflow/.local/lib/python3.10/site-packages/airflow/models/dagbag.py", line 344, in parse
    loader.exec_module(new_module)
  File "/opt/airflow/dags/sus_pipeline.py", line 6, in <module>
    from pysus.online_data.SIH import download, SIH
  File "/home/airflow/.local/lib/python3.10/site-packages/pysus/__init__.py", line 6, in <module>
    from pysus.ftp.databases import *  # noqa
  File "/home/airflow/.local/lib/python3.10/site-packages/pysus/ftp/__init__.py", line 25, in <module>
    from pysus.data.local import Data
  File "/home/airflow/.local/lib/python3.10/site-packages/pysus/data/__init__.py", line 7, in <module>
    import pyarrow as pa
  File "/home/airflow/.local/lib/python3.10/site-packages/pyarrow/__init__.py", line 65, in <module>
    import pyarrow.lib as _lib
[2026-04-29T13:33:08.206+0000] {logging_mixin.py:188} WARNING - AttributeError: _ARRAY_API not found
[2026-04-29T13:33:08.208+0000] {logging_mixin.py:188} INFO - [2026-04-29T13:33:08.206+0000] {dagbag.py:348} ERROR - Failed to import: /opt/airflow/dags/sus_pipeline.py
Traceback (most recent call last):
  File "/home/airflow/.local/lib/python3.10/site-packages/airflow/models/dagbag.py", line 344, in parse
    loader.exec_module(new_module)
  File "<frozen importlib._bootstrap_external>", line 883, in exec_module
  File "<frozen importlib._bootstrap>", line 241, in _call_with_frames_removed
  File "/opt/airflow/dags/sus_pipeline.py", line 6, in <module>
    from pysus.online_data.SIH import download, SIH
  File "/home/airflow/.local/lib/python3.10/site-packages/pysus/__init__.py", line 6, in <module>
    from pysus.ftp.databases import *  # noqa
  File "/home/airflow/.local/lib/python3.10/site-packages/pysus/ftp/__init__.py", line 25, in <module>
    from pysus.data.local import Data
  File "/home/airflow/.local/lib/python3.10/site-packages/pysus/data/__init__.py", line 7, in <module>
    import pyarrow as pa
  File "/home/airflow/.local/lib/python3.10/site-packages/pyarrow/__init__.py", line 65, in <module>
    import pyarrow.lib as _lib
  File "pyarrow/lib.pyx", line 36, in init pyarrow.lib
ImportError: numpy.core.multiarray failed to import
[2026-04-29T13:33:08.208+0000] {processor.py:842} WARNING - No viable dags retrieved from /opt/airflow/dags/sus_pipeline.py
[2026-04-29T13:33:08.235+0000] {processor.py:183} INFO - Processing /opt/airflow/dags/sus_pipeline.py took 0.254 seconds
[2026-04-29T13:33:38.767+0000] {processor.py:161} INFO - Started process (PID=221) to work on /opt/airflow/dags/sus_pipeline.py
[2026-04-29T13:33:38.770+0000] {processor.py:830} INFO - Processing file /opt/airflow/dags/sus_pipeline.py for tasks to queue
[2026-04-29T13:33:38.772+0000] {logging_mixin.py:188} INFO - [2026-04-29T13:33:38.771+0000] {dagbag.py:538} INFO - Filling up the DagBag from /opt/airflow/dags/sus_pipeline.py
[2026-04-29T13:33:38.859+0000] {logging_mixin.py:188} WARNING - 
A module that was compiled using NumPy 1.x cannot be run in
NumPy 2.2.6 as it may crash. To support both 1.x and 2.x
versions of NumPy, modules must be compiled with NumPy 2.0.
Some module may need to rebuild instead e.g. with 'pybind11>=2.12'.

If you are a user of the module, the easiest solution will be to
downgrade to 'numpy<2' or try to upgrade the affected module.
We expect that some modules will need time to support NumPy 2.

Traceback (most recent call last):  File "/home/airflow/.local/bin/airflow", line 8, in <module>
    sys.exit(main())
  File "/home/airflow/.local/lib/python3.10/site-packages/airflow/__main__.py", line 57, in main
    args.func(args)
  File "/home/airflow/.local/lib/python3.10/site-packages/airflow/cli/cli_config.py", line 49, in command
    return func(*args, **kwargs)
  File "/home/airflow/.local/lib/python3.10/site-packages/airflow/utils/cli.py", line 114, in wrapper
    return f(*args, **kwargs)
  File "/home/airflow/.local/lib/python3.10/site-packages/airflow/utils/providers_configuration_loader.py", line 55, in wrapped_function
    return func(*args, **kwargs)
  File "/home/airflow/.local/lib/python3.10/site-packages/airflow/cli/commands/scheduler_command.py", line 67, in scheduler
    run_command_with_daemon_option(
  File "/home/airflow/.local/lib/python3.10/site-packages/airflow/cli/commands/daemon_utils.py", line 86, in run_command_with_daemon_option
    callback()
  File "/home/airflow/.local/lib/python3.10/site-packages/airflow/cli/commands/scheduler_command.py", line 70, in <lambda>
    callback=lambda: _run_scheduler_job(args),
  File "/home/airflow/.local/lib/python3.10/site-packages/airflow/cli/commands/scheduler_command.py", line 52, in _run_scheduler_job
    run_job(job=job_runner.job, execute_callable=job_runner._execute)
  File "/home/airflow/.local/lib/python3.10/site-packages/airflow/utils/session.py", line 79, in wrapper
    return func(*args, session=session, **kwargs)
  File "/home/airflow/.local/lib/python3.10/site-packages/airflow/jobs/job.py", line 393, in run_job
    return execute_job(job, execute_callable=execute_callable)
  File "/home/airflow/.local/lib/python3.10/site-packages/airflow/jobs/job.py", line 422, in execute_job
    ret = execute_callable()
  File "/home/airflow/.local/lib/python3.10/site-packages/airflow/jobs/scheduler_job_runner.py", line 851, in _execute
    self.processor_agent.start()
  File "/home/airflow/.local/lib/python3.10/site-packages/airflow/dag_processing/manager.py", line 167, in start
    process.start()
  File "/usr/local/lib/python3.10/multiprocessing/process.py", line 121, in start
    self._popen = self._Popen(self)
  File "/usr/local/lib/python3.10/multiprocessing/context.py", line 281, in _Popen
    return Popen(process_obj)
  File "/usr/local/lib/python3.10/multiprocessing/popen_fork.py", line 19, in __init__
    self._launch(process_obj)
  File "/usr/local/lib/python3.10/multiprocessing/popen_fork.py", line 71, in _launch
    code = process_obj._bootstrap(parent_sentinel=child_r)
  File "/usr/local/lib/python3.10/multiprocessing/process.py", line 314, in _bootstrap
    self.run()
  File "/usr/local/lib/python3.10/multiprocessing/process.py", line 108, in run
    self._target(*self._args, **self._kwargs)
  File "/home/airflow/.local/lib/python3.10/site-packages/airflow/dag_processing/manager.py", line 240, in _run_processor_manager
    processor_manager.start()
  File "/home/airflow/.local/lib/python3.10/site-packages/airflow/dag_processing/manager.py", line 475, in start
    return self._run_parsing_loop()
  File "/home/airflow/.local/lib/python3.10/site-packages/airflow/dag_processing/manager.py", line 618, in _run_parsing_loop
    self.start_new_processes()
  File "/home/airflow/.local/lib/python3.10/site-packages/airflow/dag_processing/manager.py", line 1088, in start_new_processes
    processor.start()
  File "/home/airflow/.local/lib/python3.10/site-packages/airflow/dag_processing/processor.py", line 238, in start
    process.start()
  File "/usr/local/lib/python3.10/multiprocessing/process.py", line 121, in start
    self._popen = self._Popen(self)
  File "/usr/local/lib/python3.10/multiprocessing/context.py", line 281, in _Popen
    return Popen(process_obj)
  File "/usr/local/lib/python3.10/multiprocessing/popen_fork.py", line 19, in __init__
    self._launch(process_obj)
  File "/usr/local/lib/python3.10/multiprocessing/popen_fork.py", line 71, in _launch
    code = process_obj._bootstrap(parent_sentinel=child_r)
  File "/usr/local/lib/python3.10/multiprocessing/process.py", line 314, in _bootstrap
    self.run()
  File "/usr/local/lib/python3.10/multiprocessing/process.py", line 108, in run
    self._target(*self._args, **self._kwargs)
  File "/home/airflow/.local/lib/python3.10/site-packages/airflow/dag_processing/processor.py", line 182, in _run_file_processor
    _handle_dag_file_processing()
  File "/home/airflow/.local/lib/python3.10/site-packages/airflow/dag_processing/processor.py", line 163, in _handle_dag_file_processing
    result: tuple[int, int] = dag_file_processor.process_file(
  File "/home/airflow/.local/lib/python3.10/site-packages/airflow/utils/session.py", line 79, in wrapper
    return func(*args, session=session, **kwargs)
  File "/home/airflow/.local/lib/python3.10/site-packages/airflow/dag_processing/processor.py", line 833, in process_file
    dagbag = DagFileProcessor._get_dagbag(file_path)
  File "/home/airflow/.local/lib/python3.10/site-packages/airflow/dag_processing/processor.py", line 797, in _get_dagbag
    return DagBag(file_path, include_examples=False)
  File "/home/airflow/.local/lib/python3.10/site-packages/airflow/models/dagbag.py", line 143, in __init__
    self.collect_dags(
  File "/home/airflow/.local/lib/python3.10/site-packages/airflow/models/dagbag.py", line 552, in collect_dags
    found_dags = self.process_file(filepath, only_if_updated=only_if_updated, safe_mode=safe_mode)
  File "/home/airflow/.local/lib/python3.10/site-packages/airflow/models/dagbag.py", line 309, in process_file
    mods = self._load_modules_from_file(filepath, safe_mode)
  File "/home/airflow/.local/lib/python3.10/site-packages/airflow/models/dagbag.py", line 374, in _load_modules_from_file
    return parse(mod_name, filepath)
  File "/home/airflow/.local/lib/python3.10/site-packages/airflow/models/dagbag.py", line 344, in parse
    loader.exec_module(new_module)
  File "/opt/airflow/dags/sus_pipeline.py", line 5, in <module>
    import pandas as pd
  File "/home/airflow/.local/lib/python3.10/site-packages/pandas/__init__.py", line 26, in <module>
    from pandas.compat import (
  File "/home/airflow/.local/lib/python3.10/site-packages/pandas/compat/__init__.py", line 29, in <module>
    from pandas.compat.pyarrow import (
  File "/home/airflow/.local/lib/python3.10/site-packages/pandas/compat/pyarrow.py", line 8, in <module>
    import pyarrow as pa
  File "/home/airflow/.local/lib/python3.10/site-packages/pyarrow/__init__.py", line 65, in <module>
    import pyarrow.lib as _lib
[2026-04-29T13:33:38.859+0000] {logging_mixin.py:188} WARNING - AttributeError: _ARRAY_API not found
[2026-04-29T13:33:38.894+0000] {logging_mixin.py:188} WARNING - 
A module that was compiled using NumPy 1.x cannot be run in
NumPy 2.2.6 as it may crash. To support both 1.x and 2.x
versions of NumPy, modules must be compiled with NumPy 2.0.
Some module may need to rebuild instead e.g. with 'pybind11>=2.12'.

If you are a user of the module, the easiest solution will be to
downgrade to 'numpy<2' or try to upgrade the affected module.
We expect that some modules will need time to support NumPy 2.

Traceback (most recent call last):  File "/home/airflow/.local/bin/airflow", line 8, in <module>
    sys.exit(main())
  File "/home/airflow/.local/lib/python3.10/site-packages/airflow/__main__.py", line 57, in main
    args.func(args)
  File "/home/airflow/.local/lib/python3.10/site-packages/airflow/cli/cli_config.py", line 49, in command
    return func(*args, **kwargs)
  File "/home/airflow/.local/lib/python3.10/site-packages/airflow/utils/cli.py", line 114, in wrapper
    return f(*args, **kwargs)
  File "/home/airflow/.local/lib/python3.10/site-packages/airflow/utils/providers_configuration_loader.py", line 55, in wrapped_function
    return func(*args, **kwargs)
  File "/home/airflow/.local/lib/python3.10/site-packages/airflow/cli/commands/scheduler_command.py", line 67, in scheduler
    run_command_with_daemon_option(
  File "/home/airflow/.local/lib/python3.10/site-packages/airflow/cli/commands/daemon_utils.py", line 86, in run_command_with_daemon_option
    callback()
  File "/home/airflow/.local/lib/python3.10/site-packages/airflow/cli/commands/scheduler_command.py", line 70, in <lambda>
    callback=lambda: _run_scheduler_job(args),
  File "/home/airflow/.local/lib/python3.10/site-packages/airflow/cli/commands/scheduler_command.py", line 52, in _run_scheduler_job
    run_job(job=job_runner.job, execute_callable=job_runner._execute)
  File "/home/airflow/.local/lib/python3.10/site-packages/airflow/utils/session.py", line 79, in wrapper
    return func(*args, session=session, **kwargs)
  File "/home/airflow/.local/lib/python3.10/site-packages/airflow/jobs/job.py", line 393, in run_job
    return execute_job(job, execute_callable=execute_callable)
  File "/home/airflow/.local/lib/python3.10/site-packages/airflow/jobs/job.py", line 422, in execute_job
    ret = execute_callable()
  File "/home/airflow/.local/lib/python3.10/site-packages/airflow/jobs/scheduler_job_runner.py", line 851, in _execute
    self.processor_agent.start()
  File "/home/airflow/.local/lib/python3.10/site-packages/airflow/dag_processing/manager.py", line 167, in start
    process.start()
  File "/usr/local/lib/python3.10/multiprocessing/process.py", line 121, in start
    self._popen = self._Popen(self)
  File "/usr/local/lib/python3.10/multiprocessing/context.py", line 281, in _Popen
    return Popen(process_obj)
  File "/usr/local/lib/python3.10/multiprocessing/popen_fork.py", line 19, in __init__
    self._launch(process_obj)
  File "/usr/local/lib/python3.10/multiprocessing/popen_fork.py", line 71, in _launch
    code = process_obj._bootstrap(parent_sentinel=child_r)
  File "/usr/local/lib/python3.10/multiprocessing/process.py", line 314, in _bootstrap
    self.run()
  File "/usr/local/lib/python3.10/multiprocessing/process.py", line 108, in run
    self._target(*self._args, **self._kwargs)
  File "/home/airflow/.local/lib/python3.10/site-packages/airflow/dag_processing/manager.py", line 240, in _run_processor_manager
    processor_manager.start()
  File "/home/airflow/.local/lib/python3.10/site-packages/airflow/dag_processing/manager.py", line 475, in start
    return self._run_parsing_loop()
  File "/home/airflow/.local/lib/python3.10/site-packages/airflow/dag_processing/manager.py", line 618, in _run_parsing_loop
    self.start_new_processes()
  File "/home/airflow/.local/lib/python3.10/site-packages/airflow/dag_processing/manager.py", line 1088, in start_new_processes
    processor.start()
  File "/home/airflow/.local/lib/python3.10/site-packages/airflow/dag_processing/processor.py", line 238, in start
    process.start()
  File "/usr/local/lib/python3.10/multiprocessing/process.py", line 121, in start
    self._popen = self._Popen(self)
  File "/usr/local/lib/python3.10/multiprocessing/context.py", line 281, in _Popen
    return Popen(process_obj)
  File "/usr/local/lib/python3.10/multiprocessing/popen_fork.py", line 19, in __init__
    self._launch(process_obj)
  File "/usr/local/lib/python3.10/multiprocessing/popen_fork.py", line 71, in _launch
    code = process_obj._bootstrap(parent_sentinel=child_r)
  File "/usr/local/lib/python3.10/multiprocessing/process.py", line 314, in _bootstrap
    self.run()
  File "/usr/local/lib/python3.10/multiprocessing/process.py", line 108, in run
    self._target(*self._args, **self._kwargs)
  File "/home/airflow/.local/lib/python3.10/site-packages/airflow/dag_processing/processor.py", line 182, in _run_file_processor
    _handle_dag_file_processing()
  File "/home/airflow/.local/lib/python3.10/site-packages/airflow/dag_processing/processor.py", line 163, in _handle_dag_file_processing
    result: tuple[int, int] = dag_file_processor.process_file(
  File "/home/airflow/.local/lib/python3.10/site-packages/airflow/utils/session.py", line 79, in wrapper
    return func(*args, session=session, **kwargs)
  File "/home/airflow/.local/lib/python3.10/site-packages/airflow/dag_processing/processor.py", line 833, in process_file
    dagbag = DagFileProcessor._get_dagbag(file_path)
  File "/home/airflow/.local/lib/python3.10/site-packages/airflow/dag_processing/processor.py", line 797, in _get_dagbag
    return DagBag(file_path, include_examples=False)
  File "/home/airflow/.local/lib/python3.10/site-packages/airflow/models/dagbag.py", line 143, in __init__
    self.collect_dags(
  File "/home/airflow/.local/lib/python3.10/site-packages/airflow/models/dagbag.py", line 552, in collect_dags
    found_dags = self.process_file(filepath, only_if_updated=only_if_updated, safe_mode=safe_mode)
  File "/home/airflow/.local/lib/python3.10/site-packages/airflow/models/dagbag.py", line 309, in process_file
    mods = self._load_modules_from_file(filepath, safe_mode)
  File "/home/airflow/.local/lib/python3.10/site-packages/airflow/models/dagbag.py", line 374, in _load_modules_from_file
    return parse(mod_name, filepath)
  File "/home/airflow/.local/lib/python3.10/site-packages/airflow/models/dagbag.py", line 344, in parse
    loader.exec_module(new_module)
  File "/opt/airflow/dags/sus_pipeline.py", line 5, in <module>
    import pandas as pd
  File "/home/airflow/.local/lib/python3.10/site-packages/pandas/__init__.py", line 49, in <module>
    from pandas.core.api import (
  File "/home/airflow/.local/lib/python3.10/site-packages/pandas/core/api.py", line 9, in <module>
    from pandas.core.dtypes.dtypes import (
  File "/home/airflow/.local/lib/python3.10/site-packages/pandas/core/dtypes/dtypes.py", line 24, in <module>
    from pandas._libs import (
  File "/home/airflow/.local/lib/python3.10/site-packages/pyarrow/__init__.py", line 65, in <module>
    import pyarrow.lib as _lib
[2026-04-29T13:33:38.894+0000] {logging_mixin.py:188} WARNING - AttributeError: _ARRAY_API not found
[2026-04-29T13:33:39.001+0000] {logging_mixin.py:188} WARNING - 
A module that was compiled using NumPy 1.x cannot be run in
NumPy 2.2.6 as it may crash. To support both 1.x and 2.x
versions of NumPy, modules must be compiled with NumPy 2.0.
Some module may need to rebuild instead e.g. with 'pybind11>=2.12'.

If you are a user of the module, the easiest solution will be to
downgrade to 'numpy<2' or try to upgrade the affected module.
We expect that some modules will need time to support NumPy 2.

Traceback (most recent call last):  File "/home/airflow/.local/bin/airflow", line 8, in <module>
    sys.exit(main())
  File "/home/airflow/.local/lib/python3.10/site-packages/airflow/__main__.py", line 57, in main
    args.func(args)
  File "/home/airflow/.local/lib/python3.10/site-packages/airflow/cli/cli_config.py", line 49, in command
    return func(*args, **kwargs)
  File "/home/airflow/.local/lib/python3.10/site-packages/airflow/utils/cli.py", line 114, in wrapper
    return f(*args, **kwargs)
  File "/home/airflow/.local/lib/python3.10/site-packages/airflow/utils/providers_configuration_loader.py", line 55, in wrapped_function
    return func(*args, **kwargs)
  File "/home/airflow/.local/lib/python3.10/site-packages/airflow/cli/commands/scheduler_command.py", line 67, in scheduler
    run_command_with_daemon_option(
  File "/home/airflow/.local/lib/python3.10/site-packages/airflow/cli/commands/daemon_utils.py", line 86, in run_command_with_daemon_option
    callback()
  File "/home/airflow/.local/lib/python3.10/site-packages/airflow/cli/commands/scheduler_command.py", line 70, in <lambda>
    callback=lambda: _run_scheduler_job(args),
  File "/home/airflow/.local/lib/python3.10/site-packages/airflow/cli/commands/scheduler_command.py", line 52, in _run_scheduler_job
    run_job(job=job_runner.job, execute_callable=job_runner._execute)
  File "/home/airflow/.local/lib/python3.10/site-packages/airflow/utils/session.py", line 79, in wrapper
    return func(*args, session=session, **kwargs)
  File "/home/airflow/.local/lib/python3.10/site-packages/airflow/jobs/job.py", line 393, in run_job
    return execute_job(job, execute_callable=execute_callable)
  File "/home/airflow/.local/lib/python3.10/site-packages/airflow/jobs/job.py", line 422, in execute_job
    ret = execute_callable()
  File "/home/airflow/.local/lib/python3.10/site-packages/airflow/jobs/scheduler_job_runner.py", line 851, in _execute
    self.processor_agent.start()
  File "/home/airflow/.local/lib/python3.10/site-packages/airflow/dag_processing/manager.py", line 167, in start
    process.start()
  File "/usr/local/lib/python3.10/multiprocessing/process.py", line 121, in start
    self._popen = self._Popen(self)
  File "/usr/local/lib/python3.10/multiprocessing/context.py", line 281, in _Popen
    return Popen(process_obj)
  File "/usr/local/lib/python3.10/multiprocessing/popen_fork.py", line 19, in __init__
    self._launch(process_obj)
  File "/usr/local/lib/python3.10/multiprocessing/popen_fork.py", line 71, in _launch
    code = process_obj._bootstrap(parent_sentinel=child_r)
  File "/usr/local/lib/python3.10/multiprocessing/process.py", line 314, in _bootstrap
    self.run()
  File "/usr/local/lib/python3.10/multiprocessing/process.py", line 108, in run
    self._target(*self._args, **self._kwargs)
  File "/home/airflow/.local/lib/python3.10/site-packages/airflow/dag_processing/manager.py", line 240, in _run_processor_manager
    processor_manager.start()
  File "/home/airflow/.local/lib/python3.10/site-packages/airflow/dag_processing/manager.py", line 475, in start
    return self._run_parsing_loop()
  File "/home/airflow/.local/lib/python3.10/site-packages/airflow/dag_processing/manager.py", line 618, in _run_parsing_loop
    self.start_new_processes()
  File "/home/airflow/.local/lib/python3.10/site-packages/airflow/dag_processing/manager.py", line 1088, in start_new_processes
    processor.start()
  File "/home/airflow/.local/lib/python3.10/site-packages/airflow/dag_processing/processor.py", line 238, in start
    process.start()
  File "/usr/local/lib/python3.10/multiprocessing/process.py", line 121, in start
    self._popen = self._Popen(self)
  File "/usr/local/lib/python3.10/multiprocessing/context.py", line 281, in _Popen
    return Popen(process_obj)
  File "/usr/local/lib/python3.10/multiprocessing/popen_fork.py", line 19, in __init__
    self._launch(process_obj)
  File "/usr/local/lib/python3.10/multiprocessing/popen_fork.py", line 71, in _launch
    code = process_obj._bootstrap(parent_sentinel=child_r)
  File "/usr/local/lib/python3.10/multiprocessing/process.py", line 314, in _bootstrap
    self.run()
  File "/usr/local/lib/python3.10/multiprocessing/process.py", line 108, in run
    self._target(*self._args, **self._kwargs)
  File "/home/airflow/.local/lib/python3.10/site-packages/airflow/dag_processing/processor.py", line 182, in _run_file_processor
    _handle_dag_file_processing()
  File "/home/airflow/.local/lib/python3.10/site-packages/airflow/dag_processing/processor.py", line 163, in _handle_dag_file_processing
    result: tuple[int, int] = dag_file_processor.process_file(
  File "/home/airflow/.local/lib/python3.10/site-packages/airflow/utils/session.py", line 79, in wrapper
    return func(*args, session=session, **kwargs)
  File "/home/airflow/.local/lib/python3.10/site-packages/airflow/dag_processing/processor.py", line 833, in process_file
    dagbag = DagFileProcessor._get_dagbag(file_path)
  File "/home/airflow/.local/lib/python3.10/site-packages/airflow/dag_processing/processor.py", line 797, in _get_dagbag
    return DagBag(file_path, include_examples=False)
  File "/home/airflow/.local/lib/python3.10/site-packages/airflow/models/dagbag.py", line 143, in __init__
    self.collect_dags(
  File "/home/airflow/.local/lib/python3.10/site-packages/airflow/models/dagbag.py", line 552, in collect_dags
    found_dags = self.process_file(filepath, only_if_updated=only_if_updated, safe_mode=safe_mode)
  File "/home/airflow/.local/lib/python3.10/site-packages/airflow/models/dagbag.py", line 309, in process_file
    mods = self._load_modules_from_file(filepath, safe_mode)
  File "/home/airflow/.local/lib/python3.10/site-packages/airflow/models/dagbag.py", line 374, in _load_modules_from_file
    return parse(mod_name, filepath)
  File "/home/airflow/.local/lib/python3.10/site-packages/airflow/models/dagbag.py", line 344, in parse
    loader.exec_module(new_module)
  File "/opt/airflow/dags/sus_pipeline.py", line 6, in <module>
    from pysus.online_data.SIH import download, SIH
  File "/home/airflow/.local/lib/python3.10/site-packages/pysus/__init__.py", line 6, in <module>
    from pysus.ftp.databases import *  # noqa
  File "/home/airflow/.local/lib/python3.10/site-packages/pysus/ftp/__init__.py", line 25, in <module>
    from pysus.data.local import Data
  File "/home/airflow/.local/lib/python3.10/site-packages/pysus/data/__init__.py", line 7, in <module>
    import pyarrow as pa
  File "/home/airflow/.local/lib/python3.10/site-packages/pyarrow/__init__.py", line 65, in <module>
    import pyarrow.lib as _lib
[2026-04-29T13:33:39.001+0000] {logging_mixin.py:188} WARNING - AttributeError: _ARRAY_API not found
[2026-04-29T13:33:39.002+0000] {logging_mixin.py:188} INFO - [2026-04-29T13:33:39.001+0000] {dagbag.py:348} ERROR - Failed to import: /opt/airflow/dags/sus_pipeline.py
Traceback (most recent call last):
  File "/home/airflow/.local/lib/python3.10/site-packages/airflow/models/dagbag.py", line 344, in parse
    loader.exec_module(new_module)
  File "<frozen importlib._bootstrap_external>", line 883, in exec_module
  File "<frozen importlib._bootstrap>", line 241, in _call_with_frames_removed
  File "/opt/airflow/dags/sus_pipeline.py", line 6, in <module>
    from pysus.online_data.SIH import download, SIH
  File "/home/airflow/.local/lib/python3.10/site-packages/pysus/__init__.py", line 6, in <module>
    from pysus.ftp.databases import *  # noqa
  File "/home/airflow/.local/lib/python3.10/site-packages/pysus/ftp/__init__.py", line 25, in <module>
    from pysus.data.local import Data
  File "/home/airflow/.local/lib/python3.10/site-packages/pysus/data/__init__.py", line 7, in <module>
    import pyarrow as pa
  File "/home/airflow/.local/lib/python3.10/site-packages/pyarrow/__init__.py", line 65, in <module>
    import pyarrow.lib as _lib
  File "pyarrow/lib.pyx", line 36, in init pyarrow.lib
ImportError: numpy.core.multiarray failed to import
[2026-04-29T13:33:39.003+0000] {processor.py:842} WARNING - No viable dags retrieved from /opt/airflow/dags/sus_pipeline.py
[2026-04-29T13:33:39.021+0000] {processor.py:183} INFO - Processing /opt/airflow/dags/sus_pipeline.py took 0.261 seconds
[2026-04-29T13:34:09.200+0000] {processor.py:161} INFO - Started process (PID=237) to work on /opt/airflow/dags/sus_pipeline.py
[2026-04-29T13:34:09.201+0000] {processor.py:830} INFO - Processing file /opt/airflow/dags/sus_pipeline.py for tasks to queue
[2026-04-29T13:34:09.202+0000] {logging_mixin.py:188} INFO - [2026-04-29T13:34:09.202+0000] {dagbag.py:538} INFO - Filling up the DagBag from /opt/airflow/dags/sus_pipeline.py
[2026-04-29T13:34:09.262+0000] {logging_mixin.py:188} WARNING - 
A module that was compiled using NumPy 1.x cannot be run in
NumPy 2.2.6 as it may crash. To support both 1.x and 2.x
versions of NumPy, modules must be compiled with NumPy 2.0.
Some module may need to rebuild instead e.g. with 'pybind11>=2.12'.

If you are a user of the module, the easiest solution will be to
downgrade to 'numpy<2' or try to upgrade the affected module.
We expect that some modules will need time to support NumPy 2.

Traceback (most recent call last):  File "/home/airflow/.local/bin/airflow", line 8, in <module>
    sys.exit(main())
  File "/home/airflow/.local/lib/python3.10/site-packages/airflow/__main__.py", line 57, in main
    args.func(args)
  File "/home/airflow/.local/lib/python3.10/site-packages/airflow/cli/cli_config.py", line 49, in command
    return func(*args, **kwargs)
  File "/home/airflow/.local/lib/python3.10/site-packages/airflow/utils/cli.py", line 114, in wrapper
    return f(*args, **kwargs)
  File "/home/airflow/.local/lib/python3.10/site-packages/airflow/utils/providers_configuration_loader.py", line 55, in wrapped_function
    return func(*args, **kwargs)
  File "/home/airflow/.local/lib/python3.10/site-packages/airflow/cli/commands/scheduler_command.py", line 67, in scheduler
    run_command_with_daemon_option(
  File "/home/airflow/.local/lib/python3.10/site-packages/airflow/cli/commands/daemon_utils.py", line 86, in run_command_with_daemon_option
    callback()
  File "/home/airflow/.local/lib/python3.10/site-packages/airflow/cli/commands/scheduler_command.py", line 70, in <lambda>
    callback=lambda: _run_scheduler_job(args),
  File "/home/airflow/.local/lib/python3.10/site-packages/airflow/cli/commands/scheduler_command.py", line 52, in _run_scheduler_job
    run_job(job=job_runner.job, execute_callable=job_runner._execute)
  File "/home/airflow/.local/lib/python3.10/site-packages/airflow/utils/session.py", line 79, in wrapper
    return func(*args, session=session, **kwargs)
  File "/home/airflow/.local/lib/python3.10/site-packages/airflow/jobs/job.py", line 393, in run_job
    return execute_job(job, execute_callable=execute_callable)
  File "/home/airflow/.local/lib/python3.10/site-packages/airflow/jobs/job.py", line 422, in execute_job
    ret = execute_callable()
  File "/home/airflow/.local/lib/python3.10/site-packages/airflow/jobs/scheduler_job_runner.py", line 851, in _execute
    self.processor_agent.start()
  File "/home/airflow/.local/lib/python3.10/site-packages/airflow/dag_processing/manager.py", line 167, in start
    process.start()
  File "/usr/local/lib/python3.10/multiprocessing/process.py", line 121, in start
    self._popen = self._Popen(self)
  File "/usr/local/lib/python3.10/multiprocessing/context.py", line 281, in _Popen
    return Popen(process_obj)
  File "/usr/local/lib/python3.10/multiprocessing/popen_fork.py", line 19, in __init__
    self._launch(process_obj)
  File "/usr/local/lib/python3.10/multiprocessing/popen_fork.py", line 71, in _launch
    code = process_obj._bootstrap(parent_sentinel=child_r)
  File "/usr/local/lib/python3.10/multiprocessing/process.py", line 314, in _bootstrap
    self.run()
  File "/usr/local/lib/python3.10/multiprocessing/process.py", line 108, in run
    self._target(*self._args, **self._kwargs)
  File "/home/airflow/.local/lib/python3.10/site-packages/airflow/dag_processing/manager.py", line 240, in _run_processor_manager
    processor_manager.start()
  File "/home/airflow/.local/lib/python3.10/site-packages/airflow/dag_processing/manager.py", line 475, in start
    return self._run_parsing_loop()
  File "/home/airflow/.local/lib/python3.10/site-packages/airflow/dag_processing/manager.py", line 618, in _run_parsing_loop
    self.start_new_processes()
  File "/home/airflow/.local/lib/python3.10/site-packages/airflow/dag_processing/manager.py", line 1088, in start_new_processes
    processor.start()
  File "/home/airflow/.local/lib/python3.10/site-packages/airflow/dag_processing/processor.py", line 238, in start
    process.start()
  File "/usr/local/lib/python3.10/multiprocessing/process.py", line 121, in start
    self._popen = self._Popen(self)
  File "/usr/local/lib/python3.10/multiprocessing/context.py", line 281, in _Popen
    return Popen(process_obj)
  File "/usr/local/lib/python3.10/multiprocessing/popen_fork.py", line 19, in __init__
    self._launch(process_obj)
  File "/usr/local/lib/python3.10/multiprocessing/popen_fork.py", line 71, in _launch
    code = process_obj._bootstrap(parent_sentinel=child_r)
  File "/usr/local/lib/python3.10/multiprocessing/process.py", line 314, in _bootstrap
    self.run()
  File "/usr/local/lib/python3.10/multiprocessing/process.py", line 108, in run
    self._target(*self._args, **self._kwargs)
  File "/home/airflow/.local/lib/python3.10/site-packages/airflow/dag_processing/processor.py", line 182, in _run_file_processor
    _handle_dag_file_processing()
  File "/home/airflow/.local/lib/python3.10/site-packages/airflow/dag_processing/processor.py", line 163, in _handle_dag_file_processing
    result: tuple[int, int] = dag_file_processor.process_file(
  File "/home/airflow/.local/lib/python3.10/site-packages/airflow/utils/session.py", line 79, in wrapper
    return func(*args, session=session, **kwargs)
  File "/home/airflow/.local/lib/python3.10/site-packages/airflow/dag_processing/processor.py", line 833, in process_file
    dagbag = DagFileProcessor._get_dagbag(file_path)
  File "/home/airflow/.local/lib/python3.10/site-packages/airflow/dag_processing/processor.py", line 797, in _get_dagbag
    return DagBag(file_path, include_examples=False)
  File "/home/airflow/.local/lib/python3.10/site-packages/airflow/models/dagbag.py", line 143, in __init__
    self.collect_dags(
  File "/home/airflow/.local/lib/python3.10/site-packages/airflow/models/dagbag.py", line 552, in collect_dags
    found_dags = self.process_file(filepath, only_if_updated=only_if_updated, safe_mode=safe_mode)
  File "/home/airflow/.local/lib/python3.10/site-packages/airflow/models/dagbag.py", line 309, in process_file
    mods = self._load_modules_from_file(filepath, safe_mode)
  File "/home/airflow/.local/lib/python3.10/site-packages/airflow/models/dagbag.py", line 374, in _load_modules_from_file
    return parse(mod_name, filepath)
  File "/home/airflow/.local/lib/python3.10/site-packages/airflow/models/dagbag.py", line 344, in parse
    loader.exec_module(new_module)
  File "/opt/airflow/dags/sus_pipeline.py", line 5, in <module>
    import pandas as pd
  File "/home/airflow/.local/lib/python3.10/site-packages/pandas/__init__.py", line 26, in <module>
    from pandas.compat import (
  File "/home/airflow/.local/lib/python3.10/site-packages/pandas/compat/__init__.py", line 29, in <module>
    from pandas.compat.pyarrow import (
  File "/home/airflow/.local/lib/python3.10/site-packages/pandas/compat/pyarrow.py", line 8, in <module>
    import pyarrow as pa
  File "/home/airflow/.local/lib/python3.10/site-packages/pyarrow/__init__.py", line 65, in <module>
    import pyarrow.lib as _lib
[2026-04-29T13:34:09.263+0000] {logging_mixin.py:188} WARNING - AttributeError: _ARRAY_API not found
[2026-04-29T13:34:09.288+0000] {logging_mixin.py:188} WARNING - 
A module that was compiled using NumPy 1.x cannot be run in
NumPy 2.2.6 as it may crash. To support both 1.x and 2.x
versions of NumPy, modules must be compiled with NumPy 2.0.
Some module may need to rebuild instead e.g. with 'pybind11>=2.12'.

If you are a user of the module, the easiest solution will be to
downgrade to 'numpy<2' or try to upgrade the affected module.
We expect that some modules will need time to support NumPy 2.

Traceback (most recent call last):  File "/home/airflow/.local/bin/airflow", line 8, in <module>
    sys.exit(main())
  File "/home/airflow/.local/lib/python3.10/site-packages/airflow/__main__.py", line 57, in main
    args.func(args)
  File "/home/airflow/.local/lib/python3.10/site-packages/airflow/cli/cli_config.py", line 49, in command
    return func(*args, **kwargs)
  File "/home/airflow/.local/lib/python3.10/site-packages/airflow/utils/cli.py", line 114, in wrapper
    return f(*args, **kwargs)
  File "/home/airflow/.local/lib/python3.10/site-packages/airflow/utils/providers_configuration_loader.py", line 55, in wrapped_function
    return func(*args, **kwargs)
  File "/home/airflow/.local/lib/python3.10/site-packages/airflow/cli/commands/scheduler_command.py", line 67, in scheduler
    run_command_with_daemon_option(
  File "/home/airflow/.local/lib/python3.10/site-packages/airflow/cli/commands/daemon_utils.py", line 86, in run_command_with_daemon_option
    callback()
  File "/home/airflow/.local/lib/python3.10/site-packages/airflow/cli/commands/scheduler_command.py", line 70, in <lambda>
    callback=lambda: _run_scheduler_job(args),
  File "/home/airflow/.local/lib/python3.10/site-packages/airflow/cli/commands/scheduler_command.py", line 52, in _run_scheduler_job
    run_job(job=job_runner.job, execute_callable=job_runner._execute)
  File "/home/airflow/.local/lib/python3.10/site-packages/airflow/utils/session.py", line 79, in wrapper
    return func(*args, session=session, **kwargs)
  File "/home/airflow/.local/lib/python3.10/site-packages/airflow/jobs/job.py", line 393, in run_job
    return execute_job(job, execute_callable=execute_callable)
  File "/home/airflow/.local/lib/python3.10/site-packages/airflow/jobs/job.py", line 422, in execute_job
    ret = execute_callable()
  File "/home/airflow/.local/lib/python3.10/site-packages/airflow/jobs/scheduler_job_runner.py", line 851, in _execute
    self.processor_agent.start()
  File "/home/airflow/.local/lib/python3.10/site-packages/airflow/dag_processing/manager.py", line 167, in start
    process.start()
  File "/usr/local/lib/python3.10/multiprocessing/process.py", line 121, in start
    self._popen = self._Popen(self)
  File "/usr/local/lib/python3.10/multiprocessing/context.py", line 281, in _Popen
    return Popen(process_obj)
  File "/usr/local/lib/python3.10/multiprocessing/popen_fork.py", line 19, in __init__
    self._launch(process_obj)
  File "/usr/local/lib/python3.10/multiprocessing/popen_fork.py", line 71, in _launch
    code = process_obj._bootstrap(parent_sentinel=child_r)
  File "/usr/local/lib/python3.10/multiprocessing/process.py", line 314, in _bootstrap
    self.run()
  File "/usr/local/lib/python3.10/multiprocessing/process.py", line 108, in run
    self._target(*self._args, **self._kwargs)
  File "/home/airflow/.local/lib/python3.10/site-packages/airflow/dag_processing/manager.py", line 240, in _run_processor_manager
    processor_manager.start()
  File "/home/airflow/.local/lib/python3.10/site-packages/airflow/dag_processing/manager.py", line 475, in start
    return self._run_parsing_loop()
  File "/home/airflow/.local/lib/python3.10/site-packages/airflow/dag_processing/manager.py", line 618, in _run_parsing_loop
    self.start_new_processes()
  File "/home/airflow/.local/lib/python3.10/site-packages/airflow/dag_processing/manager.py", line 1088, in start_new_processes
    processor.start()
  File "/home/airflow/.local/lib/python3.10/site-packages/airflow/dag_processing/processor.py", line 238, in start
    process.start()
  File "/usr/local/lib/python3.10/multiprocessing/process.py", line 121, in start
    self._popen = self._Popen(self)
  File "/usr/local/lib/python3.10/multiprocessing/context.py", line 281, in _Popen
    return Popen(process_obj)
  File "/usr/local/lib/python3.10/multiprocessing/popen_fork.py", line 19, in __init__
    self._launch(process_obj)
  File "/usr/local/lib/python3.10/multiprocessing/popen_fork.py", line 71, in _launch
    code = process_obj._bootstrap(parent_sentinel=child_r)
  File "/usr/local/lib/python3.10/multiprocessing/process.py", line 314, in _bootstrap
    self.run()
  File "/usr/local/lib/python3.10/multiprocessing/process.py", line 108, in run
    self._target(*self._args, **self._kwargs)
  File "/home/airflow/.local/lib/python3.10/site-packages/airflow/dag_processing/processor.py", line 182, in _run_file_processor
    _handle_dag_file_processing()
  File "/home/airflow/.local/lib/python3.10/site-packages/airflow/dag_processing/processor.py", line 163, in _handle_dag_file_processing
    result: tuple[int, int] = dag_file_processor.process_file(
  File "/home/airflow/.local/lib/python3.10/site-packages/airflow/utils/session.py", line 79, in wrapper
    return func(*args, session=session, **kwargs)
  File "/home/airflow/.local/lib/python3.10/site-packages/airflow/dag_processing/processor.py", line 833, in process_file
    dagbag = DagFileProcessor._get_dagbag(file_path)
  File "/home/airflow/.local/lib/python3.10/site-packages/airflow/dag_processing/processor.py", line 797, in _get_dagbag
    return DagBag(file_path, include_examples=False)
  File "/home/airflow/.local/lib/python3.10/site-packages/airflow/models/dagbag.py", line 143, in __init__
    self.collect_dags(
  File "/home/airflow/.local/lib/python3.10/site-packages/airflow/models/dagbag.py", line 552, in collect_dags
    found_dags = self.process_file(filepath, only_if_updated=only_if_updated, safe_mode=safe_mode)
  File "/home/airflow/.local/lib/python3.10/site-packages/airflow/models/dagbag.py", line 309, in process_file
    mods = self._load_modules_from_file(filepath, safe_mode)
  File "/home/airflow/.local/lib/python3.10/site-packages/airflow/models/dagbag.py", line 374, in _load_modules_from_file
    return parse(mod_name, filepath)
  File "/home/airflow/.local/lib/python3.10/site-packages/airflow/models/dagbag.py", line 344, in parse
    loader.exec_module(new_module)
  File "/opt/airflow/dags/sus_pipeline.py", line 5, in <module>
    import pandas as pd
  File "/home/airflow/.local/lib/python3.10/site-packages/pandas/__init__.py", line 49, in <module>
    from pandas.core.api import (
  File "/home/airflow/.local/lib/python3.10/site-packages/pandas/core/api.py", line 9, in <module>
    from pandas.core.dtypes.dtypes import (
  File "/home/airflow/.local/lib/python3.10/site-packages/pandas/core/dtypes/dtypes.py", line 24, in <module>
    from pandas._libs import (
  File "/home/airflow/.local/lib/python3.10/site-packages/pyarrow/__init__.py", line 65, in <module>
    import pyarrow.lib as _lib
[2026-04-29T13:34:09.288+0000] {logging_mixin.py:188} WARNING - AttributeError: _ARRAY_API not found
[2026-04-29T13:34:09.408+0000] {logging_mixin.py:188} WARNING - 
A module that was compiled using NumPy 1.x cannot be run in
NumPy 2.2.6 as it may crash. To support both 1.x and 2.x
versions of NumPy, modules must be compiled with NumPy 2.0.
Some module may need to rebuild instead e.g. with 'pybind11>=2.12'.

If you are a user of the module, the easiest solution will be to
downgrade to 'numpy<2' or try to upgrade the affected module.
We expect that some modules will need time to support NumPy 2.

Traceback (most recent call last):  File "/home/airflow/.local/bin/airflow", line 8, in <module>
    sys.exit(main())
  File "/home/airflow/.local/lib/python3.10/site-packages/airflow/__main__.py", line 57, in main
    args.func(args)
  File "/home/airflow/.local/lib/python3.10/site-packages/airflow/cli/cli_config.py", line 49, in command
    return func(*args, **kwargs)
  File "/home/airflow/.local/lib/python3.10/site-packages/airflow/utils/cli.py", line 114, in wrapper
    return f(*args, **kwargs)
  File "/home/airflow/.local/lib/python3.10/site-packages/airflow/utils/providers_configuration_loader.py", line 55, in wrapped_function
    return func(*args, **kwargs)
  File "/home/airflow/.local/lib/python3.10/site-packages/airflow/cli/commands/scheduler_command.py", line 67, in scheduler
    run_command_with_daemon_option(
  File "/home/airflow/.local/lib/python3.10/site-packages/airflow/cli/commands/daemon_utils.py", line 86, in run_command_with_daemon_option
    callback()
  File "/home/airflow/.local/lib/python3.10/site-packages/airflow/cli/commands/scheduler_command.py", line 70, in <lambda>
    callback=lambda: _run_scheduler_job(args),
  File "/home/airflow/.local/lib/python3.10/site-packages/airflow/cli/commands/scheduler_command.py", line 52, in _run_scheduler_job
    run_job(job=job_runner.job, execute_callable=job_runner._execute)
  File "/home/airflow/.local/lib/python3.10/site-packages/airflow/utils/session.py", line 79, in wrapper
    return func(*args, session=session, **kwargs)
  File "/home/airflow/.local/lib/python3.10/site-packages/airflow/jobs/job.py", line 393, in run_job
    return execute_job(job, execute_callable=execute_callable)
  File "/home/airflow/.local/lib/python3.10/site-packages/airflow/jobs/job.py", line 422, in execute_job
    ret = execute_callable()
  File "/home/airflow/.local/lib/python3.10/site-packages/airflow/jobs/scheduler_job_runner.py", line 851, in _execute
    self.processor_agent.start()
  File "/home/airflow/.local/lib/python3.10/site-packages/airflow/dag_processing/manager.py", line 167, in start
    process.start()
  File "/usr/local/lib/python3.10/multiprocessing/process.py", line 121, in start
    self._popen = self._Popen(self)
  File "/usr/local/lib/python3.10/multiprocessing/context.py", line 281, in _Popen
    return Popen(process_obj)
  File "/usr/local/lib/python3.10/multiprocessing/popen_fork.py", line 19, in __init__
    self._launch(process_obj)
  File "/usr/local/lib/python3.10/multiprocessing/popen_fork.py", line 71, in _launch
    code = process_obj._bootstrap(parent_sentinel=child_r)
  File "/usr/local/lib/python3.10/multiprocessing/process.py", line 314, in _bootstrap
    self.run()
  File "/usr/local/lib/python3.10/multiprocessing/process.py", line 108, in run
    self._target(*self._args, **self._kwargs)
  File "/home/airflow/.local/lib/python3.10/site-packages/airflow/dag_processing/manager.py", line 240, in _run_processor_manager
    processor_manager.start()
  File "/home/airflow/.local/lib/python3.10/site-packages/airflow/dag_processing/manager.py", line 475, in start
    return self._run_parsing_loop()
  File "/home/airflow/.local/lib/python3.10/site-packages/airflow/dag_processing/manager.py", line 618, in _run_parsing_loop
    self.start_new_processes()
  File "/home/airflow/.local/lib/python3.10/site-packages/airflow/dag_processing/manager.py", line 1088, in start_new_processes
    processor.start()
  File "/home/airflow/.local/lib/python3.10/site-packages/airflow/dag_processing/processor.py", line 238, in start
    process.start()
  File "/usr/local/lib/python3.10/multiprocessing/process.py", line 121, in start
    self._popen = self._Popen(self)
  File "/usr/local/lib/python3.10/multiprocessing/context.py", line 281, in _Popen
    return Popen(process_obj)
  File "/usr/local/lib/python3.10/multiprocessing/popen_fork.py", line 19, in __init__
    self._launch(process_obj)
  File "/usr/local/lib/python3.10/multiprocessing/popen_fork.py", line 71, in _launch
    code = process_obj._bootstrap(parent_sentinel=child_r)
  File "/usr/local/lib/python3.10/multiprocessing/process.py", line 314, in _bootstrap
    self.run()
  File "/usr/local/lib/python3.10/multiprocessing/process.py", line 108, in run
    self._target(*self._args, **self._kwargs)
  File "/home/airflow/.local/lib/python3.10/site-packages/airflow/dag_processing/processor.py", line 182, in _run_file_processor
    _handle_dag_file_processing()
  File "/home/airflow/.local/lib/python3.10/site-packages/airflow/dag_processing/processor.py", line 163, in _handle_dag_file_processing
    result: tuple[int, int] = dag_file_processor.process_file(
  File "/home/airflow/.local/lib/python3.10/site-packages/airflow/utils/session.py", line 79, in wrapper
    return func(*args, session=session, **kwargs)
  File "/home/airflow/.local/lib/python3.10/site-packages/airflow/dag_processing/processor.py", line 833, in process_file
    dagbag = DagFileProcessor._get_dagbag(file_path)
  File "/home/airflow/.local/lib/python3.10/site-packages/airflow/dag_processing/processor.py", line 797, in _get_dagbag
    return DagBag(file_path, include_examples=False)
  File "/home/airflow/.local/lib/python3.10/site-packages/airflow/models/dagbag.py", line 143, in __init__
    self.collect_dags(
  File "/home/airflow/.local/lib/python3.10/site-packages/airflow/models/dagbag.py", line 552, in collect_dags
    found_dags = self.process_file(filepath, only_if_updated=only_if_updated, safe_mode=safe_mode)
  File "/home/airflow/.local/lib/python3.10/site-packages/airflow/models/dagbag.py", line 309, in process_file
    mods = self._load_modules_from_file(filepath, safe_mode)
  File "/home/airflow/.local/lib/python3.10/site-packages/airflow/models/dagbag.py", line 374, in _load_modules_from_file
    return parse(mod_name, filepath)
  File "/home/airflow/.local/lib/python3.10/site-packages/airflow/models/dagbag.py", line 344, in parse
    loader.exec_module(new_module)
  File "/opt/airflow/dags/sus_pipeline.py", line 6, in <module>
    from pysus.online_data.SIH import download, SIH
  File "/home/airflow/.local/lib/python3.10/site-packages/pysus/__init__.py", line 6, in <module>
    from pysus.ftp.databases import *  # noqa
  File "/home/airflow/.local/lib/python3.10/site-packages/pysus/ftp/__init__.py", line 25, in <module>
    from pysus.data.local import Data
  File "/home/airflow/.local/lib/python3.10/site-packages/pysus/data/__init__.py", line 7, in <module>
    import pyarrow as pa
  File "/home/airflow/.local/lib/python3.10/site-packages/pyarrow/__init__.py", line 65, in <module>
    import pyarrow.lib as _lib
[2026-04-29T13:34:09.408+0000] {logging_mixin.py:188} WARNING - AttributeError: _ARRAY_API not found
[2026-04-29T13:34:09.410+0000] {logging_mixin.py:188} INFO - [2026-04-29T13:34:09.408+0000] {dagbag.py:348} ERROR - Failed to import: /opt/airflow/dags/sus_pipeline.py
Traceback (most recent call last):
  File "/home/airflow/.local/lib/python3.10/site-packages/airflow/models/dagbag.py", line 344, in parse
    loader.exec_module(new_module)
  File "<frozen importlib._bootstrap_external>", line 883, in exec_module
  File "<frozen importlib._bootstrap>", line 241, in _call_with_frames_removed
  File "/opt/airflow/dags/sus_pipeline.py", line 6, in <module>
    from pysus.online_data.SIH import download, SIH
  File "/home/airflow/.local/lib/python3.10/site-packages/pysus/__init__.py", line 6, in <module>
    from pysus.ftp.databases import *  # noqa
  File "/home/airflow/.local/lib/python3.10/site-packages/pysus/ftp/__init__.py", line 25, in <module>
    from pysus.data.local import Data
  File "/home/airflow/.local/lib/python3.10/site-packages/pysus/data/__init__.py", line 7, in <module>
    import pyarrow as pa
  File "/home/airflow/.local/lib/python3.10/site-packages/pyarrow/__init__.py", line 65, in <module>
    import pyarrow.lib as _lib
  File "pyarrow/lib.pyx", line 36, in init pyarrow.lib
ImportError: numpy.core.multiarray failed to import
[2026-04-29T13:34:09.410+0000] {processor.py:842} WARNING - No viable dags retrieved from /opt/airflow/dags/sus_pipeline.py
[2026-04-29T13:34:09.438+0000] {processor.py:183} INFO - Processing /opt/airflow/dags/sus_pipeline.py took 0.241 seconds
[2026-04-29T13:34:39.622+0000] {processor.py:161} INFO - Started process (PID=243) to work on /opt/airflow/dags/sus_pipeline.py
[2026-04-29T13:34:39.623+0000] {processor.py:830} INFO - Processing file /opt/airflow/dags/sus_pipeline.py for tasks to queue
[2026-04-29T13:34:39.624+0000] {logging_mixin.py:188} INFO - [2026-04-29T13:34:39.624+0000] {dagbag.py:538} INFO - Filling up the DagBag from /opt/airflow/dags/sus_pipeline.py
[2026-04-29T13:34:39.711+0000] {logging_mixin.py:188} WARNING - 
A module that was compiled using NumPy 1.x cannot be run in
NumPy 2.2.6 as it may crash. To support both 1.x and 2.x
versions of NumPy, modules must be compiled with NumPy 2.0.
Some module may need to rebuild instead e.g. with 'pybind11>=2.12'.

If you are a user of the module, the easiest solution will be to
downgrade to 'numpy<2' or try to upgrade the affected module.
We expect that some modules will need time to support NumPy 2.

Traceback (most recent call last):  File "/home/airflow/.local/bin/airflow", line 8, in <module>
    sys.exit(main())
  File "/home/airflow/.local/lib/python3.10/site-packages/airflow/__main__.py", line 57, in main
    args.func(args)
  File "/home/airflow/.local/lib/python3.10/site-packages/airflow/cli/cli_config.py", line 49, in command
    return func(*args, **kwargs)
  File "/home/airflow/.local/lib/python3.10/site-packages/airflow/utils/cli.py", line 114, in wrapper
    return f(*args, **kwargs)
  File "/home/airflow/.local/lib/python3.10/site-packages/airflow/utils/providers_configuration_loader.py", line 55, in wrapped_function
    return func(*args, **kwargs)
  File "/home/airflow/.local/lib/python3.10/site-packages/airflow/cli/commands/scheduler_command.py", line 67, in scheduler
    run_command_with_daemon_option(
  File "/home/airflow/.local/lib/python3.10/site-packages/airflow/cli/commands/daemon_utils.py", line 86, in run_command_with_daemon_option
    callback()
  File "/home/airflow/.local/lib/python3.10/site-packages/airflow/cli/commands/scheduler_command.py", line 70, in <lambda>
    callback=lambda: _run_scheduler_job(args),
  File "/home/airflow/.local/lib/python3.10/site-packages/airflow/cli/commands/scheduler_command.py", line 52, in _run_scheduler_job
    run_job(job=job_runner.job, execute_callable=job_runner._execute)
  File "/home/airflow/.local/lib/python3.10/site-packages/airflow/utils/session.py", line 79, in wrapper
    return func(*args, session=session, **kwargs)
  File "/home/airflow/.local/lib/python3.10/site-packages/airflow/jobs/job.py", line 393, in run_job
    return execute_job(job, execute_callable=execute_callable)
  File "/home/airflow/.local/lib/python3.10/site-packages/airflow/jobs/job.py", line 422, in execute_job
    ret = execute_callable()
  File "/home/airflow/.local/lib/python3.10/site-packages/airflow/jobs/scheduler_job_runner.py", line 851, in _execute
    self.processor_agent.start()
  File "/home/airflow/.local/lib/python3.10/site-packages/airflow/dag_processing/manager.py", line 167, in start
    process.start()
  File "/usr/local/lib/python3.10/multiprocessing/process.py", line 121, in start
    self._popen = self._Popen(self)
  File "/usr/local/lib/python3.10/multiprocessing/context.py", line 281, in _Popen
    return Popen(process_obj)
  File "/usr/local/lib/python3.10/multiprocessing/popen_fork.py", line 19, in __init__
    self._launch(process_obj)
  File "/usr/local/lib/python3.10/multiprocessing/popen_fork.py", line 71, in _launch
    code = process_obj._bootstrap(parent_sentinel=child_r)
  File "/usr/local/lib/python3.10/multiprocessing/process.py", line 314, in _bootstrap
    self.run()
  File "/usr/local/lib/python3.10/multiprocessing/process.py", line 108, in run
    self._target(*self._args, **self._kwargs)
  File "/home/airflow/.local/lib/python3.10/site-packages/airflow/dag_processing/manager.py", line 240, in _run_processor_manager
    processor_manager.start()
  File "/home/airflow/.local/lib/python3.10/site-packages/airflow/dag_processing/manager.py", line 475, in start
    return self._run_parsing_loop()
  File "/home/airflow/.local/lib/python3.10/site-packages/airflow/dag_processing/manager.py", line 618, in _run_parsing_loop
    self.start_new_processes()
  File "/home/airflow/.local/lib/python3.10/site-packages/airflow/dag_processing/manager.py", line 1088, in start_new_processes
    processor.start()
  File "/home/airflow/.local/lib/python3.10/site-packages/airflow/dag_processing/processor.py", line 238, in start
    process.start()
  File "/usr/local/lib/python3.10/multiprocessing/process.py", line 121, in start
    self._popen = self._Popen(self)
  File "/usr/local/lib/python3.10/multiprocessing/context.py", line 281, in _Popen
    return Popen(process_obj)
  File "/usr/local/lib/python3.10/multiprocessing/popen_fork.py", line 19, in __init__
    self._launch(process_obj)
  File "/usr/local/lib/python3.10/multiprocessing/popen_fork.py", line 71, in _launch
    code = process_obj._bootstrap(parent_sentinel=child_r)
  File "/usr/local/lib/python3.10/multiprocessing/process.py", line 314, in _bootstrap
    self.run()
  File "/usr/local/lib/python3.10/multiprocessing/process.py", line 108, in run
    self._target(*self._args, **self._kwargs)
  File "/home/airflow/.local/lib/python3.10/site-packages/airflow/dag_processing/processor.py", line 182, in _run_file_processor
    _handle_dag_file_processing()
  File "/home/airflow/.local/lib/python3.10/site-packages/airflow/dag_processing/processor.py", line 163, in _handle_dag_file_processing
    result: tuple[int, int] = dag_file_processor.process_file(
  File "/home/airflow/.local/lib/python3.10/site-packages/airflow/utils/session.py", line 79, in wrapper
    return func(*args, session=session, **kwargs)
  File "/home/airflow/.local/lib/python3.10/site-packages/airflow/dag_processing/processor.py", line 833, in process_file
    dagbag = DagFileProcessor._get_dagbag(file_path)
  File "/home/airflow/.local/lib/python3.10/site-packages/airflow/dag_processing/processor.py", line 797, in _get_dagbag
    return DagBag(file_path, include_examples=False)
  File "/home/airflow/.local/lib/python3.10/site-packages/airflow/models/dagbag.py", line 143, in __init__
    self.collect_dags(
  File "/home/airflow/.local/lib/python3.10/site-packages/airflow/models/dagbag.py", line 552, in collect_dags
    found_dags = self.process_file(filepath, only_if_updated=only_if_updated, safe_mode=safe_mode)
  File "/home/airflow/.local/lib/python3.10/site-packages/airflow/models/dagbag.py", line 309, in process_file
    mods = self._load_modules_from_file(filepath, safe_mode)
  File "/home/airflow/.local/lib/python3.10/site-packages/airflow/models/dagbag.py", line 374, in _load_modules_from_file
    return parse(mod_name, filepath)
  File "/home/airflow/.local/lib/python3.10/site-packages/airflow/models/dagbag.py", line 344, in parse
    loader.exec_module(new_module)
  File "/opt/airflow/dags/sus_pipeline.py", line 5, in <module>
    import pandas as pd
  File "/home/airflow/.local/lib/python3.10/site-packages/pandas/__init__.py", line 26, in <module>
    from pandas.compat import (
  File "/home/airflow/.local/lib/python3.10/site-packages/pandas/compat/__init__.py", line 29, in <module>
    from pandas.compat.pyarrow import (
  File "/home/airflow/.local/lib/python3.10/site-packages/pandas/compat/pyarrow.py", line 8, in <module>
    import pyarrow as pa
  File "/home/airflow/.local/lib/python3.10/site-packages/pyarrow/__init__.py", line 65, in <module>
    import pyarrow.lib as _lib
[2026-04-29T13:34:39.712+0000] {logging_mixin.py:188} WARNING - AttributeError: _ARRAY_API not found
[2026-04-29T13:34:39.750+0000] {logging_mixin.py:188} WARNING - 
A module that was compiled using NumPy 1.x cannot be run in
NumPy 2.2.6 as it may crash. To support both 1.x and 2.x
versions of NumPy, modules must be compiled with NumPy 2.0.
Some module may need to rebuild instead e.g. with 'pybind11>=2.12'.

If you are a user of the module, the easiest solution will be to
downgrade to 'numpy<2' or try to upgrade the affected module.
We expect that some modules will need time to support NumPy 2.

Traceback (most recent call last):  File "/home/airflow/.local/bin/airflow", line 8, in <module>
    sys.exit(main())
  File "/home/airflow/.local/lib/python3.10/site-packages/airflow/__main__.py", line 57, in main
    args.func(args)
  File "/home/airflow/.local/lib/python3.10/site-packages/airflow/cli/cli_config.py", line 49, in command
    return func(*args, **kwargs)
  File "/home/airflow/.local/lib/python3.10/site-packages/airflow/utils/cli.py", line 114, in wrapper
    return f(*args, **kwargs)
  File "/home/airflow/.local/lib/python3.10/site-packages/airflow/utils/providers_configuration_loader.py", line 55, in wrapped_function
    return func(*args, **kwargs)
  File "/home/airflow/.local/lib/python3.10/site-packages/airflow/cli/commands/scheduler_command.py", line 67, in scheduler
    run_command_with_daemon_option(
  File "/home/airflow/.local/lib/python3.10/site-packages/airflow/cli/commands/daemon_utils.py", line 86, in run_command_with_daemon_option
    callback()
  File "/home/airflow/.local/lib/python3.10/site-packages/airflow/cli/commands/scheduler_command.py", line 70, in <lambda>
    callback=lambda: _run_scheduler_job(args),
  File "/home/airflow/.local/lib/python3.10/site-packages/airflow/cli/commands/scheduler_command.py", line 52, in _run_scheduler_job
    run_job(job=job_runner.job, execute_callable=job_runner._execute)
  File "/home/airflow/.local/lib/python3.10/site-packages/airflow/utils/session.py", line 79, in wrapper
    return func(*args, session=session, **kwargs)
  File "/home/airflow/.local/lib/python3.10/site-packages/airflow/jobs/job.py", line 393, in run_job
    return execute_job(job, execute_callable=execute_callable)
  File "/home/airflow/.local/lib/python3.10/site-packages/airflow/jobs/job.py", line 422, in execute_job
    ret = execute_callable()
  File "/home/airflow/.local/lib/python3.10/site-packages/airflow/jobs/scheduler_job_runner.py", line 851, in _execute
    self.processor_agent.start()
  File "/home/airflow/.local/lib/python3.10/site-packages/airflow/dag_processing/manager.py", line 167, in start
    process.start()
  File "/usr/local/lib/python3.10/multiprocessing/process.py", line 121, in start
    self._popen = self._Popen(self)
  File "/usr/local/lib/python3.10/multiprocessing/context.py", line 281, in _Popen
    return Popen(process_obj)
  File "/usr/local/lib/python3.10/multiprocessing/popen_fork.py", line 19, in __init__
    self._launch(process_obj)
  File "/usr/local/lib/python3.10/multiprocessing/popen_fork.py", line 71, in _launch
    code = process_obj._bootstrap(parent_sentinel=child_r)
  File "/usr/local/lib/python3.10/multiprocessing/process.py", line 314, in _bootstrap
    self.run()
  File "/usr/local/lib/python3.10/multiprocessing/process.py", line 108, in run
    self._target(*self._args, **self._kwargs)
  File "/home/airflow/.local/lib/python3.10/site-packages/airflow/dag_processing/manager.py", line 240, in _run_processor_manager
    processor_manager.start()
  File "/home/airflow/.local/lib/python3.10/site-packages/airflow/dag_processing/manager.py", line 475, in start
    return self._run_parsing_loop()
  File "/home/airflow/.local/lib/python3.10/site-packages/airflow/dag_processing/manager.py", line 618, in _run_parsing_loop
    self.start_new_processes()
  File "/home/airflow/.local/lib/python3.10/site-packages/airflow/dag_processing/manager.py", line 1088, in start_new_processes
    processor.start()
  File "/home/airflow/.local/lib/python3.10/site-packages/airflow/dag_processing/processor.py", line 238, in start
    process.start()
  File "/usr/local/lib/python3.10/multiprocessing/process.py", line 121, in start
    self._popen = self._Popen(self)
  File "/usr/local/lib/python3.10/multiprocessing/context.py", line 281, in _Popen
    return Popen(process_obj)
  File "/usr/local/lib/python3.10/multiprocessing/popen_fork.py", line 19, in __init__
    self._launch(process_obj)
  File "/usr/local/lib/python3.10/multiprocessing/popen_fork.py", line 71, in _launch
    code = process_obj._bootstrap(parent_sentinel=child_r)
  File "/usr/local/lib/python3.10/multiprocessing/process.py", line 314, in _bootstrap
    self.run()
  File "/usr/local/lib/python3.10/multiprocessing/process.py", line 108, in run
    self._target(*self._args, **self._kwargs)
  File "/home/airflow/.local/lib/python3.10/site-packages/airflow/dag_processing/processor.py", line 182, in _run_file_processor
    _handle_dag_file_processing()
  File "/home/airflow/.local/lib/python3.10/site-packages/airflow/dag_processing/processor.py", line 163, in _handle_dag_file_processing
    result: tuple[int, int] = dag_file_processor.process_file(
  File "/home/airflow/.local/lib/python3.10/site-packages/airflow/utils/session.py", line 79, in wrapper
    return func(*args, session=session, **kwargs)
  File "/home/airflow/.local/lib/python3.10/site-packages/airflow/dag_processing/processor.py", line 833, in process_file
    dagbag = DagFileProcessor._get_dagbag(file_path)
  File "/home/airflow/.local/lib/python3.10/site-packages/airflow/dag_processing/processor.py", line 797, in _get_dagbag
    return DagBag(file_path, include_examples=False)
  File "/home/airflow/.local/lib/python3.10/site-packages/airflow/models/dagbag.py", line 143, in __init__
    self.collect_dags(
  File "/home/airflow/.local/lib/python3.10/site-packages/airflow/models/dagbag.py", line 552, in collect_dags
    found_dags = self.process_file(filepath, only_if_updated=only_if_updated, safe_mode=safe_mode)
  File "/home/airflow/.local/lib/python3.10/site-packages/airflow/models/dagbag.py", line 309, in process_file
    mods = self._load_modules_from_file(filepath, safe_mode)
  File "/home/airflow/.local/lib/python3.10/site-packages/airflow/models/dagbag.py", line 374, in _load_modules_from_file
    return parse(mod_name, filepath)
  File "/home/airflow/.local/lib/python3.10/site-packages/airflow/models/dagbag.py", line 344, in parse
    loader.exec_module(new_module)
  File "/opt/airflow/dags/sus_pipeline.py", line 5, in <module>
    import pandas as pd
  File "/home/airflow/.local/lib/python3.10/site-packages/pandas/__init__.py", line 49, in <module>
    from pandas.core.api import (
  File "/home/airflow/.local/lib/python3.10/site-packages/pandas/core/api.py", line 9, in <module>
    from pandas.core.dtypes.dtypes import (
  File "/home/airflow/.local/lib/python3.10/site-packages/pandas/core/dtypes/dtypes.py", line 24, in <module>
    from pandas._libs import (
  File "/home/airflow/.local/lib/python3.10/site-packages/pyarrow/__init__.py", line 65, in <module>
    import pyarrow.lib as _lib
[2026-04-29T13:34:39.750+0000] {logging_mixin.py:188} WARNING - AttributeError: _ARRAY_API not found
[2026-04-29T13:34:39.894+0000] {logging_mixin.py:188} WARNING - 
A module that was compiled using NumPy 1.x cannot be run in
NumPy 2.2.6 as it may crash. To support both 1.x and 2.x
versions of NumPy, modules must be compiled with NumPy 2.0.
Some module may need to rebuild instead e.g. with 'pybind11>=2.12'.

If you are a user of the module, the easiest solution will be to
downgrade to 'numpy<2' or try to upgrade the affected module.
We expect that some modules will need time to support NumPy 2.

Traceback (most recent call last):  File "/home/airflow/.local/bin/airflow", line 8, in <module>
    sys.exit(main())
  File "/home/airflow/.local/lib/python3.10/site-packages/airflow/__main__.py", line 57, in main
    args.func(args)
  File "/home/airflow/.local/lib/python3.10/site-packages/airflow/cli/cli_config.py", line 49, in command
    return func(*args, **kwargs)
  File "/home/airflow/.local/lib/python3.10/site-packages/airflow/utils/cli.py", line 114, in wrapper
    return f(*args, **kwargs)
  File "/home/airflow/.local/lib/python3.10/site-packages/airflow/utils/providers_configuration_loader.py", line 55, in wrapped_function
    return func(*args, **kwargs)
  File "/home/airflow/.local/lib/python3.10/site-packages/airflow/cli/commands/scheduler_command.py", line 67, in scheduler
    run_command_with_daemon_option(
  File "/home/airflow/.local/lib/python3.10/site-packages/airflow/cli/commands/daemon_utils.py", line 86, in run_command_with_daemon_option
    callback()
  File "/home/airflow/.local/lib/python3.10/site-packages/airflow/cli/commands/scheduler_command.py", line 70, in <lambda>
    callback=lambda: _run_scheduler_job(args),
  File "/home/airflow/.local/lib/python3.10/site-packages/airflow/cli/commands/scheduler_command.py", line 52, in _run_scheduler_job
    run_job(job=job_runner.job, execute_callable=job_runner._execute)
  File "/home/airflow/.local/lib/python3.10/site-packages/airflow/utils/session.py", line 79, in wrapper
    return func(*args, session=session, **kwargs)
  File "/home/airflow/.local/lib/python3.10/site-packages/airflow/jobs/job.py", line 393, in run_job
    return execute_job(job, execute_callable=execute_callable)
  File "/home/airflow/.local/lib/python3.10/site-packages/airflow/jobs/job.py", line 422, in execute_job
    ret = execute_callable()
  File "/home/airflow/.local/lib/python3.10/site-packages/airflow/jobs/scheduler_job_runner.py", line 851, in _execute
    self.processor_agent.start()
  File "/home/airflow/.local/lib/python3.10/site-packages/airflow/dag_processing/manager.py", line 167, in start
    process.start()
  File "/usr/local/lib/python3.10/multiprocessing/process.py", line 121, in start
    self._popen = self._Popen(self)
  File "/usr/local/lib/python3.10/multiprocessing/context.py", line 281, in _Popen
    return Popen(process_obj)
  File "/usr/local/lib/python3.10/multiprocessing/popen_fork.py", line 19, in __init__
    self._launch(process_obj)
  File "/usr/local/lib/python3.10/multiprocessing/popen_fork.py", line 71, in _launch
    code = process_obj._bootstrap(parent_sentinel=child_r)
  File "/usr/local/lib/python3.10/multiprocessing/process.py", line 314, in _bootstrap
    self.run()
  File "/usr/local/lib/python3.10/multiprocessing/process.py", line 108, in run
    self._target(*self._args, **self._kwargs)
  File "/home/airflow/.local/lib/python3.10/site-packages/airflow/dag_processing/manager.py", line 240, in _run_processor_manager
    processor_manager.start()
  File "/home/airflow/.local/lib/python3.10/site-packages/airflow/dag_processing/manager.py", line 475, in start
    return self._run_parsing_loop()
  File "/home/airflow/.local/lib/python3.10/site-packages/airflow/dag_processing/manager.py", line 618, in _run_parsing_loop
    self.start_new_processes()
  File "/home/airflow/.local/lib/python3.10/site-packages/airflow/dag_processing/manager.py", line 1088, in start_new_processes
    processor.start()
  File "/home/airflow/.local/lib/python3.10/site-packages/airflow/dag_processing/processor.py", line 238, in start
    process.start()
  File "/usr/local/lib/python3.10/multiprocessing/process.py", line 121, in start
    self._popen = self._Popen(self)
  File "/usr/local/lib/python3.10/multiprocessing/context.py", line 281, in _Popen
    return Popen(process_obj)
  File "/usr/local/lib/python3.10/multiprocessing/popen_fork.py", line 19, in __init__
    self._launch(process_obj)
  File "/usr/local/lib/python3.10/multiprocessing/popen_fork.py", line 71, in _launch
    code = process_obj._bootstrap(parent_sentinel=child_r)
  File "/usr/local/lib/python3.10/multiprocessing/process.py", line 314, in _bootstrap
    self.run()
  File "/usr/local/lib/python3.10/multiprocessing/process.py", line 108, in run
    self._target(*self._args, **self._kwargs)
  File "/home/airflow/.local/lib/python3.10/site-packages/airflow/dag_processing/processor.py", line 182, in _run_file_processor
    _handle_dag_file_processing()
  File "/home/airflow/.local/lib/python3.10/site-packages/airflow/dag_processing/processor.py", line 163, in _handle_dag_file_processing
    result: tuple[int, int] = dag_file_processor.process_file(
  File "/home/airflow/.local/lib/python3.10/site-packages/airflow/utils/session.py", line 79, in wrapper
    return func(*args, session=session, **kwargs)
  File "/home/airflow/.local/lib/python3.10/site-packages/airflow/dag_processing/processor.py", line 833, in process_file
    dagbag = DagFileProcessor._get_dagbag(file_path)
  File "/home/airflow/.local/lib/python3.10/site-packages/airflow/dag_processing/processor.py", line 797, in _get_dagbag
    return DagBag(file_path, include_examples=False)
  File "/home/airflow/.local/lib/python3.10/site-packages/airflow/models/dagbag.py", line 143, in __init__
    self.collect_dags(
  File "/home/airflow/.local/lib/python3.10/site-packages/airflow/models/dagbag.py", line 552, in collect_dags
    found_dags = self.process_file(filepath, only_if_updated=only_if_updated, safe_mode=safe_mode)
  File "/home/airflow/.local/lib/python3.10/site-packages/airflow/models/dagbag.py", line 309, in process_file
    mods = self._load_modules_from_file(filepath, safe_mode)
  File "/home/airflow/.local/lib/python3.10/site-packages/airflow/models/dagbag.py", line 374, in _load_modules_from_file
    return parse(mod_name, filepath)
  File "/home/airflow/.local/lib/python3.10/site-packages/airflow/models/dagbag.py", line 344, in parse
    loader.exec_module(new_module)
  File "/opt/airflow/dags/sus_pipeline.py", line 6, in <module>
    from pysus.online_data.SIH import download, SIH
  File "/home/airflow/.local/lib/python3.10/site-packages/pysus/__init__.py", line 6, in <module>
    from pysus.ftp.databases import *  # noqa
  File "/home/airflow/.local/lib/python3.10/site-packages/pysus/ftp/__init__.py", line 25, in <module>
    from pysus.data.local import Data
  File "/home/airflow/.local/lib/python3.10/site-packages/pysus/data/__init__.py", line 7, in <module>
    import pyarrow as pa
  File "/home/airflow/.local/lib/python3.10/site-packages/pyarrow/__init__.py", line 65, in <module>
    import pyarrow.lib as _lib
[2026-04-29T13:34:39.894+0000] {logging_mixin.py:188} WARNING - AttributeError: _ARRAY_API not found
[2026-04-29T13:34:39.896+0000] {logging_mixin.py:188} INFO - [2026-04-29T13:34:39.894+0000] {dagbag.py:348} ERROR - Failed to import: /opt/airflow/dags/sus_pipeline.py
Traceback (most recent call last):
  File "/home/airflow/.local/lib/python3.10/site-packages/airflow/models/dagbag.py", line 344, in parse
    loader.exec_module(new_module)
  File "<frozen importlib._bootstrap_external>", line 883, in exec_module
  File "<frozen importlib._bootstrap>", line 241, in _call_with_frames_removed
  File "/opt/airflow/dags/sus_pipeline.py", line 6, in <module>
    from pysus.online_data.SIH import download, SIH
  File "/home/airflow/.local/lib/python3.10/site-packages/pysus/__init__.py", line 6, in <module>
    from pysus.ftp.databases import *  # noqa
  File "/home/airflow/.local/lib/python3.10/site-packages/pysus/ftp/__init__.py", line 25, in <module>
    from pysus.data.local import Data
  File "/home/airflow/.local/lib/python3.10/site-packages/pysus/data/__init__.py", line 7, in <module>
    import pyarrow as pa
  File "/home/airflow/.local/lib/python3.10/site-packages/pyarrow/__init__.py", line 65, in <module>
    import pyarrow.lib as _lib
  File "pyarrow/lib.pyx", line 36, in init pyarrow.lib
ImportError: numpy.core.multiarray failed to import
[2026-04-29T13:34:39.897+0000] {processor.py:842} WARNING - No viable dags retrieved from /opt/airflow/dags/sus_pipeline.py
[2026-04-29T13:34:39.931+0000] {processor.py:183} INFO - Processing /opt/airflow/dags/sus_pipeline.py took 0.312 seconds
[2026-04-29T13:38:00.883+0000] {processor.py:161} INFO - Started process (PID=160) to work on /opt/airflow/dags/sus_pipeline.py
[2026-04-29T13:38:00.894+0000] {processor.py:830} INFO - Processing file /opt/airflow/dags/sus_pipeline.py for tasks to queue
[2026-04-29T13:38:00.897+0000] {logging_mixin.py:188} INFO - [2026-04-29T13:38:00.896+0000] {dagbag.py:538} INFO - Filling up the DagBag from /opt/airflow/dags/sus_pipeline.py
[2026-04-29T13:38:10.144+0000] {processor.py:840} INFO - DAG(s) 'sus_pipeline' retrieved from /opt/airflow/dags/sus_pipeline.py
[2026-04-29T13:38:10.818+0000] {logging_mixin.py:188} INFO - [2026-04-29T13:38:10.817+0000] {dag.py:3036} INFO - Sync 1 DAGs
[2026-04-29T13:38:10.880+0000] {logging_mixin.py:188} INFO - [2026-04-29T13:38:10.879+0000] {dag.py:3823} INFO - Setting next_dagrun for sus_pipeline to 2026-04-01 00:00:00+00:00, run_after=2026-05-01 00:00:00+00:00
[2026-04-29T13:38:10.942+0000] {processor.py:183} INFO - Processing /opt/airflow/dags/sus_pipeline.py took 8.049 seconds
[2026-04-29T13:38:43.181+0000] {processor.py:161} INFO - Started process (PID=182) to work on /opt/airflow/dags/sus_pipeline.py
[2026-04-29T13:38:43.186+0000] {processor.py:830} INFO - Processing file /opt/airflow/dags/sus_pipeline.py for tasks to queue
[2026-04-29T13:38:43.187+0000] {logging_mixin.py:188} INFO - [2026-04-29T13:38:43.187+0000] {dagbag.py:538} INFO - Filling up the DagBag from /opt/airflow/dags/sus_pipeline.py
[2026-04-29T13:38:49.729+0000] {processor.py:840} INFO - DAG(s) 'sus_pipeline' retrieved from /opt/airflow/dags/sus_pipeline.py
[2026-04-29T13:38:49.943+0000] {logging_mixin.py:188} INFO - [2026-04-29T13:38:49.942+0000] {dag.py:3036} INFO - Sync 1 DAGs
[2026-04-29T13:38:50.043+0000] {logging_mixin.py:188} INFO - [2026-04-29T13:38:50.042+0000] {dag.py:3823} INFO - Setting next_dagrun for sus_pipeline to 2026-04-01 00:00:00+00:00, run_after=2026-05-01 00:00:00+00:00
[2026-04-29T13:38:50.111+0000] {processor.py:183} INFO - Processing /opt/airflow/dags/sus_pipeline.py took 6.939 seconds
[2026-04-29T13:39:20.391+0000] {processor.py:161} INFO - Started process (PID=190) to work on /opt/airflow/dags/sus_pipeline.py
[2026-04-29T13:39:20.392+0000] {processor.py:830} INFO - Processing file /opt/airflow/dags/sus_pipeline.py for tasks to queue
[2026-04-29T13:39:20.393+0000] {logging_mixin.py:188} INFO - [2026-04-29T13:39:20.393+0000] {dagbag.py:538} INFO - Filling up the DagBag from /opt/airflow/dags/sus_pipeline.py
[2026-04-29T13:39:23.375+0000] {processor.py:840} INFO - DAG(s) 'sus_pipeline' retrieved from /opt/airflow/dags/sus_pipeline.py
[2026-04-29T13:39:23.433+0000] {logging_mixin.py:188} INFO - [2026-04-29T13:39:23.432+0000] {dag.py:3036} INFO - Sync 1 DAGs
[2026-04-29T13:39:23.530+0000] {logging_mixin.py:188} INFO - [2026-04-29T13:39:23.530+0000] {dag.py:3823} INFO - Setting next_dagrun for sus_pipeline to 2026-04-01 00:00:00+00:00, run_after=2026-05-01 00:00:00+00:00
[2026-04-29T13:39:23.747+0000] {processor.py:183} INFO - Processing /opt/airflow/dags/sus_pipeline.py took 3.360 seconds
[2026-04-29T13:39:53.937+0000] {processor.py:161} INFO - Started process (PID=198) to work on /opt/airflow/dags/sus_pipeline.py
[2026-04-29T13:39:53.938+0000] {processor.py:830} INFO - Processing file /opt/airflow/dags/sus_pipeline.py for tasks to queue
[2026-04-29T13:39:53.939+0000] {logging_mixin.py:188} INFO - [2026-04-29T13:39:53.939+0000] {dagbag.py:538} INFO - Filling up the DagBag from /opt/airflow/dags/sus_pipeline.py
[2026-04-29T13:39:55.944+0000] {processor.py:840} INFO - DAG(s) 'sus_pipeline' retrieved from /opt/airflow/dags/sus_pipeline.py
[2026-04-29T13:39:55.961+0000] {logging_mixin.py:188} INFO - [2026-04-29T13:39:55.961+0000] {dag.py:3036} INFO - Sync 1 DAGs
[2026-04-29T13:39:55.977+0000] {logging_mixin.py:188} INFO - [2026-04-29T13:39:55.977+0000] {dag.py:3823} INFO - Setting next_dagrun for sus_pipeline to 2026-04-01 00:00:00+00:00, run_after=2026-05-01 00:00:00+00:00
[2026-04-29T13:39:55.990+0000] {processor.py:183} INFO - Processing /opt/airflow/dags/sus_pipeline.py took 2.057 seconds
[2026-04-29T13:40:26.338+0000] {processor.py:161} INFO - Started process (PID=206) to work on /opt/airflow/dags/sus_pipeline.py
[2026-04-29T13:40:26.341+0000] {processor.py:830} INFO - Processing file /opt/airflow/dags/sus_pipeline.py for tasks to queue
[2026-04-29T13:40:26.346+0000] {logging_mixin.py:188} INFO - [2026-04-29T13:40:26.344+0000] {dagbag.py:538} INFO - Filling up the DagBag from /opt/airflow/dags/sus_pipeline.py
[2026-04-29T13:40:28.681+0000] {processor.py:840} INFO - DAG(s) 'sus_pipeline' retrieved from /opt/airflow/dags/sus_pipeline.py
[2026-04-29T13:40:28.701+0000] {logging_mixin.py:188} INFO - [2026-04-29T13:40:28.701+0000] {dag.py:3036} INFO - Sync 1 DAGs
[2026-04-29T13:40:28.721+0000] {logging_mixin.py:188} INFO - [2026-04-29T13:40:28.721+0000] {dag.py:3823} INFO - Setting next_dagrun for sus_pipeline to 2026-04-01 00:00:00+00:00, run_after=2026-05-01 00:00:00+00:00
[2026-04-29T13:40:28.739+0000] {processor.py:183} INFO - Processing /opt/airflow/dags/sus_pipeline.py took 2.410 seconds
[2026-04-29T13:41:00.167+0000] {processor.py:161} INFO - Started process (PID=214) to work on /opt/airflow/dags/sus_pipeline.py
[2026-04-29T13:41:00.168+0000] {processor.py:830} INFO - Processing file /opt/airflow/dags/sus_pipeline.py for tasks to queue
[2026-04-29T13:41:00.170+0000] {logging_mixin.py:188} INFO - [2026-04-29T13:41:00.169+0000] {dagbag.py:538} INFO - Filling up the DagBag from /opt/airflow/dags/sus_pipeline.py
[2026-04-29T13:41:01.973+0000] {processor.py:840} INFO - DAG(s) 'sus_pipeline' retrieved from /opt/airflow/dags/sus_pipeline.py
[2026-04-29T13:41:01.994+0000] {logging_mixin.py:188} INFO - [2026-04-29T13:41:01.994+0000] {dag.py:3036} INFO - Sync 1 DAGs
[2026-04-29T13:41:02.008+0000] {logging_mixin.py:188} INFO - [2026-04-29T13:41:02.008+0000] {dag.py:3823} INFO - Setting next_dagrun for sus_pipeline to 2026-04-01 00:00:00+00:00, run_after=2026-05-01 00:00:00+00:00
[2026-04-29T13:41:02.027+0000] {processor.py:183} INFO - Processing /opt/airflow/dags/sus_pipeline.py took 1.864 seconds
[2026-04-29T13:41:34.325+0000] {processor.py:161} INFO - Started process (PID=222) to work on /opt/airflow/dags/sus_pipeline.py
[2026-04-29T13:41:34.327+0000] {processor.py:830} INFO - Processing file /opt/airflow/dags/sus_pipeline.py for tasks to queue
[2026-04-29T13:41:34.328+0000] {logging_mixin.py:188} INFO - [2026-04-29T13:41:34.327+0000] {dagbag.py:538} INFO - Filling up the DagBag from /opt/airflow/dags/sus_pipeline.py
[2026-04-29T13:41:36.186+0000] {processor.py:840} INFO - DAG(s) 'sus_pipeline' retrieved from /opt/airflow/dags/sus_pipeline.py
[2026-04-29T13:41:36.213+0000] {logging_mixin.py:188} INFO - [2026-04-29T13:41:36.212+0000] {dag.py:3036} INFO - Sync 1 DAGs
[2026-04-29T13:41:36.231+0000] {logging_mixin.py:188} INFO - [2026-04-29T13:41:36.231+0000] {dag.py:3823} INFO - Setting next_dagrun for sus_pipeline to 2026-04-01 00:00:00+00:00, run_after=2026-05-01 00:00:00+00:00
[2026-04-29T13:41:36.258+0000] {processor.py:183} INFO - Processing /opt/airflow/dags/sus_pipeline.py took 1.936 seconds
[2026-04-29T13:42:06.448+0000] {processor.py:161} INFO - Started process (PID=230) to work on /opt/airflow/dags/sus_pipeline.py
[2026-04-29T13:42:06.449+0000] {processor.py:830} INFO - Processing file /opt/airflow/dags/sus_pipeline.py for tasks to queue
[2026-04-29T13:42:06.451+0000] {logging_mixin.py:188} INFO - [2026-04-29T13:42:06.450+0000] {dagbag.py:538} INFO - Filling up the DagBag from /opt/airflow/dags/sus_pipeline.py
[2026-04-29T13:42:10.280+0000] {processor.py:840} INFO - DAG(s) 'sus_pipeline' retrieved from /opt/airflow/dags/sus_pipeline.py
[2026-04-29T13:42:10.303+0000] {logging_mixin.py:188} INFO - [2026-04-29T13:42:10.303+0000] {dag.py:3036} INFO - Sync 1 DAGs
[2026-04-29T13:42:10.322+0000] {logging_mixin.py:188} INFO - [2026-04-29T13:42:10.322+0000] {dag.py:3823} INFO - Setting next_dagrun for sus_pipeline to 2026-04-01 00:00:00+00:00, run_after=2026-05-01 00:00:00+00:00
[2026-04-29T13:42:10.494+0000] {processor.py:183} INFO - Processing /opt/airflow/dags/sus_pipeline.py took 2.005 seconds
[2026-04-29T13:42:40.659+0000] {processor.py:161} INFO - Started process (PID=238) to work on /opt/airflow/dags/sus_pipeline.py
[2026-04-29T13:42:40.660+0000] {processor.py:830} INFO - Processing file /opt/airflow/dags/sus_pipeline.py for tasks to queue
[2026-04-29T13:42:40.660+0000] {logging_mixin.py:188} INFO - [2026-04-29T13:42:40.660+0000] {dagbag.py:538} INFO - Filling up the DagBag from /opt/airflow/dags/sus_pipeline.py
[2026-04-29T13:42:44.616+0000] {processor.py:840} INFO - DAG(s) 'sus_pipeline' retrieved from /opt/airflow/dags/sus_pipeline.py
[2026-04-29T13:42:44.635+0000] {logging_mixin.py:188} INFO - [2026-04-29T13:42:44.634+0000] {dag.py:3036} INFO - Sync 1 DAGs
[2026-04-29T13:42:44.655+0000] {logging_mixin.py:188} INFO - [2026-04-29T13:42:44.655+0000] {dag.py:3823} INFO - Setting next_dagrun for sus_pipeline to 2026-04-01 00:00:00+00:00, run_after=2026-05-01 00:00:00+00:00
[2026-04-29T13:42:44.673+0000] {processor.py:183} INFO - Processing /opt/airflow/dags/sus_pipeline.py took 1.844 seconds
[2026-04-29T13:43:14.879+0000] {processor.py:161} INFO - Started process (PID=246) to work on /opt/airflow/dags/sus_pipeline.py
[2026-04-29T13:43:14.880+0000] {processor.py:830} INFO - Processing file /opt/airflow/dags/sus_pipeline.py for tasks to queue
[2026-04-29T13:43:14.881+0000] {logging_mixin.py:188} INFO - [2026-04-29T13:43:14.881+0000] {dagbag.py:538} INFO - Filling up the DagBag from /opt/airflow/dags/sus_pipeline.py
[2026-04-29T13:43:19.969+0000] {processor.py:840} INFO - DAG(s) 'sus_pipeline' retrieved from /opt/airflow/dags/sus_pipeline.py
[2026-04-29T13:43:20.079+0000] {logging_mixin.py:188} INFO - [2026-04-29T13:43:20.079+0000] {dag.py:3036} INFO - Sync 1 DAGs
[2026-04-29T13:43:20.133+0000] {logging_mixin.py:188} INFO - [2026-04-29T13:43:20.131+0000] {dag.py:3823} INFO - Setting next_dagrun for sus_pipeline to 2026-04-01 00:00:00+00:00, run_after=2026-05-01 00:00:00+00:00
[2026-04-29T13:43:20.169+0000] {processor.py:183} INFO - Processing /opt/airflow/dags/sus_pipeline.py took 5.293 seconds
[2026-04-29T13:43:50.312+0000] {processor.py:161} INFO - Started process (PID=254) to work on /opt/airflow/dags/sus_pipeline.py
[2026-04-29T13:43:50.313+0000] {processor.py:830} INFO - Processing file /opt/airflow/dags/sus_pipeline.py for tasks to queue
[2026-04-29T13:43:50.315+0000] {logging_mixin.py:188} INFO - [2026-04-29T13:43:50.314+0000] {dagbag.py:538} INFO - Filling up the DagBag from /opt/airflow/dags/sus_pipeline.py
[2026-04-29T13:43:52.642+0000] {processor.py:840} INFO - DAG(s) 'sus_pipeline' retrieved from /opt/airflow/dags/sus_pipeline.py
[2026-04-29T13:43:52.675+0000] {logging_mixin.py:188} INFO - [2026-04-29T13:43:52.674+0000] {dag.py:3036} INFO - Sync 1 DAGs
[2026-04-29T13:43:52.709+0000] {logging_mixin.py:188} INFO - [2026-04-29T13:43:52.708+0000] {dag.py:3823} INFO - Setting next_dagrun for sus_pipeline to 2026-04-01 00:00:00+00:00, run_after=2026-05-01 00:00:00+00:00
[2026-04-29T13:43:52.744+0000] {processor.py:183} INFO - Processing /opt/airflow/dags/sus_pipeline.py took 2.437 seconds
[2026-04-29T13:44:23.147+0000] {processor.py:161} INFO - Started process (PID=262) to work on /opt/airflow/dags/sus_pipeline.py
[2026-04-29T13:44:23.148+0000] {processor.py:830} INFO - Processing file /opt/airflow/dags/sus_pipeline.py for tasks to queue
[2026-04-29T13:44:23.149+0000] {logging_mixin.py:188} INFO - [2026-04-29T13:44:23.149+0000] {dagbag.py:538} INFO - Filling up the DagBag from /opt/airflow/dags/sus_pipeline.py
[2026-04-29T13:44:24.842+0000] {processor.py:840} INFO - DAG(s) 'sus_pipeline' retrieved from /opt/airflow/dags/sus_pipeline.py
[2026-04-29T13:44:24.862+0000] {logging_mixin.py:188} INFO - [2026-04-29T13:44:24.862+0000] {dag.py:3036} INFO - Sync 1 DAGs
[2026-04-29T13:44:24.876+0000] {logging_mixin.py:188} INFO - [2026-04-29T13:44:24.876+0000] {dag.py:3823} INFO - Setting next_dagrun for sus_pipeline to 2026-04-01 00:00:00+00:00, run_after=2026-05-01 00:00:00+00:00
[2026-04-29T13:44:24.899+0000] {processor.py:183} INFO - Processing /opt/airflow/dags/sus_pipeline.py took 1.756 seconds
[2026-04-29T13:44:54.998+0000] {processor.py:161} INFO - Started process (PID=270) to work on /opt/airflow/dags/sus_pipeline.py
[2026-04-29T13:44:55.001+0000] {processor.py:830} INFO - Processing file /opt/airflow/dags/sus_pipeline.py for tasks to queue
[2026-04-29T13:44:55.002+0000] {logging_mixin.py:188} INFO - [2026-04-29T13:44:55.001+0000] {dagbag.py:538} INFO - Filling up the DagBag from /opt/airflow/dags/sus_pipeline.py
[2026-04-29T13:44:56.799+0000] {processor.py:840} INFO - DAG(s) 'sus_pipeline' retrieved from /opt/airflow/dags/sus_pipeline.py
[2026-04-29T13:44:56.817+0000] {logging_mixin.py:188} INFO - [2026-04-29T13:44:56.816+0000] {dag.py:3036} INFO - Sync 1 DAGs
[2026-04-29T13:44:56.831+0000] {logging_mixin.py:188} INFO - [2026-04-29T13:44:56.831+0000] {dag.py:3823} INFO - Setting next_dagrun for sus_pipeline to 2026-04-01 00:00:00+00:00, run_after=2026-05-01 00:00:00+00:00
[2026-04-29T13:44:56.991+0000] {processor.py:183} INFO - Processing /opt/airflow/dags/sus_pipeline.py took 2.004 seconds
[2026-04-29T13:45:27.289+0000] {processor.py:161} INFO - Started process (PID=278) to work on /opt/airflow/dags/sus_pipeline.py
[2026-04-29T13:45:27.290+0000] {processor.py:830} INFO - Processing file /opt/airflow/dags/sus_pipeline.py for tasks to queue
[2026-04-29T13:45:27.291+0000] {logging_mixin.py:188} INFO - [2026-04-29T13:45:27.290+0000] {dagbag.py:538} INFO - Filling up the DagBag from /opt/airflow/dags/sus_pipeline.py
[2026-04-29T13:45:29.121+0000] {processor.py:840} INFO - DAG(s) 'sus_pipeline' retrieved from /opt/airflow/dags/sus_pipeline.py
[2026-04-29T13:45:29.144+0000] {logging_mixin.py:188} INFO - [2026-04-29T13:45:29.143+0000] {dag.py:3036} INFO - Sync 1 DAGs
[2026-04-29T13:45:29.288+0000] {logging_mixin.py:188} INFO - [2026-04-29T13:45:29.288+0000] {dag.py:3823} INFO - Setting next_dagrun for sus_pipeline to 2026-04-01 00:00:00+00:00, run_after=2026-05-01 00:00:00+00:00
[2026-04-29T13:45:29.312+0000] {processor.py:183} INFO - Processing /opt/airflow/dags/sus_pipeline.py took 2.025 seconds
[2026-04-29T13:45:59.614+0000] {processor.py:161} INFO - Started process (PID=286) to work on /opt/airflow/dags/sus_pipeline.py
[2026-04-29T13:45:59.616+0000] {processor.py:830} INFO - Processing file /opt/airflow/dags/sus_pipeline.py for tasks to queue
[2026-04-29T13:45:59.616+0000] {logging_mixin.py:188} INFO - [2026-04-29T13:45:59.616+0000] {dagbag.py:538} INFO - Filling up the DagBag from /opt/airflow/dags/sus_pipeline.py
[2026-04-29T13:46:01.304+0000] {processor.py:840} INFO - DAG(s) 'sus_pipeline' retrieved from /opt/airflow/dags/sus_pipeline.py
[2026-04-29T13:46:01.327+0000] {logging_mixin.py:188} INFO - [2026-04-29T13:46:01.326+0000] {dag.py:3036} INFO - Sync 1 DAGs
[2026-04-29T13:46:01.344+0000] {logging_mixin.py:188} INFO - [2026-04-29T13:46:01.343+0000] {dag.py:3823} INFO - Setting next_dagrun for sus_pipeline to 2026-04-01 00:00:00+00:00, run_after=2026-05-01 00:00:00+00:00
[2026-04-29T13:46:01.362+0000] {processor.py:183} INFO - Processing /opt/airflow/dags/sus_pipeline.py took 1.751 seconds
[2026-04-29T13:46:31.684+0000] {processor.py:161} INFO - Started process (PID=294) to work on /opt/airflow/dags/sus_pipeline.py
[2026-04-29T13:46:31.688+0000] {processor.py:830} INFO - Processing file /opt/airflow/dags/sus_pipeline.py for tasks to queue
[2026-04-29T13:46:31.689+0000] {logging_mixin.py:188} INFO - [2026-04-29T13:46:31.688+0000] {dagbag.py:538} INFO - Filling up the DagBag from /opt/airflow/dags/sus_pipeline.py
[2026-04-29T13:46:34.269+0000] {processor.py:840} INFO - DAG(s) 'sus_pipeline' retrieved from /opt/airflow/dags/sus_pipeline.py
[2026-04-29T13:46:34.305+0000] {logging_mixin.py:188} INFO - [2026-04-29T13:46:34.304+0000] {dag.py:3036} INFO - Sync 1 DAGs
[2026-04-29T13:46:34.340+0000] {logging_mixin.py:188} INFO - [2026-04-29T13:46:34.339+0000] {dag.py:3823} INFO - Setting next_dagrun for sus_pipeline to 2026-04-01 00:00:00+00:00, run_after=2026-05-01 00:00:00+00:00
[2026-04-29T13:46:34.375+0000] {processor.py:183} INFO - Processing /opt/airflow/dags/sus_pipeline.py took 2.697 seconds
[2026-04-29T13:47:04.703+0000] {processor.py:161} INFO - Started process (PID=302) to work on /opt/airflow/dags/sus_pipeline.py
[2026-04-29T13:47:04.704+0000] {processor.py:830} INFO - Processing file /opt/airflow/dags/sus_pipeline.py for tasks to queue
[2026-04-29T13:47:04.704+0000] {logging_mixin.py:188} INFO - [2026-04-29T13:47:04.704+0000] {dagbag.py:538} INFO - Filling up the DagBag from /opt/airflow/dags/sus_pipeline.py
[2026-04-29T13:47:06.504+0000] {processor.py:840} INFO - DAG(s) 'sus_pipeline' retrieved from /opt/airflow/dags/sus_pipeline.py
[2026-04-29T13:47:06.524+0000] {logging_mixin.py:188} INFO - [2026-04-29T13:47:06.524+0000] {dag.py:3036} INFO - Sync 1 DAGs
[2026-04-29T13:47:06.544+0000] {logging_mixin.py:188} INFO - [2026-04-29T13:47:06.544+0000] {dag.py:3823} INFO - Setting next_dagrun for sus_pipeline to 2026-04-01 00:00:00+00:00, run_after=2026-05-01 00:00:00+00:00
[2026-04-29T13:47:06.562+0000] {processor.py:183} INFO - Processing /opt/airflow/dags/sus_pipeline.py took 1.862 seconds
[2026-04-29T13:47:36.713+0000] {processor.py:161} INFO - Started process (PID=310) to work on /opt/airflow/dags/sus_pipeline.py
[2026-04-29T13:47:36.714+0000] {processor.py:830} INFO - Processing file /opt/airflow/dags/sus_pipeline.py for tasks to queue
[2026-04-29T13:47:36.715+0000] {logging_mixin.py:188} INFO - [2026-04-29T13:47:36.715+0000] {dagbag.py:538} INFO - Filling up the DagBag from /opt/airflow/dags/sus_pipeline.py
[2026-04-29T13:47:38.788+0000] {processor.py:840} INFO - DAG(s) 'sus_pipeline' retrieved from /opt/airflow/dags/sus_pipeline.py
[2026-04-29T13:47:38.825+0000] {logging_mixin.py:188} INFO - [2026-04-29T13:47:38.825+0000] {dag.py:3036} INFO - Sync 1 DAGs
[2026-04-29T13:47:38.860+0000] {logging_mixin.py:188} INFO - [2026-04-29T13:47:38.860+0000] {dag.py:3823} INFO - Setting next_dagrun for sus_pipeline to 2026-04-01 00:00:00+00:00, run_after=2026-05-01 00:00:00+00:00
[2026-04-29T13:47:39.160+0000] {processor.py:183} INFO - Processing /opt/airflow/dags/sus_pipeline.py took 2.450 seconds
[2026-04-29T13:48:09.555+0000] {processor.py:161} INFO - Started process (PID=318) to work on /opt/airflow/dags/sus_pipeline.py
[2026-04-29T13:48:09.557+0000] {processor.py:830} INFO - Processing file /opt/airflow/dags/sus_pipeline.py for tasks to queue
[2026-04-29T13:48:09.558+0000] {logging_mixin.py:188} INFO - [2026-04-29T13:48:09.558+0000] {dagbag.py:538} INFO - Filling up the DagBag from /opt/airflow/dags/sus_pipeline.py
[2026-04-29T13:48:11.424+0000] {processor.py:840} INFO - DAG(s) 'sus_pipeline' retrieved from /opt/airflow/dags/sus_pipeline.py
[2026-04-29T13:48:11.454+0000] {logging_mixin.py:188} INFO - [2026-04-29T13:48:11.453+0000] {dag.py:3036} INFO - Sync 1 DAGs
[2026-04-29T13:48:11.630+0000] {logging_mixin.py:188} INFO - [2026-04-29T13:48:11.629+0000] {dag.py:3823} INFO - Setting next_dagrun for sus_pipeline to 2026-04-01 00:00:00+00:00, run_after=2026-05-01 00:00:00+00:00
[2026-04-29T13:48:11.652+0000] {processor.py:183} INFO - Processing /opt/airflow/dags/sus_pipeline.py took 2.105 seconds
[2026-04-29T13:48:43.941+0000] {processor.py:161} INFO - Started process (PID=326) to work on /opt/airflow/dags/sus_pipeline.py
[2026-04-29T13:48:43.943+0000] {processor.py:830} INFO - Processing file /opt/airflow/dags/sus_pipeline.py for tasks to queue
[2026-04-29T13:48:43.943+0000] {logging_mixin.py:188} INFO - [2026-04-29T13:48:43.943+0000] {dagbag.py:538} INFO - Filling up the DagBag from /opt/airflow/dags/sus_pipeline.py
[2026-04-29T13:48:46.172+0000] {processor.py:840} INFO - DAG(s) 'sus_pipeline' retrieved from /opt/airflow/dags/sus_pipeline.py
[2026-04-29T13:48:46.203+0000] {logging_mixin.py:188} INFO - [2026-04-29T13:48:46.203+0000] {dag.py:3036} INFO - Sync 1 DAGs
[2026-04-29T13:48:46.228+0000] {logging_mixin.py:188} INFO - [2026-04-29T13:48:46.228+0000] {dag.py:3823} INFO - Setting next_dagrun for sus_pipeline to 2026-04-01 00:00:00+00:00, run_after=2026-05-01 00:00:00+00:00
[2026-04-29T13:48:46.250+0000] {processor.py:183} INFO - Processing /opt/airflow/dags/sus_pipeline.py took 2.312 seconds
[2026-04-29T13:49:18.929+0000] {processor.py:161} INFO - Started process (PID=340) to work on /opt/airflow/dags/sus_pipeline.py
[2026-04-29T13:49:18.975+0000] {processor.py:830} INFO - Processing file /opt/airflow/dags/sus_pipeline.py for tasks to queue
[2026-04-29T13:49:18.983+0000] {logging_mixin.py:188} INFO - [2026-04-29T13:49:18.981+0000] {dagbag.py:538} INFO - Filling up the DagBag from /opt/airflow/dags/sus_pipeline.py
[2026-04-29T13:49:29.048+0000] {processor.py:840} INFO - DAG(s) 'sus_pipeline' retrieved from /opt/airflow/dags/sus_pipeline.py
[2026-04-29T13:49:29.138+0000] {logging_mixin.py:188} INFO - [2026-04-29T13:49:29.137+0000] {dag.py:3036} INFO - Sync 1 DAGs
[2026-04-29T13:49:29.192+0000] {logging_mixin.py:188} INFO - [2026-04-29T13:49:29.191+0000] {dag.py:3823} INFO - Setting next_dagrun for sus_pipeline to 2026-04-01 00:00:00+00:00, run_after=2026-05-01 00:00:00+00:00
[2026-04-29T13:49:29.261+0000] {processor.py:183} INFO - Processing /opt/airflow/dags/sus_pipeline.py took 10.463 seconds
[2026-04-29T13:49:59.535+0000] {processor.py:161} INFO - Started process (PID=358) to work on /opt/airflow/dags/sus_pipeline.py
[2026-04-29T13:49:59.548+0000] {processor.py:830} INFO - Processing file /opt/airflow/dags/sus_pipeline.py for tasks to queue
[2026-04-29T13:49:59.558+0000] {logging_mixin.py:188} INFO - [2026-04-29T13:49:59.554+0000] {dagbag.py:538} INFO - Filling up the DagBag from /opt/airflow/dags/sus_pipeline.py
[2026-04-29T13:50:04.095+0000] {processor.py:840} INFO - DAG(s) 'sus_pipeline' retrieved from /opt/airflow/dags/sus_pipeline.py
[2026-04-29T13:50:04.199+0000] {logging_mixin.py:188} INFO - [2026-04-29T13:50:04.197+0000] {dag.py:3036} INFO - Sync 1 DAGs
[2026-04-29T13:50:04.230+0000] {logging_mixin.py:188} INFO - [2026-04-29T13:50:04.230+0000] {dag.py:3823} INFO - Setting next_dagrun for sus_pipeline to 2026-04-01 00:00:00+00:00, run_after=2026-05-01 00:00:00+00:00
[2026-04-29T13:50:04.258+0000] {processor.py:183} INFO - Processing /opt/airflow/dags/sus_pipeline.py took 4.805 seconds
[2026-04-29T13:50:34.540+0000] {processor.py:161} INFO - Started process (PID=394) to work on /opt/airflow/dags/sus_pipeline.py
[2026-04-29T13:50:34.554+0000] {processor.py:830} INFO - Processing file /opt/airflow/dags/sus_pipeline.py for tasks to queue
[2026-04-29T13:50:34.556+0000] {logging_mixin.py:188} INFO - [2026-04-29T13:50:34.556+0000] {dagbag.py:538} INFO - Filling up the DagBag from /opt/airflow/dags/sus_pipeline.py
[2026-04-29T13:50:39.449+0000] {processor.py:840} INFO - DAG(s) 'sus_pipeline' retrieved from /opt/airflow/dags/sus_pipeline.py
[2026-04-29T13:50:39.570+0000] {logging_mixin.py:188} INFO - [2026-04-29T13:50:39.569+0000] {dag.py:3036} INFO - Sync 1 DAGs
[2026-04-29T13:50:39.809+0000] {logging_mixin.py:188} INFO - [2026-04-29T13:50:39.809+0000] {dag.py:3823} INFO - Setting next_dagrun for sus_pipeline to 2026-04-01 00:00:00+00:00, run_after=2026-05-01 00:00:00+00:00
[2026-04-29T13:50:39.874+0000] {processor.py:183} INFO - Processing /opt/airflow/dags/sus_pipeline.py took 5.344 seconds
[2026-04-29T13:51:10.237+0000] {processor.py:161} INFO - Started process (PID=426) to work on /opt/airflow/dags/sus_pipeline.py
[2026-04-29T13:51:10.241+0000] {processor.py:830} INFO - Processing file /opt/airflow/dags/sus_pipeline.py for tasks to queue
[2026-04-29T13:51:10.244+0000] {logging_mixin.py:188} INFO - [2026-04-29T13:51:10.242+0000] {dagbag.py:538} INFO - Filling up the DagBag from /opt/airflow/dags/sus_pipeline.py
[2026-04-29T13:51:14.484+0000] {processor.py:840} INFO - DAG(s) 'sus_pipeline' retrieved from /opt/airflow/dags/sus_pipeline.py
[2026-04-29T13:51:14.990+0000] {logging_mixin.py:188} INFO - [2026-04-29T13:51:14.988+0000] {dag.py:3036} INFO - Sync 1 DAGs
[2026-04-29T13:51:15.894+0000] {logging_mixin.py:188} INFO - [2026-04-29T13:51:15.894+0000] {dag.py:3823} INFO - Setting next_dagrun for sus_pipeline to 2026-04-01 00:00:00+00:00, run_after=2026-05-01 00:00:00+00:00
[2026-04-29T13:51:15.981+0000] {processor.py:183} INFO - Processing /opt/airflow/dags/sus_pipeline.py took 5.761 seconds
[2026-04-29T13:51:46.341+0000] {processor.py:161} INFO - Started process (PID=460) to work on /opt/airflow/dags/sus_pipeline.py
[2026-04-29T13:51:46.342+0000] {processor.py:830} INFO - Processing file /opt/airflow/dags/sus_pipeline.py for tasks to queue
[2026-04-29T13:51:46.344+0000] {logging_mixin.py:188} INFO - [2026-04-29T13:51:46.344+0000] {dagbag.py:538} INFO - Filling up the DagBag from /opt/airflow/dags/sus_pipeline.py
[2026-04-29T13:51:48.268+0000] {processor.py:840} INFO - DAG(s) 'sus_pipeline' retrieved from /opt/airflow/dags/sus_pipeline.py
[2026-04-29T13:51:48.295+0000] {logging_mixin.py:188} INFO - [2026-04-29T13:51:48.294+0000] {dag.py:3036} INFO - Sync 1 DAGs
[2026-04-29T13:51:48.317+0000] {logging_mixin.py:188} INFO - [2026-04-29T13:51:48.316+0000] {dag.py:3823} INFO - Setting next_dagrun for sus_pipeline to 2026-04-01 00:00:00+00:00, run_after=2026-05-01 00:00:00+00:00
[2026-04-29T13:51:48.350+0000] {processor.py:183} INFO - Processing /opt/airflow/dags/sus_pipeline.py took 2.019 seconds
[2026-04-29T13:52:18.513+0000] {processor.py:161} INFO - Started process (PID=468) to work on /opt/airflow/dags/sus_pipeline.py
[2026-04-29T13:52:18.515+0000] {processor.py:830} INFO - Processing file /opt/airflow/dags/sus_pipeline.py for tasks to queue
[2026-04-29T13:52:18.517+0000] {logging_mixin.py:188} INFO - [2026-04-29T13:52:18.517+0000] {dagbag.py:538} INFO - Filling up the DagBag from /opt/airflow/dags/sus_pipeline.py
[2026-04-29T13:52:20.434+0000] {processor.py:840} INFO - DAG(s) 'sus_pipeline' retrieved from /opt/airflow/dags/sus_pipeline.py
[2026-04-29T13:52:20.459+0000] {logging_mixin.py:188} INFO - [2026-04-29T13:52:20.458+0000] {dag.py:3036} INFO - Sync 1 DAGs
[2026-04-29T13:52:20.480+0000] {logging_mixin.py:188} INFO - [2026-04-29T13:52:20.480+0000] {dag.py:3823} INFO - Setting next_dagrun for sus_pipeline to 2026-04-01 00:00:00+00:00, run_after=2026-05-01 00:00:00+00:00
[2026-04-29T13:52:20.504+0000] {processor.py:183} INFO - Processing /opt/airflow/dags/sus_pipeline.py took 1.994 seconds
[2026-04-29T13:52:51.205+0000] {processor.py:161} INFO - Started process (PID=476) to work on /opt/airflow/dags/sus_pipeline.py
[2026-04-29T13:52:51.205+0000] {processor.py:830} INFO - Processing file /opt/airflow/dags/sus_pipeline.py for tasks to queue
[2026-04-29T13:52:51.206+0000] {logging_mixin.py:188} INFO - [2026-04-29T13:52:51.206+0000] {dagbag.py:538} INFO - Filling up the DagBag from /opt/airflow/dags/sus_pipeline.py
[2026-04-29T13:52:52.979+0000] {processor.py:840} INFO - DAG(s) 'sus_pipeline' retrieved from /opt/airflow/dags/sus_pipeline.py
[2026-04-29T13:52:53.001+0000] {logging_mixin.py:188} INFO - [2026-04-29T13:52:53.001+0000] {dag.py:3036} INFO - Sync 1 DAGs
[2026-04-29T13:52:53.017+0000] {logging_mixin.py:188} INFO - [2026-04-29T13:52:53.017+0000] {dag.py:3823} INFO - Setting next_dagrun for sus_pipeline to 2026-04-01 00:00:00+00:00, run_after=2026-05-01 00:00:00+00:00
[2026-04-29T13:52:53.187+0000] {processor.py:183} INFO - Processing /opt/airflow/dags/sus_pipeline.py took 1.985 seconds
[2026-04-29T13:53:23.834+0000] {processor.py:161} INFO - Started process (PID=484) to work on /opt/airflow/dags/sus_pipeline.py
[2026-04-29T13:53:23.835+0000] {processor.py:830} INFO - Processing file /opt/airflow/dags/sus_pipeline.py for tasks to queue
[2026-04-29T13:53:23.837+0000] {logging_mixin.py:188} INFO - [2026-04-29T13:53:23.837+0000] {dagbag.py:538} INFO - Filling up the DagBag from /opt/airflow/dags/sus_pipeline.py
[2026-04-29T13:53:25.539+0000] {processor.py:840} INFO - DAG(s) 'sus_pipeline' retrieved from /opt/airflow/dags/sus_pipeline.py
[2026-04-29T13:53:25.563+0000] {logging_mixin.py:188} INFO - [2026-04-29T13:53:25.563+0000] {dag.py:3036} INFO - Sync 1 DAGs
[2026-04-29T13:53:25.741+0000] {logging_mixin.py:188} INFO - [2026-04-29T13:53:25.741+0000] {dag.py:3823} INFO - Setting next_dagrun for sus_pipeline to 2026-04-01 00:00:00+00:00, run_after=2026-05-01 00:00:00+00:00
[2026-04-29T13:53:25.774+0000] {processor.py:183} INFO - Processing /opt/airflow/dags/sus_pipeline.py took 1.944 seconds
[2026-04-29T13:53:56.365+0000] {processor.py:161} INFO - Started process (PID=492) to work on /opt/airflow/dags/sus_pipeline.py
[2026-04-29T13:53:56.366+0000] {processor.py:830} INFO - Processing file /opt/airflow/dags/sus_pipeline.py for tasks to queue
[2026-04-29T13:53:56.367+0000] {logging_mixin.py:188} INFO - [2026-04-29T13:53:56.366+0000] {dagbag.py:538} INFO - Filling up the DagBag from /opt/airflow/dags/sus_pipeline.py
[2026-04-29T13:53:58.316+0000] {processor.py:840} INFO - DAG(s) 'sus_pipeline' retrieved from /opt/airflow/dags/sus_pipeline.py
[2026-04-29T13:53:58.337+0000] {logging_mixin.py:188} INFO - [2026-04-29T13:53:58.337+0000] {dag.py:3036} INFO - Sync 1 DAGs
[2026-04-29T13:53:58.502+0000] {logging_mixin.py:188} INFO - [2026-04-29T13:53:58.501+0000] {dag.py:3823} INFO - Setting next_dagrun for sus_pipeline to 2026-04-01 00:00:00+00:00, run_after=2026-05-01 00:00:00+00:00
[2026-04-29T13:53:58.520+0000] {processor.py:183} INFO - Processing /opt/airflow/dags/sus_pipeline.py took 2.159 seconds
[2026-04-29T13:54:29.957+0000] {processor.py:161} INFO - Started process (PID=500) to work on /opt/airflow/dags/sus_pipeline.py
[2026-04-29T13:54:29.958+0000] {processor.py:830} INFO - Processing file /opt/airflow/dags/sus_pipeline.py for tasks to queue
[2026-04-29T13:54:29.959+0000] {logging_mixin.py:188} INFO - [2026-04-29T13:54:29.958+0000] {dagbag.py:538} INFO - Filling up the DagBag from /opt/airflow/dags/sus_pipeline.py
[2026-04-29T13:54:31.883+0000] {processor.py:840} INFO - DAG(s) 'sus_pipeline' retrieved from /opt/airflow/dags/sus_pipeline.py
[2026-04-29T13:54:31.907+0000] {logging_mixin.py:188} INFO - [2026-04-29T13:54:31.906+0000] {dag.py:3036} INFO - Sync 1 DAGs
[2026-04-29T13:54:31.925+0000] {logging_mixin.py:188} INFO - [2026-04-29T13:54:31.925+0000] {dag.py:3823} INFO - Setting next_dagrun for sus_pipeline to 2026-04-01 00:00:00+00:00, run_after=2026-05-01 00:00:00+00:00
[2026-04-29T13:54:31.946+0000] {processor.py:183} INFO - Processing /opt/airflow/dags/sus_pipeline.py took 1.993 seconds
[2026-04-29T13:54:53.072+0000] {processor.py:161} INFO - Started process (PID=508) to work on /opt/airflow/dags/sus_pipeline.py
[2026-04-29T13:54:53.073+0000] {processor.py:830} INFO - Processing file /opt/airflow/dags/sus_pipeline.py for tasks to queue
[2026-04-29T13:54:53.074+0000] {logging_mixin.py:188} INFO - [2026-04-29T13:54:53.073+0000] {dagbag.py:538} INFO - Filling up the DagBag from /opt/airflow/dags/sus_pipeline.py
[2026-04-29T13:54:54.953+0000] {processor.py:840} INFO - DAG(s) 'sus_pipeline' retrieved from /opt/airflow/dags/sus_pipeline.py
[2026-04-29T13:54:55.005+0000] {logging_mixin.py:188} INFO - [2026-04-29T13:54:55.005+0000] {dag.py:3036} INFO - Sync 1 DAGs
[2026-04-29T13:54:55.051+0000] {logging_mixin.py:188} INFO - [2026-04-29T13:54:55.050+0000] {dag.py:3823} INFO - Setting next_dagrun for sus_pipeline to 2026-04-01 00:00:00+00:00, run_after=2026-05-01 00:00:00+00:00
[2026-04-29T13:54:55.094+0000] {processor.py:183} INFO - Processing /opt/airflow/dags/sus_pipeline.py took 2.025 seconds
[2026-04-29T13:55:25.599+0000] {processor.py:161} INFO - Started process (PID=516) to work on /opt/airflow/dags/sus_pipeline.py
[2026-04-29T13:55:25.600+0000] {processor.py:830} INFO - Processing file /opt/airflow/dags/sus_pipeline.py for tasks to queue
[2026-04-29T13:55:25.602+0000] {logging_mixin.py:188} INFO - [2026-04-29T13:55:25.601+0000] {dagbag.py:538} INFO - Filling up the DagBag from /opt/airflow/dags/sus_pipeline.py
[2026-04-29T13:55:27.502+0000] {processor.py:840} INFO - DAG(s) 'sus_pipeline' retrieved from /opt/airflow/dags/sus_pipeline.py
[2026-04-29T13:55:27.528+0000] {logging_mixin.py:188} INFO - [2026-04-29T13:55:27.527+0000] {dag.py:3036} INFO - Sync 1 DAGs
[2026-04-29T13:55:27.549+0000] {logging_mixin.py:188} INFO - [2026-04-29T13:55:27.549+0000] {dag.py:3823} INFO - Setting next_dagrun for sus_pipeline to 2026-04-01 00:00:00+00:00, run_after=2026-05-01 00:00:00+00:00
[2026-04-29T13:55:27.720+0000] {processor.py:183} INFO - Processing /opt/airflow/dags/sus_pipeline.py took 2.127 seconds
[2026-04-29T13:55:58.114+0000] {processor.py:161} INFO - Started process (PID=524) to work on /opt/airflow/dags/sus_pipeline.py
[2026-04-29T13:55:58.115+0000] {processor.py:830} INFO - Processing file /opt/airflow/dags/sus_pipeline.py for tasks to queue
[2026-04-29T13:55:58.115+0000] {logging_mixin.py:188} INFO - [2026-04-29T13:55:58.115+0000] {dagbag.py:538} INFO - Filling up the DagBag from /opt/airflow/dags/sus_pipeline.py
[2026-04-29T13:55:59.920+0000] {processor.py:840} INFO - DAG(s) 'sus_pipeline' retrieved from /opt/airflow/dags/sus_pipeline.py
[2026-04-29T13:55:59.943+0000] {logging_mixin.py:188} INFO - [2026-04-29T13:55:59.942+0000] {dag.py:3036} INFO - Sync 1 DAGs
[2026-04-29T13:56:00.116+0000] {logging_mixin.py:188} INFO - [2026-04-29T13:56:00.115+0000] {dag.py:3823} INFO - Setting next_dagrun for sus_pipeline to 2026-04-01 00:00:00+00:00, run_after=2026-05-01 00:00:00+00:00
[2026-04-29T13:56:00.146+0000] {processor.py:183} INFO - Processing /opt/airflow/dags/sus_pipeline.py took 2.035 seconds
[2026-04-29T13:56:30.617+0000] {processor.py:161} INFO - Started process (PID=532) to work on /opt/airflow/dags/sus_pipeline.py
[2026-04-29T13:56:30.618+0000] {processor.py:830} INFO - Processing file /opt/airflow/dags/sus_pipeline.py for tasks to queue
[2026-04-29T13:56:30.619+0000] {logging_mixin.py:188} INFO - [2026-04-29T13:56:30.619+0000] {dagbag.py:538} INFO - Filling up the DagBag from /opt/airflow/dags/sus_pipeline.py
[2026-04-29T13:56:33.069+0000] {processor.py:840} INFO - DAG(s) 'sus_pipeline' retrieved from /opt/airflow/dags/sus_pipeline.py
[2026-04-29T13:56:33.110+0000] {logging_mixin.py:188} INFO - [2026-04-29T13:56:33.110+0000] {dag.py:3036} INFO - Sync 1 DAGs
[2026-04-29T13:56:33.386+0000] {logging_mixin.py:188} INFO - [2026-04-29T13:56:33.385+0000] {dag.py:3823} INFO - Setting next_dagrun for sus_pipeline to 2026-04-01 00:00:00+00:00, run_after=2026-05-01 00:00:00+00:00
[2026-04-29T13:56:33.424+0000] {processor.py:183} INFO - Processing /opt/airflow/dags/sus_pipeline.py took 2.810 seconds
[2026-04-29T13:57:03.923+0000] {processor.py:161} INFO - Started process (PID=547) to work on /opt/airflow/dags/sus_pipeline.py
[2026-04-29T13:57:03.924+0000] {processor.py:830} INFO - Processing file /opt/airflow/dags/sus_pipeline.py for tasks to queue
[2026-04-29T13:57:03.926+0000] {logging_mixin.py:188} INFO - [2026-04-29T13:57:03.925+0000] {dagbag.py:538} INFO - Filling up the DagBag from /opt/airflow/dags/sus_pipeline.py
[2026-04-29T13:57:06.635+0000] {processor.py:840} INFO - DAG(s) 'sus_pipeline' retrieved from /opt/airflow/dags/sus_pipeline.py
[2026-04-29T13:57:06.675+0000] {logging_mixin.py:188} INFO - [2026-04-29T13:57:06.674+0000] {dag.py:3036} INFO - Sync 1 DAGs
[2026-04-29T13:57:06.696+0000] {logging_mixin.py:188} INFO - [2026-04-29T13:57:06.695+0000] {dag.py:3823} INFO - Setting next_dagrun for sus_pipeline to 2026-04-01 00:00:00+00:00, run_after=2026-05-01 00:00:00+00:00
[2026-04-29T13:57:06.723+0000] {processor.py:183} INFO - Processing /opt/airflow/dags/sus_pipeline.py took 2.806 seconds
[2026-04-29T13:57:37.208+0000] {processor.py:161} INFO - Started process (PID=555) to work on /opt/airflow/dags/sus_pipeline.py
[2026-04-29T13:57:37.209+0000] {processor.py:830} INFO - Processing file /opt/airflow/dags/sus_pipeline.py for tasks to queue
[2026-04-29T13:57:37.210+0000] {logging_mixin.py:188} INFO - [2026-04-29T13:57:37.210+0000] {dagbag.py:538} INFO - Filling up the DagBag from /opt/airflow/dags/sus_pipeline.py
[2026-04-29T13:57:38.814+0000] {processor.py:840} INFO - DAG(s) 'sus_pipeline' retrieved from /opt/airflow/dags/sus_pipeline.py
[2026-04-29T13:57:38.838+0000] {logging_mixin.py:188} INFO - [2026-04-29T13:57:38.837+0000] {dag.py:3036} INFO - Sync 1 DAGs
[2026-04-29T13:57:38.854+0000] {logging_mixin.py:188} INFO - [2026-04-29T13:57:38.853+0000] {dag.py:3823} INFO - Setting next_dagrun for sus_pipeline to 2026-04-01 00:00:00+00:00, run_after=2026-05-01 00:00:00+00:00
[2026-04-29T13:57:38.871+0000] {processor.py:183} INFO - Processing /opt/airflow/dags/sus_pipeline.py took 1.666 seconds
[2026-04-29T13:58:08.979+0000] {processor.py:161} INFO - Started process (PID=563) to work on /opt/airflow/dags/sus_pipeline.py
[2026-04-29T13:58:08.980+0000] {processor.py:830} INFO - Processing file /opt/airflow/dags/sus_pipeline.py for tasks to queue
[2026-04-29T13:58:08.981+0000] {logging_mixin.py:188} INFO - [2026-04-29T13:58:08.980+0000] {dagbag.py:538} INFO - Filling up the DagBag from /opt/airflow/dags/sus_pipeline.py
[2026-04-29T13:58:10.689+0000] {processor.py:840} INFO - DAG(s) 'sus_pipeline' retrieved from /opt/airflow/dags/sus_pipeline.py
[2026-04-29T13:58:10.720+0000] {logging_mixin.py:188} INFO - [2026-04-29T13:58:10.719+0000] {dag.py:3036} INFO - Sync 1 DAGs
[2026-04-29T13:58:10.734+0000] {logging_mixin.py:188} INFO - [2026-04-29T13:58:10.734+0000] {dag.py:3823} INFO - Setting next_dagrun for sus_pipeline to 2026-04-01 00:00:00+00:00, run_after=2026-05-01 00:00:00+00:00
[2026-04-29T13:58:10.916+0000] {processor.py:183} INFO - Processing /opt/airflow/dags/sus_pipeline.py took 1.943 seconds
[2026-04-29T13:58:37.407+0000] {processor.py:161} INFO - Started process (PID=571) to work on /opt/airflow/dags/sus_pipeline.py
[2026-04-29T13:58:37.408+0000] {processor.py:830} INFO - Processing file /opt/airflow/dags/sus_pipeline.py for tasks to queue
[2026-04-29T13:58:37.409+0000] {logging_mixin.py:188} INFO - [2026-04-29T13:58:37.409+0000] {dagbag.py:538} INFO - Filling up the DagBag from /opt/airflow/dags/sus_pipeline.py
[2026-04-29T13:58:39.404+0000] {processor.py:840} INFO - DAG(s) 'sus_pipeline' retrieved from /opt/airflow/dags/sus_pipeline.py
[2026-04-29T13:58:39.433+0000] {logging_mixin.py:188} INFO - [2026-04-29T13:58:39.433+0000] {dag.py:3036} INFO - Sync 1 DAGs
[2026-04-29T13:58:39.599+0000] {logging_mixin.py:188} INFO - [2026-04-29T13:58:39.599+0000] {dag.py:3823} INFO - Setting next_dagrun for sus_pipeline to 2026-04-01 00:00:00+00:00, run_after=2026-05-01 00:00:00+00:00
[2026-04-29T13:58:39.628+0000] {processor.py:183} INFO - Processing /opt/airflow/dags/sus_pipeline.py took 2.229 seconds
[2026-04-29T13:59:10.263+0000] {processor.py:161} INFO - Started process (PID=579) to work on /opt/airflow/dags/sus_pipeline.py
[2026-04-29T13:59:10.265+0000] {processor.py:830} INFO - Processing file /opt/airflow/dags/sus_pipeline.py for tasks to queue
[2026-04-29T13:59:10.265+0000] {logging_mixin.py:188} INFO - [2026-04-29T13:59:10.265+0000] {dagbag.py:538} INFO - Filling up the DagBag from /opt/airflow/dags/sus_pipeline.py
[2026-04-29T13:59:12.144+0000] {processor.py:840} INFO - DAG(s) 'sus_pipeline' retrieved from /opt/airflow/dags/sus_pipeline.py
[2026-04-29T13:59:12.194+0000] {logging_mixin.py:188} INFO - [2026-04-29T13:59:12.193+0000] {dag.py:3036} INFO - Sync 1 DAGs
[2026-04-29T13:59:12.440+0000] {logging_mixin.py:188} INFO - [2026-04-29T13:59:12.440+0000] {dag.py:3823} INFO - Setting next_dagrun for sus_pipeline to 2026-04-01 00:00:00+00:00, run_after=2026-05-01 00:00:00+00:00
[2026-04-29T13:59:12.522+0000] {processor.py:183} INFO - Processing /opt/airflow/dags/sus_pipeline.py took 2.265 seconds
[2026-04-29T13:59:42.815+0000] {processor.py:161} INFO - Started process (PID=603) to work on /opt/airflow/dags/sus_pipeline.py
[2026-04-29T13:59:42.817+0000] {processor.py:830} INFO - Processing file /opt/airflow/dags/sus_pipeline.py for tasks to queue
[2026-04-29T13:59:42.821+0000] {logging_mixin.py:188} INFO - [2026-04-29T13:59:42.819+0000] {dagbag.py:538} INFO - Filling up the DagBag from /opt/airflow/dags/sus_pipeline.py
[2026-04-29T13:59:52.376+0000] {processor.py:840} INFO - DAG(s) 'sus_pipeline' retrieved from /opt/airflow/dags/sus_pipeline.py
[2026-04-29T13:59:52.504+0000] {logging_mixin.py:188} INFO - [2026-04-29T13:59:52.503+0000] {dag.py:3036} INFO - Sync 1 DAGs
[2026-04-29T13:59:52.606+0000] {logging_mixin.py:188} INFO - [2026-04-29T13:59:52.605+0000] {dag.py:3823} INFO - Setting next_dagrun for sus_pipeline to 2026-04-01 00:00:00+00:00, run_after=2026-05-01 00:00:00+00:00
[2026-04-29T13:59:52.657+0000] {processor.py:183} INFO - Processing /opt/airflow/dags/sus_pipeline.py took 9.858 seconds
[2026-04-29T14:00:23.896+0000] {processor.py:161} INFO - Started process (PID=644) to work on /opt/airflow/dags/sus_pipeline.py
[2026-04-29T14:00:23.904+0000] {processor.py:830} INFO - Processing file /opt/airflow/dags/sus_pipeline.py for tasks to queue
[2026-04-29T14:00:23.911+0000] {logging_mixin.py:188} INFO - [2026-04-29T14:00:23.905+0000] {dagbag.py:538} INFO - Filling up the DagBag from /opt/airflow/dags/sus_pipeline.py
[2026-04-29T14:00:33.145+0000] {processor.py:840} INFO - DAG(s) 'sus_pipeline' retrieved from /opt/airflow/dags/sus_pipeline.py
[2026-04-29T14:00:33.189+0000] {logging_mixin.py:188} INFO - [2026-04-29T14:00:33.189+0000] {dag.py:3036} INFO - Sync 1 DAGs
[2026-04-29T14:00:33.222+0000] {logging_mixin.py:188} INFO - [2026-04-29T14:00:33.221+0000] {dag.py:3823} INFO - Setting next_dagrun for sus_pipeline to 2026-04-01 00:00:00+00:00, run_after=2026-05-01 00:00:00+00:00
[2026-04-29T14:00:33.255+0000] {processor.py:183} INFO - Processing /opt/airflow/dags/sus_pipeline.py took 9.564 seconds
[2026-04-29T14:01:04.725+0000] {processor.py:161} INFO - Started process (PID=667) to work on /opt/airflow/dags/sus_pipeline.py
[2026-04-29T14:01:04.795+0000] {processor.py:830} INFO - Processing file /opt/airflow/dags/sus_pipeline.py for tasks to queue
[2026-04-29T14:01:04.823+0000] {logging_mixin.py:188} INFO - [2026-04-29T14:01:04.806+0000] {dagbag.py:538} INFO - Filling up the DagBag from /opt/airflow/dags/sus_pipeline.py
[2026-04-29T14:01:37.878+0000] {logging_mixin.py:188} INFO - [2026-04-29T14:01:37.825+0000] {timeout.py:68} ERROR - Process timed out, PID: 667
[2026-04-29T14:01:38.141+0000] {logging_mixin.py:188} INFO - [2026-04-29T14:01:37.917+0000] {dagbag.py:348} ERROR - Failed to import: /opt/airflow/dags/sus_pipeline.py
Traceback (most recent call last):
  File "/home/airflow/.local/lib/python3.10/site-packages/airflow/models/dagbag.py", line 344, in parse
    loader.exec_module(new_module)
  File "<frozen importlib._bootstrap_external>", line 883, in exec_module
  File "<frozen importlib._bootstrap>", line 241, in _call_with_frames_removed
  File "/opt/airflow/dags/sus_pipeline.py", line 6, in <module>
    from pysus.online_data.SIH import download, SIH
  File "/home/airflow/.local/lib/python3.10/site-packages/pysus/online_data/SIH.py", line 14, in <module>
    sih = SIH().load()
  File "/home/airflow/.local/lib/python3.10/site-packages/pysus/ftp/__init__.py", line 517, in load
    directory.load()
  File "/home/airflow/.local/lib/python3.10/site-packages/pysus/ftp/__init__.py", line 364, in load
    self.__content__ |= load_directory_content(self.path)
  File "/home/airflow/.local/lib/python3.10/site-packages/pysus/ftp/__init__.py", line 422, in load_directory_content
    raise exc
  File "/home/airflow/.local/lib/python3.10/site-packages/pysus/ftp/__init__.py", line 395, in load_directory_content
    ftp = FTPSingleton.get_instance()
  File "/home/airflow/.local/lib/python3.10/site-packages/pysus/ftp/__init__.py", line 77, in get_instance
    cls._instance = FTP("ftp.datasus.gov.br")
  File "/usr/local/lib/python3.10/ftplib.py", line 121, in __init__
    self.connect(host)
  File "/usr/local/lib/python3.10/ftplib.py", line 158, in connect
    self.sock = socket.create_connection((self.host, self.port), self.timeout,
  File "/usr/local/lib/python3.10/socket.py", line 824, in create_connection
    for res in getaddrinfo(host, port, 0, SOCK_STREAM):
  File "/usr/local/lib/python3.10/socket.py", line 955, in getaddrinfo
    for res in _socket.getaddrinfo(host, port, family, type, proto, flags):
  File "/home/airflow/.local/lib/python3.10/site-packages/airflow/utils/timeout.py", line 69, in handle_timeout
    raise AirflowTaskTimeout(self.error_message)
airflow.exceptions.AirflowTaskTimeout: DagBag import timeout for /opt/airflow/dags/sus_pipeline.py after 30.0s.
Please take a look at these docs to improve your DAG import time:
* https://airflow.apache.org/docs/apache-airflow/2.8.1/best-practices.html#top-level-python-code
* https://airflow.apache.org/docs/apache-airflow/2.8.1/best-practices.html#reducing-dag-complexity, PID: 667
[2026-04-29T14:01:38.185+0000] {processor.py:842} WARNING - No viable dags retrieved from /opt/airflow/dags/sus_pipeline.py
[2026-04-29T14:01:38.597+0000] {processor.py:183} INFO - Processing /opt/airflow/dags/sus_pipeline.py took 31.392 seconds
[2026-04-29T14:02:10.810+0000] {processor.py:161} INFO - Started process (PID=683) to work on /opt/airflow/dags/sus_pipeline.py
[2026-04-29T14:02:10.823+0000] {processor.py:830} INFO - Processing file /opt/airflow/dags/sus_pipeline.py for tasks to queue
[2026-04-29T14:02:10.950+0000] {logging_mixin.py:188} INFO - [2026-04-29T14:02:10.833+0000] {dagbag.py:538} INFO - Filling up the DagBag from /opt/airflow/dags/sus_pipeline.py
[2026-04-29T14:02:25.603+0000] {processor.py:840} INFO - DAG(s) 'sus_pipeline' retrieved from /opt/airflow/dags/sus_pipeline.py
[2026-04-29T14:02:27.577+0000] {logging_mixin.py:188} INFO - [2026-04-29T14:02:27.574+0000] {dag.py:3036} INFO - Sync 1 DAGs
[2026-04-29T14:02:27.703+0000] {logging_mixin.py:188} INFO - [2026-04-29T14:02:27.702+0000] {dag.py:3823} INFO - Setting next_dagrun for sus_pipeline to 2026-04-01 00:00:00+00:00, run_after=2026-05-01 00:00:00+00:00
[2026-04-29T14:02:27.815+0000] {processor.py:183} INFO - Processing /opt/airflow/dags/sus_pipeline.py took 17.514 seconds
[2026-04-29T14:02:59.248+0000] {processor.py:161} INFO - Started process (PID=711) to work on /opt/airflow/dags/sus_pipeline.py
[2026-04-29T14:02:59.265+0000] {processor.py:830} INFO - Processing file /opt/airflow/dags/sus_pipeline.py for tasks to queue
[2026-04-29T14:02:59.288+0000] {logging_mixin.py:188} INFO - [2026-04-29T14:02:59.278+0000] {dagbag.py:538} INFO - Filling up the DagBag from /opt/airflow/dags/sus_pipeline.py
[2026-04-29T14:03:13.464+0000] {processor.py:840} INFO - DAG(s) 'sus_pipeline' retrieved from /opt/airflow/dags/sus_pipeline.py
[2026-04-29T14:03:13.517+0000] {logging_mixin.py:188} INFO - [2026-04-29T14:03:13.516+0000] {dag.py:3036} INFO - Sync 1 DAGs
[2026-04-29T14:03:13.560+0000] {logging_mixin.py:188} INFO - [2026-04-29T14:03:13.559+0000] {dag.py:3823} INFO - Setting next_dagrun for sus_pipeline to 2026-04-01 00:00:00+00:00, run_after=2026-05-01 00:00:00+00:00
[2026-04-29T14:03:13.606+0000] {processor.py:183} INFO - Processing /opt/airflow/dags/sus_pipeline.py took 11.886 seconds
[2026-04-29T14:03:45.223+0000] {processor.py:161} INFO - Started process (PID=759) to work on /opt/airflow/dags/sus_pipeline.py
[2026-04-29T14:03:45.227+0000] {processor.py:830} INFO - Processing file /opt/airflow/dags/sus_pipeline.py for tasks to queue
[2026-04-29T14:03:45.229+0000] {logging_mixin.py:188} INFO - [2026-04-29T14:03:45.228+0000] {dagbag.py:538} INFO - Filling up the DagBag from /opt/airflow/dags/sus_pipeline.py
[2026-04-29T14:03:47.518+0000] {processor.py:840} INFO - DAG(s) 'sus_pipeline' retrieved from /opt/airflow/dags/sus_pipeline.py
[2026-04-29T14:03:47.600+0000] {logging_mixin.py:188} INFO - [2026-04-29T14:03:47.599+0000] {dag.py:3036} INFO - Sync 1 DAGs
[2026-04-29T14:03:47.631+0000] {logging_mixin.py:188} INFO - [2026-04-29T14:03:47.630+0000] {dag.py:3823} INFO - Setting next_dagrun for sus_pipeline to 2026-04-01 00:00:00+00:00, run_after=2026-05-01 00:00:00+00:00
[2026-04-29T14:03:47.857+0000] {processor.py:183} INFO - Processing /opt/airflow/dags/sus_pipeline.py took 2.652 seconds
[2026-04-29T14:04:19.797+0000] {processor.py:161} INFO - Started process (PID=815) to work on /opt/airflow/dags/sus_pipeline.py
[2026-04-29T14:04:19.802+0000] {processor.py:830} INFO - Processing file /opt/airflow/dags/sus_pipeline.py for tasks to queue
[2026-04-29T14:04:19.805+0000] {logging_mixin.py:188} INFO - [2026-04-29T14:04:19.803+0000] {dagbag.py:538} INFO - Filling up the DagBag from /opt/airflow/dags/sus_pipeline.py
[2026-04-29T14:04:24.792+0000] {processor.py:840} INFO - DAG(s) 'sus_pipeline' retrieved from /opt/airflow/dags/sus_pipeline.py
[2026-04-29T14:04:24.871+0000] {logging_mixin.py:188} INFO - [2026-04-29T14:04:24.870+0000] {dag.py:3036} INFO - Sync 1 DAGs
[2026-04-29T14:04:25.162+0000] {logging_mixin.py:188} INFO - [2026-04-29T14:04:25.162+0000] {dag.py:3823} INFO - Setting next_dagrun for sus_pipeline to 2026-04-01 00:00:00+00:00, run_after=2026-05-01 00:00:00+00:00
[2026-04-29T14:04:25.213+0000] {processor.py:183} INFO - Processing /opt/airflow/dags/sus_pipeline.py took 5.436 seconds
[2026-04-29T14:04:57.251+0000] {processor.py:161} INFO - Started process (PID=851) to work on /opt/airflow/dags/sus_pipeline.py
[2026-04-29T14:04:57.266+0000] {processor.py:830} INFO - Processing file /opt/airflow/dags/sus_pipeline.py for tasks to queue
[2026-04-29T14:04:57.280+0000] {logging_mixin.py:188} INFO - [2026-04-29T14:04:57.275+0000] {dagbag.py:538} INFO - Filling up the DagBag from /opt/airflow/dags/sus_pipeline.py
[2026-04-29T14:05:08.574+0000] {processor.py:840} INFO - DAG(s) 'sus_pipeline' retrieved from /opt/airflow/dags/sus_pipeline.py
[2026-04-29T14:05:08.689+0000] {logging_mixin.py:188} INFO - [2026-04-29T14:05:08.688+0000] {dag.py:3036} INFO - Sync 1 DAGs
[2026-04-29T14:05:08.784+0000] {logging_mixin.py:188} INFO - [2026-04-29T14:05:08.784+0000] {dag.py:3823} INFO - Setting next_dagrun for sus_pipeline to 2026-04-01 00:00:00+00:00, run_after=2026-05-01 00:00:00+00:00
[2026-04-29T14:05:08.856+0000] {processor.py:183} INFO - Processing /opt/airflow/dags/sus_pipeline.py took 11.668 seconds
[2026-04-29T14:05:39.477+0000] {processor.py:161} INFO - Started process (PID=879) to work on /opt/airflow/dags/sus_pipeline.py
[2026-04-29T14:05:39.480+0000] {processor.py:830} INFO - Processing file /opt/airflow/dags/sus_pipeline.py for tasks to queue
[2026-04-29T14:05:39.486+0000] {logging_mixin.py:188} INFO - [2026-04-29T14:05:39.484+0000] {dagbag.py:538} INFO - Filling up the DagBag from /opt/airflow/dags/sus_pipeline.py
[2026-04-29T14:05:52.498+0000] {processor.py:840} INFO - DAG(s) 'sus_pipeline' retrieved from /opt/airflow/dags/sus_pipeline.py
[2026-04-29T14:05:52.565+0000] {logging_mixin.py:188} INFO - [2026-04-29T14:05:52.564+0000] {dag.py:3036} INFO - Sync 1 DAGs
[2026-04-29T14:05:52.609+0000] {logging_mixin.py:188} INFO - [2026-04-29T14:05:52.608+0000] {dag.py:3823} INFO - Setting next_dagrun for sus_pipeline to 2026-04-01 00:00:00+00:00, run_after=2026-05-01 00:00:00+00:00
[2026-04-29T14:05:52.944+0000] {processor.py:183} INFO - Processing /opt/airflow/dags/sus_pipeline.py took 13.516 seconds
[2026-04-29T14:06:23.959+0000] {processor.py:161} INFO - Started process (PID=907) to work on /opt/airflow/dags/sus_pipeline.py
[2026-04-29T14:06:23.967+0000] {processor.py:830} INFO - Processing file /opt/airflow/dags/sus_pipeline.py for tasks to queue
[2026-04-29T14:06:23.981+0000] {logging_mixin.py:188} INFO - [2026-04-29T14:06:23.977+0000] {dagbag.py:538} INFO - Filling up the DagBag from /opt/airflow/dags/sus_pipeline.py
[2026-04-29T14:06:34.721+0000] {processor.py:840} INFO - DAG(s) 'sus_pipeline' retrieved from /opt/airflow/dags/sus_pipeline.py
[2026-04-29T14:06:34.782+0000] {logging_mixin.py:188} INFO - [2026-04-29T14:06:34.779+0000] {dag.py:3036} INFO - Sync 1 DAGs
[2026-04-29T14:06:34.830+0000] {logging_mixin.py:188} INFO - [2026-04-29T14:06:34.830+0000] {dag.py:3823} INFO - Setting next_dagrun for sus_pipeline to 2026-04-01 00:00:00+00:00, run_after=2026-05-01 00:00:00+00:00
[2026-04-29T14:06:35.091+0000] {processor.py:183} INFO - Processing /opt/airflow/dags/sus_pipeline.py took 11.205 seconds
[2026-04-29T14:07:05.772+0000] {processor.py:161} INFO - Started process (PID=967) to work on /opt/airflow/dags/sus_pipeline.py
[2026-04-29T14:07:05.779+0000] {processor.py:830} INFO - Processing file /opt/airflow/dags/sus_pipeline.py for tasks to queue
[2026-04-29T14:07:05.781+0000] {logging_mixin.py:188} INFO - [2026-04-29T14:07:05.781+0000] {dagbag.py:538} INFO - Filling up the DagBag from /opt/airflow/dags/sus_pipeline.py
[2026-04-29T14:07:08.227+0000] {processor.py:840} INFO - DAG(s) 'sus_pipeline' retrieved from /opt/airflow/dags/sus_pipeline.py
[2026-04-29T14:07:08.254+0000] {logging_mixin.py:188} INFO - [2026-04-29T14:07:08.254+0000] {dag.py:3036} INFO - Sync 1 DAGs
[2026-04-29T14:07:08.429+0000] {logging_mixin.py:188} INFO - [2026-04-29T14:07:08.429+0000] {dag.py:3823} INFO - Setting next_dagrun for sus_pipeline to 2026-04-01 00:00:00+00:00, run_after=2026-05-01 00:00:00+00:00
[2026-04-29T14:07:08.456+0000] {processor.py:183} INFO - Processing /opt/airflow/dags/sus_pipeline.py took 2.690 seconds
[2026-04-29T14:07:38.520+0000] {processor.py:161} INFO - Started process (PID=1023) to work on /opt/airflow/dags/sus_pipeline.py
[2026-04-29T14:07:38.523+0000] {processor.py:830} INFO - Processing file /opt/airflow/dags/sus_pipeline.py for tasks to queue
[2026-04-29T14:07:38.525+0000] {logging_mixin.py:188} INFO - [2026-04-29T14:07:38.524+0000] {dagbag.py:538} INFO - Filling up the DagBag from /opt/airflow/dags/sus_pipeline.py
[2026-04-29T14:07:40.531+0000] {processor.py:840} INFO - DAG(s) 'sus_pipeline' retrieved from /opt/airflow/dags/sus_pipeline.py
[2026-04-29T14:07:40.560+0000] {logging_mixin.py:188} INFO - [2026-04-29T14:07:40.559+0000] {dag.py:3036} INFO - Sync 1 DAGs
[2026-04-29T14:07:40.725+0000] {logging_mixin.py:188} INFO - [2026-04-29T14:07:40.725+0000] {dag.py:3823} INFO - Setting next_dagrun for sus_pipeline to 2026-04-01 00:00:00+00:00, run_after=2026-05-01 00:00:00+00:00
[2026-04-29T14:07:40.750+0000] {processor.py:183} INFO - Processing /opt/airflow/dags/sus_pipeline.py took 2.235 seconds
[2026-04-29T14:08:11.365+0000] {processor.py:161} INFO - Started process (PID=1079) to work on /opt/airflow/dags/sus_pipeline.py
[2026-04-29T14:08:11.368+0000] {processor.py:830} INFO - Processing file /opt/airflow/dags/sus_pipeline.py for tasks to queue
[2026-04-29T14:08:11.373+0000] {logging_mixin.py:188} INFO - [2026-04-29T14:08:11.370+0000] {dagbag.py:538} INFO - Filling up the DagBag from /opt/airflow/dags/sus_pipeline.py
[2026-04-29T14:08:16.432+0000] {processor.py:840} INFO - DAG(s) 'sus_pipeline' retrieved from /opt/airflow/dags/sus_pipeline.py
[2026-04-29T14:08:16.488+0000] {logging_mixin.py:188} INFO - [2026-04-29T14:08:16.487+0000] {dag.py:3036} INFO - Sync 1 DAGs
[2026-04-29T14:08:16.531+0000] {logging_mixin.py:188} INFO - [2026-04-29T14:08:16.530+0000] {dag.py:3823} INFO - Setting next_dagrun for sus_pipeline to 2026-04-01 00:00:00+00:00, run_after=2026-05-01 00:00:00+00:00
[2026-04-29T14:08:16.569+0000] {processor.py:183} INFO - Processing /opt/airflow/dags/sus_pipeline.py took 5.221 seconds
[2026-04-29T14:08:47.175+0000] {processor.py:161} INFO - Started process (PID=1119) to work on /opt/airflow/dags/sus_pipeline.py
[2026-04-29T14:08:47.177+0000] {processor.py:830} INFO - Processing file /opt/airflow/dags/sus_pipeline.py for tasks to queue
[2026-04-29T14:08:47.179+0000] {logging_mixin.py:188} INFO - [2026-04-29T14:08:47.178+0000] {dagbag.py:538} INFO - Filling up the DagBag from /opt/airflow/dags/sus_pipeline.py
[2026-04-29T14:08:50.887+0000] {processor.py:840} INFO - DAG(s) 'sus_pipeline' retrieved from /opt/airflow/dags/sus_pipeline.py
[2026-04-29T14:08:51.018+0000] {logging_mixin.py:188} INFO - [2026-04-29T14:08:51.017+0000] {dag.py:3036} INFO - Sync 1 DAGs
[2026-04-29T14:08:51.083+0000] {logging_mixin.py:188} INFO - [2026-04-29T14:08:51.082+0000] {dag.py:3823} INFO - Setting next_dagrun for sus_pipeline to 2026-04-01 00:00:00+00:00, run_after=2026-05-01 00:00:00+00:00
[2026-04-29T14:08:51.350+0000] {processor.py:183} INFO - Processing /opt/airflow/dags/sus_pipeline.py took 4.185 seconds
[2026-04-29T14:09:22.092+0000] {processor.py:161} INFO - Started process (PID=1183) to work on /opt/airflow/dags/sus_pipeline.py
[2026-04-29T14:09:22.099+0000] {processor.py:830} INFO - Processing file /opt/airflow/dags/sus_pipeline.py for tasks to queue
[2026-04-29T14:09:22.102+0000] {logging_mixin.py:188} INFO - [2026-04-29T14:09:22.101+0000] {dagbag.py:538} INFO - Filling up the DagBag from /opt/airflow/dags/sus_pipeline.py
[2026-04-29T14:09:26.589+0000] {processor.py:840} INFO - DAG(s) 'sus_pipeline' retrieved from /opt/airflow/dags/sus_pipeline.py
[2026-04-29T14:09:26.628+0000] {logging_mixin.py:188} INFO - [2026-04-29T14:09:26.627+0000] {dag.py:3036} INFO - Sync 1 DAGs
[2026-04-29T14:09:26.837+0000] {logging_mixin.py:188} INFO - [2026-04-29T14:09:26.836+0000] {dag.py:3823} INFO - Setting next_dagrun for sus_pipeline to 2026-04-01 00:00:00+00:00, run_after=2026-05-01 00:00:00+00:00
[2026-04-29T14:09:26.873+0000] {processor.py:183} INFO - Processing /opt/airflow/dags/sus_pipeline.py took 4.787 seconds
[2026-04-29T14:09:57.591+0000] {processor.py:161} INFO - Started process (PID=1239) to work on /opt/airflow/dags/sus_pipeline.py
[2026-04-29T14:09:57.594+0000] {processor.py:830} INFO - Processing file /opt/airflow/dags/sus_pipeline.py for tasks to queue
[2026-04-29T14:09:57.596+0000] {logging_mixin.py:188} INFO - [2026-04-29T14:09:57.595+0000] {dagbag.py:538} INFO - Filling up the DagBag from /opt/airflow/dags/sus_pipeline.py
[2026-04-29T14:09:59.800+0000] {processor.py:840} INFO - DAG(s) 'sus_pipeline' retrieved from /opt/airflow/dags/sus_pipeline.py
[2026-04-29T14:09:59.836+0000] {logging_mixin.py:188} INFO - [2026-04-29T14:09:59.836+0000] {dag.py:3036} INFO - Sync 1 DAGs
[2026-04-29T14:10:00.015+0000] {logging_mixin.py:188} INFO - [2026-04-29T14:10:00.015+0000] {dag.py:3823} INFO - Setting next_dagrun for sus_pipeline to 2026-04-01 00:00:00+00:00, run_after=2026-05-01 00:00:00+00:00
[2026-04-29T14:10:00.048+0000] {processor.py:183} INFO - Processing /opt/airflow/dags/sus_pipeline.py took 2.463 seconds
[2026-04-29T14:10:30.476+0000] {processor.py:161} INFO - Started process (PID=1295) to work on /opt/airflow/dags/sus_pipeline.py
[2026-04-29T14:10:30.478+0000] {processor.py:830} INFO - Processing file /opt/airflow/dags/sus_pipeline.py for tasks to queue
[2026-04-29T14:10:30.479+0000] {logging_mixin.py:188} INFO - [2026-04-29T14:10:30.479+0000] {dagbag.py:538} INFO - Filling up the DagBag from /opt/airflow/dags/sus_pipeline.py
[2026-04-29T14:10:32.508+0000] {processor.py:840} INFO - DAG(s) 'sus_pipeline' retrieved from /opt/airflow/dags/sus_pipeline.py
[2026-04-29T14:10:32.543+0000] {logging_mixin.py:188} INFO - [2026-04-29T14:10:32.543+0000] {dag.py:3036} INFO - Sync 1 DAGs
[2026-04-29T14:10:32.573+0000] {logging_mixin.py:188} INFO - [2026-04-29T14:10:32.573+0000] {dag.py:3823} INFO - Setting next_dagrun for sus_pipeline to 2026-04-01 00:00:00+00:00, run_after=2026-05-01 00:00:00+00:00
[2026-04-29T14:10:32.604+0000] {processor.py:183} INFO - Processing /opt/airflow/dags/sus_pipeline.py took 2.135 seconds
[2026-04-29T14:11:03.133+0000] {processor.py:161} INFO - Started process (PID=1351) to work on /opt/airflow/dags/sus_pipeline.py
[2026-04-29T14:11:03.135+0000] {processor.py:830} INFO - Processing file /opt/airflow/dags/sus_pipeline.py for tasks to queue
[2026-04-29T14:11:03.137+0000] {logging_mixin.py:188} INFO - [2026-04-29T14:11:03.136+0000] {dagbag.py:538} INFO - Filling up the DagBag from /opt/airflow/dags/sus_pipeline.py
[2026-04-29T14:11:06.283+0000] {processor.py:840} INFO - DAG(s) 'sus_pipeline' retrieved from /opt/airflow/dags/sus_pipeline.py
[2026-04-29T14:11:06.331+0000] {logging_mixin.py:188} INFO - [2026-04-29T14:11:06.330+0000] {dag.py:3036} INFO - Sync 1 DAGs
[2026-04-29T14:11:06.366+0000] {logging_mixin.py:188} INFO - [2026-04-29T14:11:06.366+0000] {dag.py:3823} INFO - Setting next_dagrun for sus_pipeline to 2026-04-01 00:00:00+00:00, run_after=2026-05-01 00:00:00+00:00
[2026-04-29T14:11:06.400+0000] {processor.py:183} INFO - Processing /opt/airflow/dags/sus_pipeline.py took 3.273 seconds
[2026-04-29T14:11:36.999+0000] {processor.py:161} INFO - Started process (PID=1403) to work on /opt/airflow/dags/sus_pipeline.py
[2026-04-29T14:11:37.003+0000] {processor.py:830} INFO - Processing file /opt/airflow/dags/sus_pipeline.py for tasks to queue
[2026-04-29T14:11:37.005+0000] {logging_mixin.py:188} INFO - [2026-04-29T14:11:37.004+0000] {dagbag.py:538} INFO - Filling up the DagBag from /opt/airflow/dags/sus_pipeline.py
[2026-04-29T14:11:40.252+0000] {processor.py:840} INFO - DAG(s) 'sus_pipeline' retrieved from /opt/airflow/dags/sus_pipeline.py
[2026-04-29T14:11:40.298+0000] {logging_mixin.py:188} INFO - [2026-04-29T14:11:40.297+0000] {dag.py:3036} INFO - Sync 1 DAGs
[2026-04-29T14:11:40.531+0000] {logging_mixin.py:188} INFO - [2026-04-29T14:11:40.531+0000] {dag.py:3823} INFO - Setting next_dagrun for sus_pipeline to 2026-04-01 00:00:00+00:00, run_after=2026-05-01 00:00:00+00:00
[2026-04-29T14:11:40.573+0000] {processor.py:183} INFO - Processing /opt/airflow/dags/sus_pipeline.py took 3.583 seconds
[2026-04-29T14:12:10.813+0000] {processor.py:161} INFO - Started process (PID=1459) to work on /opt/airflow/dags/sus_pipeline.py
[2026-04-29T14:12:10.815+0000] {processor.py:830} INFO - Processing file /opt/airflow/dags/sus_pipeline.py for tasks to queue
[2026-04-29T14:12:10.816+0000] {logging_mixin.py:188} INFO - [2026-04-29T14:12:10.816+0000] {dagbag.py:538} INFO - Filling up the DagBag from /opt/airflow/dags/sus_pipeline.py
[2026-04-29T14:12:14.096+0000] {processor.py:840} INFO - DAG(s) 'sus_pipeline' retrieved from /opt/airflow/dags/sus_pipeline.py
[2026-04-29T14:12:14.131+0000] {logging_mixin.py:188} INFO - [2026-04-29T14:12:14.130+0000] {dag.py:3036} INFO - Sync 1 DAGs
[2026-04-29T14:12:14.316+0000] {logging_mixin.py:188} INFO - [2026-04-29T14:12:14.316+0000] {dag.py:3823} INFO - Setting next_dagrun for sus_pipeline to 2026-04-01 00:00:00+00:00, run_after=2026-05-01 00:00:00+00:00
[2026-04-29T14:12:14.345+0000] {processor.py:183} INFO - Processing /opt/airflow/dags/sus_pipeline.py took 3.538 seconds
[2026-04-29T14:12:45.051+0000] {processor.py:161} INFO - Started process (PID=1511) to work on /opt/airflow/dags/sus_pipeline.py
[2026-04-29T14:12:45.053+0000] {processor.py:830} INFO - Processing file /opt/airflow/dags/sus_pipeline.py for tasks to queue
[2026-04-29T14:12:45.053+0000] {logging_mixin.py:188} INFO - [2026-04-29T14:12:45.053+0000] {dagbag.py:538} INFO - Filling up the DagBag from /opt/airflow/dags/sus_pipeline.py
[2026-04-29T14:12:46.437+0000] {processor.py:840} INFO - DAG(s) 'sus_pipeline' retrieved from /opt/airflow/dags/sus_pipeline.py
[2026-04-29T14:12:46.462+0000] {logging_mixin.py:188} INFO - [2026-04-29T14:12:46.461+0000] {dag.py:3036} INFO - Sync 1 DAGs
[2026-04-29T14:12:46.485+0000] {logging_mixin.py:188} INFO - [2026-04-29T14:12:46.485+0000] {dag.py:3823} INFO - Setting next_dagrun for sus_pipeline to 2026-04-01 00:00:00+00:00, run_after=2026-05-01 00:00:00+00:00
[2026-04-29T14:12:46.515+0000] {processor.py:183} INFO - Processing /opt/airflow/dags/sus_pipeline.py took 1.467 seconds
[2026-04-29T14:13:16.752+0000] {processor.py:161} INFO - Started process (PID=1567) to work on /opt/airflow/dags/sus_pipeline.py
[2026-04-29T14:13:16.755+0000] {processor.py:830} INFO - Processing file /opt/airflow/dags/sus_pipeline.py for tasks to queue
[2026-04-29T14:13:16.755+0000] {logging_mixin.py:188} INFO - [2026-04-29T14:13:16.755+0000] {dagbag.py:538} INFO - Filling up the DagBag from /opt/airflow/dags/sus_pipeline.py
[2026-04-29T14:13:18.616+0000] {processor.py:840} INFO - DAG(s) 'sus_pipeline' retrieved from /opt/airflow/dags/sus_pipeline.py
[2026-04-29T14:13:18.637+0000] {logging_mixin.py:188} INFO - [2026-04-29T14:13:18.637+0000] {dag.py:3036} INFO - Sync 1 DAGs
[2026-04-29T14:13:18.671+0000] {logging_mixin.py:188} INFO - [2026-04-29T14:13:18.670+0000] {dag.py:3823} INFO - Setting next_dagrun for sus_pipeline to 2026-04-01 00:00:00+00:00, run_after=2026-05-01 00:00:00+00:00
[2026-04-29T14:13:18.802+0000] {processor.py:183} INFO - Processing /opt/airflow/dags/sus_pipeline.py took 2.055 seconds
[2026-04-29T14:13:49.411+0000] {processor.py:161} INFO - Started process (PID=1627) to work on /opt/airflow/dags/sus_pipeline.py
[2026-04-29T14:13:49.415+0000] {processor.py:830} INFO - Processing file /opt/airflow/dags/sus_pipeline.py for tasks to queue
[2026-04-29T14:13:49.417+0000] {logging_mixin.py:188} INFO - [2026-04-29T14:13:49.416+0000] {dagbag.py:538} INFO - Filling up the DagBag from /opt/airflow/dags/sus_pipeline.py
[2026-04-29T14:13:52.082+0000] {processor.py:840} INFO - DAG(s) 'sus_pipeline' retrieved from /opt/airflow/dags/sus_pipeline.py
[2026-04-29T14:13:52.150+0000] {logging_mixin.py:188} INFO - [2026-04-29T14:13:52.149+0000] {dag.py:3036} INFO - Sync 1 DAGs
[2026-04-29T14:13:52.217+0000] {logging_mixin.py:188} INFO - [2026-04-29T14:13:52.216+0000] {dag.py:3823} INFO - Setting next_dagrun for sus_pipeline to 2026-04-01 00:00:00+00:00, run_after=2026-05-01 00:00:00+00:00
[2026-04-29T14:13:52.497+0000] {processor.py:183} INFO - Processing /opt/airflow/dags/sus_pipeline.py took 3.091 seconds
[2026-04-29T14:14:23.440+0000] {processor.py:161} INFO - Started process (PID=1667) to work on /opt/airflow/dags/sus_pipeline.py
[2026-04-29T14:14:23.452+0000] {processor.py:830} INFO - Processing file /opt/airflow/dags/sus_pipeline.py for tasks to queue
[2026-04-29T14:14:23.454+0000] {logging_mixin.py:188} INFO - [2026-04-29T14:14:23.453+0000] {dagbag.py:538} INFO - Filling up the DagBag from /opt/airflow/dags/sus_pipeline.py
[2026-04-29T14:14:26.414+0000] {processor.py:840} INFO - DAG(s) 'sus_pipeline' retrieved from /opt/airflow/dags/sus_pipeline.py
[2026-04-29T14:14:26.465+0000] {logging_mixin.py:188} INFO - [2026-04-29T14:14:26.464+0000] {dag.py:3036} INFO - Sync 1 DAGs
[2026-04-29T14:14:26.706+0000] {logging_mixin.py:188} INFO - [2026-04-29T14:14:26.706+0000] {dag.py:3823} INFO - Setting next_dagrun for sus_pipeline to 2026-04-01 00:00:00+00:00, run_after=2026-05-01 00:00:00+00:00
[2026-04-29T14:14:26.740+0000] {processor.py:183} INFO - Processing /opt/airflow/dags/sus_pipeline.py took 3.319 seconds
[2026-04-29T14:14:57.054+0000] {processor.py:161} INFO - Started process (PID=1719) to work on /opt/airflow/dags/sus_pipeline.py
[2026-04-29T14:14:57.056+0000] {processor.py:830} INFO - Processing file /opt/airflow/dags/sus_pipeline.py for tasks to queue
[2026-04-29T14:14:57.058+0000] {logging_mixin.py:188} INFO - [2026-04-29T14:14:57.057+0000] {dagbag.py:538} INFO - Filling up the DagBag from /opt/airflow/dags/sus_pipeline.py
[2026-04-29T14:15:00.303+0000] {processor.py:840} INFO - DAG(s) 'sus_pipeline' retrieved from /opt/airflow/dags/sus_pipeline.py
[2026-04-29T14:15:00.353+0000] {logging_mixin.py:188} INFO - [2026-04-29T14:15:00.351+0000] {dag.py:3036} INFO - Sync 1 DAGs
[2026-04-29T14:15:00.400+0000] {logging_mixin.py:188} INFO - [2026-04-29T14:15:00.399+0000] {dag.py:3823} INFO - Setting next_dagrun for sus_pipeline to 2026-04-01 00:00:00+00:00, run_after=2026-05-01 00:00:00+00:00
[2026-04-29T14:15:00.492+0000] {processor.py:183} INFO - Processing /opt/airflow/dags/sus_pipeline.py took 3.453 seconds
[2026-04-29T14:15:31.276+0000] {processor.py:161} INFO - Started process (PID=1772) to work on /opt/airflow/dags/sus_pipeline.py
[2026-04-29T14:15:31.281+0000] {processor.py:830} INFO - Processing file /opt/airflow/dags/sus_pipeline.py for tasks to queue
[2026-04-29T14:15:31.283+0000] {logging_mixin.py:188} INFO - [2026-04-29T14:15:31.282+0000] {dagbag.py:538} INFO - Filling up the DagBag from /opt/airflow/dags/sus_pipeline.py
[2026-04-29T14:15:34.174+0000] {processor.py:840} INFO - DAG(s) 'sus_pipeline' retrieved from /opt/airflow/dags/sus_pipeline.py
[2026-04-29T14:15:34.214+0000] {logging_mixin.py:188} INFO - [2026-04-29T14:15:34.213+0000] {dag.py:3036} INFO - Sync 1 DAGs
[2026-04-29T14:15:34.264+0000] {logging_mixin.py:188} INFO - [2026-04-29T14:15:34.263+0000] {dag.py:3823} INFO - Setting next_dagrun for sus_pipeline to 2026-04-01 00:00:00+00:00, run_after=2026-05-01 00:00:00+00:00
[2026-04-29T14:15:34.306+0000] {processor.py:183} INFO - Processing /opt/airflow/dags/sus_pipeline.py took 3.037 seconds
[2026-04-29T14:16:05.070+0000] {processor.py:161} INFO - Started process (PID=1824) to work on /opt/airflow/dags/sus_pipeline.py
[2026-04-29T14:16:05.078+0000] {processor.py:830} INFO - Processing file /opt/airflow/dags/sus_pipeline.py for tasks to queue
[2026-04-29T14:16:05.080+0000] {logging_mixin.py:188} INFO - [2026-04-29T14:16:05.079+0000] {dagbag.py:538} INFO - Filling up the DagBag from /opt/airflow/dags/sus_pipeline.py
[2026-04-29T14:16:08.431+0000] {processor.py:840} INFO - DAG(s) 'sus_pipeline' retrieved from /opt/airflow/dags/sus_pipeline.py
[2026-04-29T14:16:08.498+0000] {logging_mixin.py:188} INFO - [2026-04-29T14:16:08.497+0000] {dag.py:3036} INFO - Sync 1 DAGs
[2026-04-29T14:16:08.538+0000] {logging_mixin.py:188} INFO - [2026-04-29T14:16:08.538+0000] {dag.py:3823} INFO - Setting next_dagrun for sus_pipeline to 2026-04-01 00:00:00+00:00, run_after=2026-05-01 00:00:00+00:00
[2026-04-29T14:16:08.739+0000] {processor.py:183} INFO - Processing /opt/airflow/dags/sus_pipeline.py took 3.677 seconds
[2026-04-29T14:16:39.482+0000] {processor.py:161} INFO - Started process (PID=1889) to work on /opt/airflow/dags/sus_pipeline.py
[2026-04-29T14:16:39.484+0000] {processor.py:830} INFO - Processing file /opt/airflow/dags/sus_pipeline.py for tasks to queue
[2026-04-29T14:16:39.485+0000] {logging_mixin.py:188} INFO - [2026-04-29T14:16:39.485+0000] {dagbag.py:538} INFO - Filling up the DagBag from /opt/airflow/dags/sus_pipeline.py
[2026-04-29T14:16:41.987+0000] {processor.py:840} INFO - DAG(s) 'sus_pipeline' retrieved from /opt/airflow/dags/sus_pipeline.py
[2026-04-29T14:16:42.026+0000] {logging_mixin.py:188} INFO - [2026-04-29T14:16:42.025+0000] {dag.py:3036} INFO - Sync 1 DAGs
[2026-04-29T14:16:42.234+0000] {logging_mixin.py:188} INFO - [2026-04-29T14:16:42.234+0000] {dag.py:3823} INFO - Setting next_dagrun for sus_pipeline to 2026-04-01 00:00:00+00:00, run_after=2026-05-01 00:00:00+00:00
[2026-04-29T14:16:42.268+0000] {processor.py:183} INFO - Processing /opt/airflow/dags/sus_pipeline.py took 2.795 seconds
[2026-04-29T14:17:12.376+0000] {processor.py:161} INFO - Started process (PID=1945) to work on /opt/airflow/dags/sus_pipeline.py
[2026-04-29T14:17:12.383+0000] {processor.py:830} INFO - Processing file /opt/airflow/dags/sus_pipeline.py for tasks to queue
[2026-04-29T14:17:12.384+0000] {logging_mixin.py:188} INFO - [2026-04-29T14:17:12.384+0000] {dagbag.py:538} INFO - Filling up the DagBag from /opt/airflow/dags/sus_pipeline.py
[2026-04-29T14:17:14.260+0000] {processor.py:840} INFO - DAG(s) 'sus_pipeline' retrieved from /opt/airflow/dags/sus_pipeline.py
[2026-04-29T14:17:14.293+0000] {logging_mixin.py:188} INFO - [2026-04-29T14:17:14.292+0000] {dag.py:3036} INFO - Sync 1 DAGs
[2026-04-29T14:17:14.472+0000] {logging_mixin.py:188} INFO - [2026-04-29T14:17:14.472+0000] {dag.py:3823} INFO - Setting next_dagrun for sus_pipeline to 2026-04-01 00:00:00+00:00, run_after=2026-05-01 00:00:00+00:00
[2026-04-29T14:17:14.502+0000] {processor.py:183} INFO - Processing /opt/airflow/dags/sus_pipeline.py took 2.134 seconds
[2026-04-29T14:17:45.031+0000] {processor.py:161} INFO - Started process (PID=2001) to work on /opt/airflow/dags/sus_pipeline.py
[2026-04-29T14:17:45.035+0000] {processor.py:830} INFO - Processing file /opt/airflow/dags/sus_pipeline.py for tasks to queue
[2026-04-29T14:17:45.037+0000] {logging_mixin.py:188} INFO - [2026-04-29T14:17:45.036+0000] {dagbag.py:538} INFO - Filling up the DagBag from /opt/airflow/dags/sus_pipeline.py
[2026-04-29T14:17:47.314+0000] {processor.py:840} INFO - DAG(s) 'sus_pipeline' retrieved from /opt/airflow/dags/sus_pipeline.py
[2026-04-29T14:17:47.349+0000] {logging_mixin.py:188} INFO - [2026-04-29T14:17:47.349+0000] {dag.py:3036} INFO - Sync 1 DAGs
[2026-04-29T14:17:47.391+0000] {logging_mixin.py:188} INFO - [2026-04-29T14:17:47.391+0000] {dag.py:3823} INFO - Setting next_dagrun for sus_pipeline to 2026-04-01 00:00:00+00:00, run_after=2026-05-01 00:00:00+00:00
[2026-04-29T14:17:47.422+0000] {processor.py:183} INFO - Processing /opt/airflow/dags/sus_pipeline.py took 2.397 seconds
[2026-04-29T14:18:17.978+0000] {processor.py:161} INFO - Started process (PID=2053) to work on /opt/airflow/dags/sus_pipeline.py
[2026-04-29T14:18:17.992+0000] {processor.py:830} INFO - Processing file /opt/airflow/dags/sus_pipeline.py for tasks to queue
[2026-04-29T14:18:17.994+0000] {logging_mixin.py:188} INFO - [2026-04-29T14:18:17.993+0000] {dagbag.py:538} INFO - Filling up the DagBag from /opt/airflow/dags/sus_pipeline.py
[2026-04-29T14:18:20.987+0000] {processor.py:840} INFO - DAG(s) 'sus_pipeline' retrieved from /opt/airflow/dags/sus_pipeline.py
[2026-04-29T14:18:21.041+0000] {logging_mixin.py:188} INFO - [2026-04-29T14:18:21.039+0000] {dag.py:3036} INFO - Sync 1 DAGs
[2026-04-29T14:18:21.092+0000] {logging_mixin.py:188} INFO - [2026-04-29T14:18:21.092+0000] {dag.py:3823} INFO - Setting next_dagrun for sus_pipeline to 2026-04-01 00:00:00+00:00, run_after=2026-05-01 00:00:00+00:00
[2026-04-29T14:18:21.193+0000] {processor.py:183} INFO - Processing /opt/airflow/dags/sus_pipeline.py took 3.223 seconds
[2026-04-29T14:18:51.934+0000] {processor.py:161} INFO - Started process (PID=2109) to work on /opt/airflow/dags/sus_pipeline.py
[2026-04-29T14:18:51.937+0000] {processor.py:830} INFO - Processing file /opt/airflow/dags/sus_pipeline.py for tasks to queue
[2026-04-29T14:18:51.940+0000] {logging_mixin.py:188} INFO - [2026-04-29T14:18:51.939+0000] {dagbag.py:538} INFO - Filling up the DagBag from /opt/airflow/dags/sus_pipeline.py
[2026-04-29T14:18:56.059+0000] {processor.py:840} INFO - DAG(s) 'sus_pipeline' retrieved from /opt/airflow/dags/sus_pipeline.py
[2026-04-29T14:18:56.095+0000] {logging_mixin.py:188} INFO - [2026-04-29T14:18:56.095+0000] {dag.py:3036} INFO - Sync 1 DAGs
[2026-04-29T14:18:56.274+0000] {logging_mixin.py:188} INFO - [2026-04-29T14:18:56.273+0000] {dag.py:3823} INFO - Setting next_dagrun for sus_pipeline to 2026-04-01 00:00:00+00:00, run_after=2026-05-01 00:00:00+00:00
[2026-04-29T14:18:56.302+0000] {processor.py:183} INFO - Processing /opt/airflow/dags/sus_pipeline.py took 4.402 seconds
[2026-04-29T14:19:26.667+0000] {processor.py:161} INFO - Started process (PID=2167) to work on /opt/airflow/dags/sus_pipeline.py
[2026-04-29T14:19:26.670+0000] {processor.py:830} INFO - Processing file /opt/airflow/dags/sus_pipeline.py for tasks to queue
[2026-04-29T14:19:26.671+0000] {logging_mixin.py:188} INFO - [2026-04-29T14:19:26.671+0000] {dagbag.py:538} INFO - Filling up the DagBag from /opt/airflow/dags/sus_pipeline.py
[2026-04-29T14:19:29.162+0000] {processor.py:840} INFO - DAG(s) 'sus_pipeline' retrieved from /opt/airflow/dags/sus_pipeline.py
[2026-04-29T14:19:29.235+0000] {logging_mixin.py:188} INFO - [2026-04-29T14:19:29.235+0000] {dag.py:3036} INFO - Sync 1 DAGs
[2026-04-29T14:19:29.433+0000] {logging_mixin.py:188} INFO - [2026-04-29T14:19:29.433+0000] {dag.py:3823} INFO - Setting next_dagrun for sus_pipeline to 2026-04-01 00:00:00+00:00, run_after=2026-05-01 00:00:00+00:00
[2026-04-29T14:19:29.469+0000] {processor.py:183} INFO - Processing /opt/airflow/dags/sus_pipeline.py took 2.813 seconds
[2026-04-29T14:19:59.786+0000] {processor.py:161} INFO - Started process (PID=2227) to work on /opt/airflow/dags/sus_pipeline.py
[2026-04-29T14:19:59.788+0000] {processor.py:830} INFO - Processing file /opt/airflow/dags/sus_pipeline.py for tasks to queue
[2026-04-29T14:19:59.790+0000] {logging_mixin.py:188} INFO - [2026-04-29T14:19:59.789+0000] {dagbag.py:538} INFO - Filling up the DagBag from /opt/airflow/dags/sus_pipeline.py
[2026-04-29T14:20:02.318+0000] {processor.py:840} INFO - DAG(s) 'sus_pipeline' retrieved from /opt/airflow/dags/sus_pipeline.py
[2026-04-29T14:20:02.371+0000] {logging_mixin.py:188} INFO - [2026-04-29T14:20:02.370+0000] {dag.py:3036} INFO - Sync 1 DAGs
[2026-04-29T14:20:02.402+0000] {logging_mixin.py:188} INFO - [2026-04-29T14:20:02.402+0000] {dag.py:3823} INFO - Setting next_dagrun for sus_pipeline to 2026-04-01 00:00:00+00:00, run_after=2026-05-01 00:00:00+00:00
[2026-04-29T14:20:02.447+0000] {processor.py:183} INFO - Processing /opt/airflow/dags/sus_pipeline.py took 2.673 seconds
[2026-04-29T14:20:05.296+0000] {processor.py:161} INFO - Started process (PID=2239) to work on /opt/airflow/dags/sus_pipeline.py
[2026-04-29T14:20:05.298+0000] {processor.py:830} INFO - Processing file /opt/airflow/dags/sus_pipeline.py for tasks to queue
[2026-04-29T14:20:05.301+0000] {logging_mixin.py:188} INFO - [2026-04-29T14:20:05.300+0000] {dagbag.py:538} INFO - Filling up the DagBag from /opt/airflow/dags/sus_pipeline.py
[2026-04-29T14:20:08.667+0000] {processor.py:840} INFO - DAG(s) 'sus_pipeline' retrieved from /opt/airflow/dags/sus_pipeline.py
[2026-04-29T14:20:08.728+0000] {logging_mixin.py:188} INFO - [2026-04-29T14:20:08.727+0000] {dag.py:3036} INFO - Sync 1 DAGs
[2026-04-29T14:20:08.776+0000] {logging_mixin.py:188} INFO - [2026-04-29T14:20:08.776+0000] {dag.py:3823} INFO - Setting next_dagrun for sus_pipeline to 2026-04-01 00:00:00+00:00, run_after=2026-05-01 00:00:00+00:00
[2026-04-29T14:20:09.309+0000] {processor.py:183} INFO - Processing /opt/airflow/dags/sus_pipeline.py took 4.021 seconds
[2026-04-29T14:20:40.280+0000] {processor.py:161} INFO - Started process (PID=2283) to work on /opt/airflow/dags/sus_pipeline.py
[2026-04-29T14:20:40.283+0000] {processor.py:830} INFO - Processing file /opt/airflow/dags/sus_pipeline.py for tasks to queue
[2026-04-29T14:20:40.287+0000] {logging_mixin.py:188} INFO - [2026-04-29T14:20:40.285+0000] {dagbag.py:538} INFO - Filling up the DagBag from /opt/airflow/dags/sus_pipeline.py
[2026-04-29T14:20:46.144+0000] {processor.py:840} INFO - DAG(s) 'sus_pipeline' retrieved from /opt/airflow/dags/sus_pipeline.py
[2026-04-29T14:20:46.189+0000] {logging_mixin.py:188} INFO - [2026-04-29T14:20:46.188+0000] {dag.py:3036} INFO - Sync 1 DAGs
[2026-04-29T14:20:46.232+0000] {logging_mixin.py:188} INFO - [2026-04-29T14:20:46.231+0000] {dag.py:3823} INFO - Setting next_dagrun for sus_pipeline to 2026-04-01 00:00:00+00:00, run_after=2026-05-01 00:00:00+00:00
[2026-04-29T14:20:46.289+0000] {processor.py:183} INFO - Processing /opt/airflow/dags/sus_pipeline.py took 6.027 seconds
[2026-04-29T14:21:17.386+0000] {processor.py:161} INFO - Started process (PID=2323) to work on /opt/airflow/dags/sus_pipeline.py
[2026-04-29T14:21:17.398+0000] {processor.py:830} INFO - Processing file /opt/airflow/dags/sus_pipeline.py for tasks to queue
[2026-04-29T14:21:17.403+0000] {logging_mixin.py:188} INFO - [2026-04-29T14:21:17.401+0000] {dagbag.py:538} INFO - Filling up the DagBag from /opt/airflow/dags/sus_pipeline.py
[2026-04-29T14:21:21.236+0000] {processor.py:840} INFO - DAG(s) 'sus_pipeline' retrieved from /opt/airflow/dags/sus_pipeline.py
[2026-04-29T14:21:21.326+0000] {logging_mixin.py:188} INFO - [2026-04-29T14:21:21.324+0000] {dag.py:3036} INFO - Sync 1 DAGs
[2026-04-29T14:21:21.672+0000] {logging_mixin.py:188} INFO - [2026-04-29T14:21:21.671+0000] {dag.py:3823} INFO - Setting next_dagrun for sus_pipeline to 2026-04-01 00:00:00+00:00, run_after=2026-05-01 00:00:00+00:00
[2026-04-29T14:21:21.747+0000] {processor.py:183} INFO - Processing /opt/airflow/dags/sus_pipeline.py took 4.395 seconds
[2026-04-29T14:21:52.121+0000] {processor.py:161} INFO - Started process (PID=2376) to work on /opt/airflow/dags/sus_pipeline.py
[2026-04-29T14:21:52.124+0000] {processor.py:830} INFO - Processing file /opt/airflow/dags/sus_pipeline.py for tasks to queue
[2026-04-29T14:21:52.126+0000] {logging_mixin.py:188} INFO - [2026-04-29T14:21:52.125+0000] {dagbag.py:538} INFO - Filling up the DagBag from /opt/airflow/dags/sus_pipeline.py
[2026-04-29T14:21:54.496+0000] {processor.py:840} INFO - DAG(s) 'sus_pipeline' retrieved from /opt/airflow/dags/sus_pipeline.py
[2026-04-29T14:21:54.534+0000] {logging_mixin.py:188} INFO - [2026-04-29T14:21:54.534+0000] {dag.py:3036} INFO - Sync 1 DAGs
[2026-04-29T14:21:54.758+0000] {logging_mixin.py:188} INFO - [2026-04-29T14:21:54.758+0000] {dag.py:3823} INFO - Setting next_dagrun for sus_pipeline to 2026-04-01 00:00:00+00:00, run_after=2026-05-01 00:00:00+00:00
[2026-04-29T14:21:54.796+0000] {processor.py:183} INFO - Processing /opt/airflow/dags/sus_pipeline.py took 2.682 seconds
[2026-04-29T14:22:25.240+0000] {processor.py:161} INFO - Started process (PID=2424) to work on /opt/airflow/dags/sus_pipeline.py
[2026-04-29T14:22:25.254+0000] {processor.py:830} INFO - Processing file /opt/airflow/dags/sus_pipeline.py for tasks to queue
[2026-04-29T14:22:25.274+0000] {logging_mixin.py:188} INFO - [2026-04-29T14:22:25.271+0000] {dagbag.py:538} INFO - Filling up the DagBag from /opt/airflow/dags/sus_pipeline.py
[2026-04-29T14:22:28.314+0000] {processor.py:840} INFO - DAG(s) 'sus_pipeline' retrieved from /opt/airflow/dags/sus_pipeline.py
[2026-04-29T14:22:28.540+0000] {logging_mixin.py:188} INFO - [2026-04-29T14:22:28.540+0000] {dag.py:3036} INFO - Sync 1 DAGs
[2026-04-29T14:22:28.575+0000] {logging_mixin.py:188} INFO - [2026-04-29T14:22:28.575+0000] {dag.py:3823} INFO - Setting next_dagrun for sus_pipeline to 2026-04-01 00:00:00+00:00, run_after=2026-05-01 00:00:00+00:00
[2026-04-29T14:22:28.619+0000] {processor.py:183} INFO - Processing /opt/airflow/dags/sus_pipeline.py took 3.410 seconds
[2026-04-29T14:22:59.185+0000] {processor.py:161} INFO - Started process (PID=2472) to work on /opt/airflow/dags/sus_pipeline.py
[2026-04-29T14:22:59.190+0000] {processor.py:830} INFO - Processing file /opt/airflow/dags/sus_pipeline.py for tasks to queue
[2026-04-29T14:22:59.193+0000] {logging_mixin.py:188} INFO - [2026-04-29T14:22:59.192+0000] {dagbag.py:538} INFO - Filling up the DagBag from /opt/airflow/dags/sus_pipeline.py
[2026-04-29T14:23:02.082+0000] {processor.py:840} INFO - DAG(s) 'sus_pipeline' retrieved from /opt/airflow/dags/sus_pipeline.py
[2026-04-29T14:23:02.114+0000] {logging_mixin.py:188} INFO - [2026-04-29T14:23:02.114+0000] {dag.py:3036} INFO - Sync 1 DAGs
[2026-04-29T14:23:02.168+0000] {logging_mixin.py:188} INFO - [2026-04-29T14:23:02.168+0000] {dag.py:3823} INFO - Setting next_dagrun for sus_pipeline to 2026-04-01 00:00:00+00:00, run_after=2026-05-01 00:00:00+00:00
[2026-04-29T14:23:02.202+0000] {processor.py:183} INFO - Processing /opt/airflow/dags/sus_pipeline.py took 3.025 seconds
[2026-04-29T14:23:32.805+0000] {processor.py:161} INFO - Started process (PID=2534) to work on /opt/airflow/dags/sus_pipeline.py
[2026-04-29T14:23:32.807+0000] {processor.py:830} INFO - Processing file /opt/airflow/dags/sus_pipeline.py for tasks to queue
[2026-04-29T14:23:32.809+0000] {logging_mixin.py:188} INFO - [2026-04-29T14:23:32.808+0000] {dagbag.py:538} INFO - Filling up the DagBag from /opt/airflow/dags/sus_pipeline.py
[2026-04-29T14:23:35.851+0000] {processor.py:840} INFO - DAG(s) 'sus_pipeline' retrieved from /opt/airflow/dags/sus_pipeline.py
[2026-04-29T14:23:35.886+0000] {logging_mixin.py:188} INFO - [2026-04-29T14:23:35.885+0000] {dag.py:3036} INFO - Sync 1 DAGs
[2026-04-29T14:23:35.920+0000] {logging_mixin.py:188} INFO - [2026-04-29T14:23:35.919+0000] {dag.py:3823} INFO - Setting next_dagrun for sus_pipeline to 2026-04-01 00:00:00+00:00, run_after=2026-05-01 00:00:00+00:00
[2026-04-29T14:23:36.109+0000] {processor.py:183} INFO - Processing /opt/airflow/dags/sus_pipeline.py took 3.317 seconds
[2026-04-29T14:24:06.641+0000] {processor.py:161} INFO - Started process (PID=2582) to work on /opt/airflow/dags/sus_pipeline.py
[2026-04-29T14:24:06.645+0000] {processor.py:830} INFO - Processing file /opt/airflow/dags/sus_pipeline.py for tasks to queue
[2026-04-29T14:24:06.651+0000] {logging_mixin.py:188} INFO - [2026-04-29T14:24:06.650+0000] {dagbag.py:538} INFO - Filling up the DagBag from /opt/airflow/dags/sus_pipeline.py
[2026-04-29T14:24:12.036+0000] {processor.py:840} INFO - DAG(s) 'sus_pipeline' retrieved from /opt/airflow/dags/sus_pipeline.py
[2026-04-29T14:24:12.125+0000] {logging_mixin.py:188} INFO - [2026-04-29T14:24:12.123+0000] {dag.py:3036} INFO - Sync 1 DAGs
[2026-04-29T14:24:12.557+0000] {logging_mixin.py:188} INFO - [2026-04-29T14:24:12.556+0000] {dag.py:3823} INFO - Setting next_dagrun for sus_pipeline to 2026-04-01 00:00:00+00:00, run_after=2026-05-01 00:00:00+00:00
[2026-04-29T14:24:12.760+0000] {processor.py:183} INFO - Processing /opt/airflow/dags/sus_pipeline.py took 6.134 seconds
[2026-04-29T14:24:43.357+0000] {processor.py:161} INFO - Started process (PID=2630) to work on /opt/airflow/dags/sus_pipeline.py
[2026-04-29T14:24:43.360+0000] {processor.py:830} INFO - Processing file /opt/airflow/dags/sus_pipeline.py for tasks to queue
[2026-04-29T14:24:43.363+0000] {logging_mixin.py:188} INFO - [2026-04-29T14:24:43.362+0000] {dagbag.py:538} INFO - Filling up the DagBag from /opt/airflow/dags/sus_pipeline.py
[2026-04-29T14:24:46.364+0000] {processor.py:840} INFO - DAG(s) 'sus_pipeline' retrieved from /opt/airflow/dags/sus_pipeline.py
[2026-04-29T14:24:46.575+0000] {logging_mixin.py:188} INFO - [2026-04-29T14:24:46.574+0000] {dag.py:3036} INFO - Sync 1 DAGs
[2026-04-29T14:24:46.620+0000] {logging_mixin.py:188} INFO - [2026-04-29T14:24:46.620+0000] {dag.py:3823} INFO - Setting next_dagrun for sus_pipeline to 2026-04-01 00:00:00+00:00, run_after=2026-05-01 00:00:00+00:00
[2026-04-29T14:24:46.652+0000] {processor.py:183} INFO - Processing /opt/airflow/dags/sus_pipeline.py took 3.309 seconds
[2026-04-29T14:25:17.367+0000] {processor.py:161} INFO - Started process (PID=2678) to work on /opt/airflow/dags/sus_pipeline.py
[2026-04-29T14:25:17.370+0000] {processor.py:830} INFO - Processing file /opt/airflow/dags/sus_pipeline.py for tasks to queue
[2026-04-29T14:25:17.373+0000] {logging_mixin.py:188} INFO - [2026-04-29T14:25:17.372+0000] {dagbag.py:538} INFO - Filling up the DagBag from /opt/airflow/dags/sus_pipeline.py
[2026-04-29T14:25:20.781+0000] {processor.py:840} INFO - DAG(s) 'sus_pipeline' retrieved from /opt/airflow/dags/sus_pipeline.py
[2026-04-29T14:25:20.855+0000] {logging_mixin.py:188} INFO - [2026-04-29T14:25:20.854+0000] {dag.py:3036} INFO - Sync 1 DAGs
[2026-04-29T14:25:20.899+0000] {logging_mixin.py:188} INFO - [2026-04-29T14:25:20.899+0000] {dag.py:3823} INFO - Setting next_dagrun for sus_pipeline to 2026-04-01 00:00:00+00:00, run_after=2026-05-01 00:00:00+00:00
[2026-04-29T14:25:20.939+0000] {processor.py:183} INFO - Processing /opt/airflow/dags/sus_pipeline.py took 3.581 seconds
[2026-04-29T14:25:51.130+0000] {processor.py:161} INFO - Started process (PID=2738) to work on /opt/airflow/dags/sus_pipeline.py
[2026-04-29T14:25:51.132+0000] {processor.py:830} INFO - Processing file /opt/airflow/dags/sus_pipeline.py for tasks to queue
[2026-04-29T14:25:51.135+0000] {logging_mixin.py:188} INFO - [2026-04-29T14:25:51.134+0000] {dagbag.py:538} INFO - Filling up the DagBag from /opt/airflow/dags/sus_pipeline.py
[2026-04-29T14:25:54.660+0000] {processor.py:840} INFO - DAG(s) 'sus_pipeline' retrieved from /opt/airflow/dags/sus_pipeline.py
[2026-04-29T14:25:54.699+0000] {logging_mixin.py:188} INFO - [2026-04-29T14:25:54.698+0000] {dag.py:3036} INFO - Sync 1 DAGs
[2026-04-29T14:25:54.767+0000] {logging_mixin.py:188} INFO - [2026-04-29T14:25:54.765+0000] {dag.py:3823} INFO - Setting next_dagrun for sus_pipeline to 2026-04-01 00:00:00+00:00, run_after=2026-05-01 00:00:00+00:00
[2026-04-29T14:25:55.020+0000] {processor.py:183} INFO - Processing /opt/airflow/dags/sus_pipeline.py took 3.899 seconds
[2026-04-29T14:26:25.433+0000] {processor.py:161} INFO - Started process (PID=2806) to work on /opt/airflow/dags/sus_pipeline.py
[2026-04-29T14:26:25.435+0000] {processor.py:830} INFO - Processing file /opt/airflow/dags/sus_pipeline.py for tasks to queue
[2026-04-29T14:26:25.436+0000] {logging_mixin.py:188} INFO - [2026-04-29T14:26:25.435+0000] {dagbag.py:538} INFO - Filling up the DagBag from /opt/airflow/dags/sus_pipeline.py
[2026-04-29T14:26:27.644+0000] {processor.py:840} INFO - DAG(s) 'sus_pipeline' retrieved from /opt/airflow/dags/sus_pipeline.py
[2026-04-29T14:26:27.676+0000] {logging_mixin.py:188} INFO - [2026-04-29T14:26:27.676+0000] {dag.py:3036} INFO - Sync 1 DAGs
[2026-04-29T14:26:27.844+0000] {logging_mixin.py:188} INFO - [2026-04-29T14:26:27.844+0000] {dag.py:3823} INFO - Setting next_dagrun for sus_pipeline to 2026-04-01 00:00:00+00:00, run_after=2026-05-01 00:00:00+00:00
[2026-04-29T14:26:27.868+0000] {processor.py:183} INFO - Processing /opt/airflow/dags/sus_pipeline.py took 2.442 seconds
[2026-04-29T14:26:58.532+0000] {processor.py:161} INFO - Started process (PID=2870) to work on /opt/airflow/dags/sus_pipeline.py
[2026-04-29T14:26:58.534+0000] {processor.py:830} INFO - Processing file /opt/airflow/dags/sus_pipeline.py for tasks to queue
[2026-04-29T14:26:58.536+0000] {logging_mixin.py:188} INFO - [2026-04-29T14:26:58.535+0000] {dagbag.py:538} INFO - Filling up the DagBag from /opt/airflow/dags/sus_pipeline.py
[2026-04-29T14:27:00.885+0000] {processor.py:840} INFO - DAG(s) 'sus_pipeline' retrieved from /opt/airflow/dags/sus_pipeline.py
[2026-04-29T14:27:00.920+0000] {logging_mixin.py:188} INFO - [2026-04-29T14:27:00.919+0000] {dag.py:3036} INFO - Sync 1 DAGs
[2026-04-29T14:27:01.138+0000] {logging_mixin.py:188} INFO - [2026-04-29T14:27:01.138+0000] {dag.py:3823} INFO - Setting next_dagrun for sus_pipeline to 2026-04-01 00:00:00+00:00, run_after=2026-05-01 00:00:00+00:00
[2026-04-29T14:27:01.179+0000] {processor.py:183} INFO - Processing /opt/airflow/dags/sus_pipeline.py took 2.652 seconds
[2026-04-29T14:27:31.900+0000] {processor.py:161} INFO - Started process (PID=2926) to work on /opt/airflow/dags/sus_pipeline.py
[2026-04-29T14:27:31.902+0000] {processor.py:830} INFO - Processing file /opt/airflow/dags/sus_pipeline.py for tasks to queue
[2026-04-29T14:27:31.903+0000] {logging_mixin.py:188} INFO - [2026-04-29T14:27:31.902+0000] {dagbag.py:538} INFO - Filling up the DagBag from /opt/airflow/dags/sus_pipeline.py
[2026-04-29T14:27:34.415+0000] {processor.py:840} INFO - DAG(s) 'sus_pipeline' retrieved from /opt/airflow/dags/sus_pipeline.py
[2026-04-29T14:27:34.464+0000] {logging_mixin.py:188} INFO - [2026-04-29T14:27:34.464+0000] {dag.py:3036} INFO - Sync 1 DAGs
[2026-04-29T14:27:34.516+0000] {logging_mixin.py:188} INFO - [2026-04-29T14:27:34.515+0000] {dag.py:3823} INFO - Setting next_dagrun for sus_pipeline to 2026-04-01 00:00:00+00:00, run_after=2026-05-01 00:00:00+00:00
[2026-04-29T14:27:34.556+0000] {processor.py:183} INFO - Processing /opt/airflow/dags/sus_pipeline.py took 2.661 seconds
[2026-04-29T14:28:05.590+0000] {processor.py:161} INFO - Started process (PID=2970) to work on /opt/airflow/dags/sus_pipeline.py
[2026-04-29T14:28:05.594+0000] {processor.py:830} INFO - Processing file /opt/airflow/dags/sus_pipeline.py for tasks to queue
[2026-04-29T14:28:05.597+0000] {logging_mixin.py:188} INFO - [2026-04-29T14:28:05.596+0000] {dagbag.py:538} INFO - Filling up the DagBag from /opt/airflow/dags/sus_pipeline.py
[2026-04-29T14:28:08.813+0000] {processor.py:840} INFO - DAG(s) 'sus_pipeline' retrieved from /opt/airflow/dags/sus_pipeline.py
[2026-04-29T14:28:08.914+0000] {logging_mixin.py:188} INFO - [2026-04-29T14:28:08.913+0000] {dag.py:3036} INFO - Sync 1 DAGs
[2026-04-29T14:28:08.983+0000] {logging_mixin.py:188} INFO - [2026-04-29T14:28:08.983+0000] {dag.py:3823} INFO - Setting next_dagrun for sus_pipeline to 2026-04-01 00:00:00+00:00, run_after=2026-05-01 00:00:00+00:00
[2026-04-29T14:28:09.218+0000] {processor.py:183} INFO - Processing /opt/airflow/dags/sus_pipeline.py took 3.640 seconds
[2026-04-29T14:28:39.894+0000] {processor.py:161} INFO - Started process (PID=3018) to work on /opt/airflow/dags/sus_pipeline.py
[2026-04-29T14:28:39.897+0000] {processor.py:830} INFO - Processing file /opt/airflow/dags/sus_pipeline.py for tasks to queue
[2026-04-29T14:28:39.898+0000] {logging_mixin.py:188} INFO - [2026-04-29T14:28:39.898+0000] {dagbag.py:538} INFO - Filling up the DagBag from /opt/airflow/dags/sus_pipeline.py
[2026-04-29T14:28:42.919+0000] {processor.py:840} INFO - DAG(s) 'sus_pipeline' retrieved from /opt/airflow/dags/sus_pipeline.py
[2026-04-29T14:28:42.950+0000] {logging_mixin.py:188} INFO - [2026-04-29T14:28:42.950+0000] {dag.py:3036} INFO - Sync 1 DAGs
[2026-04-29T14:28:43.144+0000] {logging_mixin.py:188} INFO - [2026-04-29T14:28:43.144+0000] {dag.py:3823} INFO - Setting next_dagrun for sus_pipeline to 2026-04-01 00:00:00+00:00, run_after=2026-05-01 00:00:00+00:00
[2026-04-29T14:28:43.172+0000] {processor.py:183} INFO - Processing /opt/airflow/dags/sus_pipeline.py took 3.283 seconds
[2026-04-29T14:29:14.848+0000] {processor.py:161} INFO - Started process (PID=3082) to work on /opt/airflow/dags/sus_pipeline.py
[2026-04-29T14:29:14.851+0000] {processor.py:830} INFO - Processing file /opt/airflow/dags/sus_pipeline.py for tasks to queue
[2026-04-29T14:29:14.853+0000] {logging_mixin.py:188} INFO - [2026-04-29T14:29:14.852+0000] {dagbag.py:538} INFO - Filling up the DagBag from /opt/airflow/dags/sus_pipeline.py
[2026-04-29T14:29:17.450+0000] {processor.py:840} INFO - DAG(s) 'sus_pipeline' retrieved from /opt/airflow/dags/sus_pipeline.py
[2026-04-29T14:29:17.514+0000] {logging_mixin.py:188} INFO - [2026-04-29T14:29:17.514+0000] {dag.py:3036} INFO - Sync 1 DAGs
[2026-04-29T14:29:17.789+0000] {logging_mixin.py:188} INFO - [2026-04-29T14:29:17.789+0000] {dag.py:3823} INFO - Setting next_dagrun for sus_pipeline to 2026-04-01 00:00:00+00:00, run_after=2026-05-01 00:00:00+00:00
[2026-04-29T14:29:17.834+0000] {processor.py:183} INFO - Processing /opt/airflow/dags/sus_pipeline.py took 2.994 seconds
[2026-04-29T14:29:49.485+0000] {processor.py:161} INFO - Started process (PID=3138) to work on /opt/airflow/dags/sus_pipeline.py
[2026-04-29T14:29:49.487+0000] {processor.py:830} INFO - Processing file /opt/airflow/dags/sus_pipeline.py for tasks to queue
[2026-04-29T14:29:49.488+0000] {logging_mixin.py:188} INFO - [2026-04-29T14:29:49.488+0000] {dagbag.py:538} INFO - Filling up the DagBag from /opt/airflow/dags/sus_pipeline.py
[2026-04-29T14:29:51.263+0000] {processor.py:840} INFO - DAG(s) 'sus_pipeline' retrieved from /opt/airflow/dags/sus_pipeline.py
[2026-04-29T14:29:51.302+0000] {logging_mixin.py:188} INFO - [2026-04-29T14:29:51.301+0000] {dag.py:3036} INFO - Sync 1 DAGs
[2026-04-29T14:29:51.335+0000] {logging_mixin.py:188} INFO - [2026-04-29T14:29:51.335+0000] {dag.py:3823} INFO - Setting next_dagrun for sus_pipeline to 2026-04-01 00:00:00+00:00, run_after=2026-05-01 00:00:00+00:00
[2026-04-29T14:29:51.363+0000] {processor.py:183} INFO - Processing /opt/airflow/dags/sus_pipeline.py took 1.883 seconds
[2026-04-29T14:30:24.076+0000] {processor.py:161} INFO - Started process (PID=3210) to work on /opt/airflow/dags/sus_pipeline.py
[2026-04-29T14:30:24.078+0000] {processor.py:830} INFO - Processing file /opt/airflow/dags/sus_pipeline.py for tasks to queue
[2026-04-29T14:30:24.079+0000] {logging_mixin.py:188} INFO - [2026-04-29T14:30:24.079+0000] {dagbag.py:538} INFO - Filling up the DagBag from /opt/airflow/dags/sus_pipeline.py
[2026-04-29T14:30:25.818+0000] {processor.py:840} INFO - DAG(s) 'sus_pipeline' retrieved from /opt/airflow/dags/sus_pipeline.py
[2026-04-29T14:30:25.845+0000] {logging_mixin.py:188} INFO - [2026-04-29T14:30:25.844+0000] {dag.py:3036} INFO - Sync 1 DAGs
[2026-04-29T14:30:25.906+0000] {logging_mixin.py:188} INFO - [2026-04-29T14:30:25.905+0000] {dag.py:3823} INFO - Setting next_dagrun for sus_pipeline to 2026-04-01 00:00:00+00:00, run_after=2026-05-01 00:00:00+00:00
[2026-04-29T14:30:26.116+0000] {processor.py:183} INFO - Processing /opt/airflow/dags/sus_pipeline.py took 2.044 seconds
[2026-04-29T14:30:58.802+0000] {processor.py:161} INFO - Started process (PID=3282) to work on /opt/airflow/dags/sus_pipeline.py
[2026-04-29T14:30:58.804+0000] {processor.py:830} INFO - Processing file /opt/airflow/dags/sus_pipeline.py for tasks to queue
[2026-04-29T14:30:58.806+0000] {logging_mixin.py:188} INFO - [2026-04-29T14:30:58.805+0000] {dagbag.py:538} INFO - Filling up the DagBag from /opt/airflow/dags/sus_pipeline.py
[2026-04-29T14:31:00.611+0000] {processor.py:840} INFO - DAG(s) 'sus_pipeline' retrieved from /opt/airflow/dags/sus_pipeline.py
[2026-04-29T14:31:00.638+0000] {logging_mixin.py:188} INFO - [2026-04-29T14:31:00.637+0000] {dag.py:3036} INFO - Sync 1 DAGs
[2026-04-29T14:31:00.835+0000] {logging_mixin.py:188} INFO - [2026-04-29T14:31:00.835+0000] {dag.py:3823} INFO - Setting next_dagrun for sus_pipeline to 2026-04-01 00:00:00+00:00, run_after=2026-05-01 00:00:00+00:00
[2026-04-29T14:31:00.910+0000] {processor.py:183} INFO - Processing /opt/airflow/dags/sus_pipeline.py took 2.111 seconds
[2026-04-29T14:31:33.294+0000] {processor.py:161} INFO - Started process (PID=3346) to work on /opt/airflow/dags/sus_pipeline.py
[2026-04-29T14:31:33.296+0000] {processor.py:830} INFO - Processing file /opt/airflow/dags/sus_pipeline.py for tasks to queue
[2026-04-29T14:31:33.297+0000] {logging_mixin.py:188} INFO - [2026-04-29T14:31:33.297+0000] {dagbag.py:538} INFO - Filling up the DagBag from /opt/airflow/dags/sus_pipeline.py
[2026-04-29T14:31:35.332+0000] {processor.py:840} INFO - DAG(s) 'sus_pipeline' retrieved from /opt/airflow/dags/sus_pipeline.py
[2026-04-29T14:31:35.365+0000] {logging_mixin.py:188} INFO - [2026-04-29T14:31:35.364+0000] {dag.py:3036} INFO - Sync 1 DAGs
[2026-04-29T14:31:35.539+0000] {logging_mixin.py:188} INFO - [2026-04-29T14:31:35.539+0000] {dag.py:3823} INFO - Setting next_dagrun for sus_pipeline to 2026-04-01 00:00:00+00:00, run_after=2026-05-01 00:00:00+00:00
[2026-04-29T14:31:35.559+0000] {processor.py:183} INFO - Processing /opt/airflow/dags/sus_pipeline.py took 2.270 seconds
[2026-04-29T14:32:08.074+0000] {processor.py:161} INFO - Started process (PID=3410) to work on /opt/airflow/dags/sus_pipeline.py
[2026-04-29T14:32:08.078+0000] {processor.py:830} INFO - Processing file /opt/airflow/dags/sus_pipeline.py for tasks to queue
[2026-04-29T14:32:08.080+0000] {logging_mixin.py:188} INFO - [2026-04-29T14:32:08.079+0000] {dagbag.py:538} INFO - Filling up the DagBag from /opt/airflow/dags/sus_pipeline.py
[2026-04-29T14:32:10.677+0000] {processor.py:840} INFO - DAG(s) 'sus_pipeline' retrieved from /opt/airflow/dags/sus_pipeline.py
[2026-04-29T14:32:10.727+0000] {logging_mixin.py:188} INFO - [2026-04-29T14:32:10.726+0000] {dag.py:3036} INFO - Sync 1 DAGs
[2026-04-29T14:32:10.774+0000] {logging_mixin.py:188} INFO - [2026-04-29T14:32:10.773+0000] {dag.py:3823} INFO - Setting next_dagrun for sus_pipeline to 2026-04-01 00:00:00+00:00, run_after=2026-05-01 00:00:00+00:00
[2026-04-29T14:32:10.815+0000] {processor.py:183} INFO - Processing /opt/airflow/dags/sus_pipeline.py took 2.753 seconds
[2026-04-29T14:32:43.365+0000] {processor.py:161} INFO - Started process (PID=3482) to work on /opt/airflow/dags/sus_pipeline.py
[2026-04-29T14:32:43.367+0000] {processor.py:830} INFO - Processing file /opt/airflow/dags/sus_pipeline.py for tasks to queue
[2026-04-29T14:32:43.372+0000] {logging_mixin.py:188} INFO - [2026-04-29T14:32:43.372+0000] {dagbag.py:538} INFO - Filling up the DagBag from /opt/airflow/dags/sus_pipeline.py
[2026-04-29T14:32:45.289+0000] {processor.py:840} INFO - DAG(s) 'sus_pipeline' retrieved from /opt/airflow/dags/sus_pipeline.py
[2026-04-29T14:32:45.323+0000] {logging_mixin.py:188} INFO - [2026-04-29T14:32:45.322+0000] {dag.py:3036} INFO - Sync 1 DAGs
[2026-04-29T14:32:45.356+0000] {logging_mixin.py:188} INFO - [2026-04-29T14:32:45.356+0000] {dag.py:3823} INFO - Setting next_dagrun for sus_pipeline to 2026-04-01 00:00:00+00:00, run_after=2026-05-01 00:00:00+00:00
[2026-04-29T14:32:45.579+0000] {processor.py:183} INFO - Processing /opt/airflow/dags/sus_pipeline.py took 2.223 seconds
[2026-04-29T14:33:15.866+0000] {processor.py:161} INFO - Started process (PID=3546) to work on /opt/airflow/dags/sus_pipeline.py
[2026-04-29T14:33:15.869+0000] {processor.py:830} INFO - Processing file /opt/airflow/dags/sus_pipeline.py for tasks to queue
[2026-04-29T14:33:15.871+0000] {logging_mixin.py:188} INFO - [2026-04-29T14:33:15.870+0000] {dagbag.py:538} INFO - Filling up the DagBag from /opt/airflow/dags/sus_pipeline.py
[2026-04-29T14:33:18.528+0000] {processor.py:840} INFO - DAG(s) 'sus_pipeline' retrieved from /opt/airflow/dags/sus_pipeline.py
[2026-04-29T14:33:18.572+0000] {logging_mixin.py:188} INFO - [2026-04-29T14:33:18.572+0000] {dag.py:3036} INFO - Sync 1 DAGs
[2026-04-29T14:33:18.786+0000] {logging_mixin.py:188} INFO - [2026-04-29T14:33:18.785+0000] {dag.py:3823} INFO - Setting next_dagrun for sus_pipeline to 2026-04-01 00:00:00+00:00, run_after=2026-05-01 00:00:00+00:00
[2026-04-29T14:33:18.825+0000] {processor.py:183} INFO - Processing /opt/airflow/dags/sus_pipeline.py took 2.967 seconds
[2026-04-29T14:33:49.135+0000] {processor.py:161} INFO - Started process (PID=3594) to work on /opt/airflow/dags/sus_pipeline.py
[2026-04-29T14:33:49.137+0000] {processor.py:830} INFO - Processing file /opt/airflow/dags/sus_pipeline.py for tasks to queue
[2026-04-29T14:33:49.138+0000] {logging_mixin.py:188} INFO - [2026-04-29T14:33:49.138+0000] {dagbag.py:538} INFO - Filling up the DagBag from /opt/airflow/dags/sus_pipeline.py
[2026-04-29T14:33:51.404+0000] {processor.py:840} INFO - DAG(s) 'sus_pipeline' retrieved from /opt/airflow/dags/sus_pipeline.py
[2026-04-29T14:33:51.444+0000] {logging_mixin.py:188} INFO - [2026-04-29T14:33:51.443+0000] {dag.py:3036} INFO - Sync 1 DAGs
[2026-04-29T14:33:51.640+0000] {logging_mixin.py:188} INFO - [2026-04-29T14:33:51.639+0000] {dag.py:3823} INFO - Setting next_dagrun for sus_pipeline to 2026-04-01 00:00:00+00:00, run_after=2026-05-01 00:00:00+00:00
[2026-04-29T14:33:51.680+0000] {processor.py:183} INFO - Processing /opt/airflow/dags/sus_pipeline.py took 2.553 seconds
[2026-04-29T14:34:21.962+0000] {processor.py:161} INFO - Started process (PID=3654) to work on /opt/airflow/dags/sus_pipeline.py
[2026-04-29T14:34:21.965+0000] {processor.py:830} INFO - Processing file /opt/airflow/dags/sus_pipeline.py for tasks to queue
[2026-04-29T14:34:21.967+0000] {logging_mixin.py:188} INFO - [2026-04-29T14:34:21.966+0000] {dagbag.py:538} INFO - Filling up the DagBag from /opt/airflow/dags/sus_pipeline.py
[2026-04-29T14:34:26.894+0000] {processor.py:840} INFO - DAG(s) 'sus_pipeline' retrieved from /opt/airflow/dags/sus_pipeline.py
[2026-04-29T14:34:26.946+0000] {logging_mixin.py:188} INFO - [2026-04-29T14:34:26.945+0000] {dag.py:3036} INFO - Sync 1 DAGs
[2026-04-29T14:34:26.991+0000] {logging_mixin.py:188} INFO - [2026-04-29T14:34:26.990+0000] {dag.py:3823} INFO - Setting next_dagrun for sus_pipeline to 2026-04-01 00:00:00+00:00, run_after=2026-05-01 00:00:00+00:00
[2026-04-29T14:34:27.048+0000] {processor.py:183} INFO - Processing /opt/airflow/dags/sus_pipeline.py took 5.100 seconds
[2026-04-29T14:34:57.837+0000] {processor.py:161} INFO - Started process (PID=3710) to work on /opt/airflow/dags/sus_pipeline.py
[2026-04-29T14:34:57.840+0000] {processor.py:830} INFO - Processing file /opt/airflow/dags/sus_pipeline.py for tasks to queue
[2026-04-29T14:34:57.843+0000] {logging_mixin.py:188} INFO - [2026-04-29T14:34:57.842+0000] {dagbag.py:538} INFO - Filling up the DagBag from /opt/airflow/dags/sus_pipeline.py
[2026-04-29T14:35:01.154+0000] {processor.py:840} INFO - DAG(s) 'sus_pipeline' retrieved from /opt/airflow/dags/sus_pipeline.py
[2026-04-29T14:35:01.202+0000] {logging_mixin.py:188} INFO - [2026-04-29T14:35:01.201+0000] {dag.py:3036} INFO - Sync 1 DAGs
[2026-04-29T14:35:01.251+0000] {logging_mixin.py:188} INFO - [2026-04-29T14:35:01.250+0000] {dag.py:3823} INFO - Setting next_dagrun for sus_pipeline to 2026-04-01 00:00:00+00:00, run_after=2026-05-01 00:00:00+00:00
[2026-04-29T14:35:01.473+0000] {processor.py:183} INFO - Processing /opt/airflow/dags/sus_pipeline.py took 3.649 seconds
[2026-04-29T14:35:31.947+0000] {processor.py:161} INFO - Started process (PID=3766) to work on /opt/airflow/dags/sus_pipeline.py
[2026-04-29T14:35:31.958+0000] {processor.py:830} INFO - Processing file /opt/airflow/dags/sus_pipeline.py for tasks to queue
[2026-04-29T14:35:31.963+0000] {logging_mixin.py:188} INFO - [2026-04-29T14:35:31.961+0000] {dagbag.py:538} INFO - Filling up the DagBag from /opt/airflow/dags/sus_pipeline.py
[2026-04-29T14:35:34.479+0000] {processor.py:840} INFO - DAG(s) 'sus_pipeline' retrieved from /opt/airflow/dags/sus_pipeline.py
[2026-04-29T14:35:34.562+0000] {logging_mixin.py:188} INFO - [2026-04-29T14:35:34.562+0000] {dag.py:3036} INFO - Sync 1 DAGs
[2026-04-29T14:35:34.785+0000] {logging_mixin.py:188} INFO - [2026-04-29T14:35:34.784+0000] {dag.py:3823} INFO - Setting next_dagrun for sus_pipeline to 2026-04-01 00:00:00+00:00, run_after=2026-05-01 00:00:00+00:00
[2026-04-29T14:35:34.839+0000] {processor.py:183} INFO - Processing /opt/airflow/dags/sus_pipeline.py took 2.917 seconds
[2026-04-29T14:36:05.395+0000] {processor.py:161} INFO - Started process (PID=3818) to work on /opt/airflow/dags/sus_pipeline.py
[2026-04-29T14:36:05.399+0000] {processor.py:830} INFO - Processing file /opt/airflow/dags/sus_pipeline.py for tasks to queue
[2026-04-29T14:36:05.401+0000] {logging_mixin.py:188} INFO - [2026-04-29T14:36:05.400+0000] {dagbag.py:538} INFO - Filling up the DagBag from /opt/airflow/dags/sus_pipeline.py
[2026-04-29T14:36:08.210+0000] {processor.py:840} INFO - DAG(s) 'sus_pipeline' retrieved from /opt/airflow/dags/sus_pipeline.py
[2026-04-29T14:36:08.265+0000] {logging_mixin.py:188} INFO - [2026-04-29T14:36:08.265+0000] {dag.py:3036} INFO - Sync 1 DAGs
[2026-04-29T14:36:08.489+0000] {logging_mixin.py:188} INFO - [2026-04-29T14:36:08.488+0000] {dag.py:3823} INFO - Setting next_dagrun for sus_pipeline to 2026-04-01 00:00:00+00:00, run_after=2026-05-01 00:00:00+00:00
[2026-04-29T14:36:08.570+0000] {processor.py:183} INFO - Processing /opt/airflow/dags/sus_pipeline.py took 3.184 seconds
[2026-04-29T14:36:39.338+0000] {processor.py:161} INFO - Started process (PID=3870) to work on /opt/airflow/dags/sus_pipeline.py
[2026-04-29T14:36:39.360+0000] {processor.py:830} INFO - Processing file /opt/airflow/dags/sus_pipeline.py for tasks to queue
[2026-04-29T14:36:39.371+0000] {logging_mixin.py:188} INFO - [2026-04-29T14:36:39.369+0000] {dagbag.py:538} INFO - Filling up the DagBag from /opt/airflow/dags/sus_pipeline.py
[2026-04-29T14:36:44.254+0000] {processor.py:840} INFO - DAG(s) 'sus_pipeline' retrieved from /opt/airflow/dags/sus_pipeline.py
[2026-04-29T14:36:44.293+0000] {logging_mixin.py:188} INFO - [2026-04-29T14:36:44.292+0000] {dag.py:3036} INFO - Sync 1 DAGs
[2026-04-29T14:36:44.326+0000] {logging_mixin.py:188} INFO - [2026-04-29T14:36:44.326+0000] {dag.py:3823} INFO - Setting next_dagrun for sus_pipeline to 2026-04-01 00:00:00+00:00, run_after=2026-05-01 00:00:00+00:00
[2026-04-29T14:36:44.356+0000] {processor.py:183} INFO - Processing /opt/airflow/dags/sus_pipeline.py took 5.064 seconds
[2026-04-29T14:37:14.807+0000] {processor.py:161} INFO - Started process (PID=3939) to work on /opt/airflow/dags/sus_pipeline.py
[2026-04-29T14:37:14.810+0000] {processor.py:830} INFO - Processing file /opt/airflow/dags/sus_pipeline.py for tasks to queue
[2026-04-29T14:37:14.812+0000] {logging_mixin.py:188} INFO - [2026-04-29T14:37:14.811+0000] {dagbag.py:538} INFO - Filling up the DagBag from /opt/airflow/dags/sus_pipeline.py
[2026-04-29T14:37:17.366+0000] {processor.py:840} INFO - DAG(s) 'sus_pipeline' retrieved from /opt/airflow/dags/sus_pipeline.py
[2026-04-29T14:37:17.404+0000] {logging_mixin.py:188} INFO - [2026-04-29T14:37:17.403+0000] {dag.py:3036} INFO - Sync 1 DAGs
[2026-04-29T14:37:17.433+0000] {logging_mixin.py:188} INFO - [2026-04-29T14:37:17.433+0000] {dag.py:3823} INFO - Setting next_dagrun for sus_pipeline to 2026-04-01 00:00:00+00:00, run_after=2026-05-01 00:00:00+00:00
[2026-04-29T14:37:17.470+0000] {processor.py:183} INFO - Processing /opt/airflow/dags/sus_pipeline.py took 2.671 seconds
[2026-04-29T14:37:48.232+0000] {processor.py:161} INFO - Started process (PID=3948) to work on /opt/airflow/dags/sus_pipeline.py
[2026-04-29T14:37:48.234+0000] {processor.py:830} INFO - Processing file /opt/airflow/dags/sus_pipeline.py for tasks to queue
[2026-04-29T14:37:48.239+0000] {logging_mixin.py:188} INFO - [2026-04-29T14:37:48.239+0000] {dagbag.py:538} INFO - Filling up the DagBag from /opt/airflow/dags/sus_pipeline.py
[2026-04-29T14:37:53.919+0000] {processor.py:840} INFO - DAG(s) 'sus_pipeline' retrieved from /opt/airflow/dags/sus_pipeline.py
[2026-04-29T14:37:54.008+0000] {logging_mixin.py:188} INFO - [2026-04-29T14:37:54.007+0000] {dag.py:3036} INFO - Sync 1 DAGs
[2026-04-29T14:37:54.468+0000] {logging_mixin.py:188} INFO - [2026-04-29T14:37:54.468+0000] {dag.py:3823} INFO - Setting next_dagrun for sus_pipeline to 2026-04-01 00:00:00+00:00, run_after=2026-05-01 00:00:00+00:00
[2026-04-29T14:37:54.530+0000] {processor.py:183} INFO - Processing /opt/airflow/dags/sus_pipeline.py took 6.331 seconds
[2026-04-29T14:38:24.816+0000] {processor.py:161} INFO - Started process (PID=3956) to work on /opt/airflow/dags/sus_pipeline.py
[2026-04-29T14:38:24.821+0000] {processor.py:830} INFO - Processing file /opt/airflow/dags/sus_pipeline.py for tasks to queue
[2026-04-29T14:38:24.830+0000] {logging_mixin.py:188} INFO - [2026-04-29T14:38:24.826+0000] {dagbag.py:538} INFO - Filling up the DagBag from /opt/airflow/dags/sus_pipeline.py
[2026-04-29T14:38:31.390+0000] {processor.py:840} INFO - DAG(s) 'sus_pipeline' retrieved from /opt/airflow/dags/sus_pipeline.py
[2026-04-29T14:38:31.471+0000] {logging_mixin.py:188} INFO - [2026-04-29T14:38:31.471+0000] {dag.py:3036} INFO - Sync 1 DAGs
[2026-04-29T14:38:31.672+0000] {logging_mixin.py:188} INFO - [2026-04-29T14:38:31.671+0000] {dag.py:3823} INFO - Setting next_dagrun for sus_pipeline to 2026-04-01 00:00:00+00:00, run_after=2026-05-01 00:00:00+00:00
[2026-04-29T14:38:31.912+0000] {processor.py:183} INFO - Processing /opt/airflow/dags/sus_pipeline.py took 7.158 seconds
[2026-04-29T14:39:02.465+0000] {processor.py:161} INFO - Started process (PID=3964) to work on /opt/airflow/dags/sus_pipeline.py
[2026-04-29T14:39:02.469+0000] {processor.py:830} INFO - Processing file /opt/airflow/dags/sus_pipeline.py for tasks to queue
[2026-04-29T14:39:02.471+0000] {logging_mixin.py:188} INFO - [2026-04-29T14:39:02.470+0000] {dagbag.py:538} INFO - Filling up the DagBag from /opt/airflow/dags/sus_pipeline.py
[2026-04-29T14:39:07.876+0000] {processor.py:840} INFO - DAG(s) 'sus_pipeline' retrieved from /opt/airflow/dags/sus_pipeline.py
[2026-04-29T14:39:07.938+0000] {logging_mixin.py:188} INFO - [2026-04-29T14:39:07.936+0000] {dag.py:3036} INFO - Sync 1 DAGs
[2026-04-29T14:39:07.982+0000] {logging_mixin.py:188} INFO - [2026-04-29T14:39:07.982+0000] {dag.py:3823} INFO - Setting next_dagrun for sus_pipeline to 2026-04-01 00:00:00+00:00, run_after=2026-05-01 00:00:00+00:00
[2026-04-29T14:39:08.017+0000] {processor.py:183} INFO - Processing /opt/airflow/dags/sus_pipeline.py took 5.571 seconds
[2026-04-29T14:39:38.328+0000] {processor.py:161} INFO - Started process (PID=3986) to work on /opt/airflow/dags/sus_pipeline.py
[2026-04-29T14:39:38.330+0000] {processor.py:830} INFO - Processing file /opt/airflow/dags/sus_pipeline.py for tasks to queue
[2026-04-29T14:39:38.331+0000] {logging_mixin.py:188} INFO - [2026-04-29T14:39:38.331+0000] {dagbag.py:538} INFO - Filling up the DagBag from /opt/airflow/dags/sus_pipeline.py
[2026-04-29T14:39:40.342+0000] {processor.py:840} INFO - DAG(s) 'sus_pipeline' retrieved from /opt/airflow/dags/sus_pipeline.py
[2026-04-29T14:39:40.377+0000] {logging_mixin.py:188} INFO - [2026-04-29T14:39:40.376+0000] {dag.py:3036} INFO - Sync 1 DAGs
[2026-04-29T14:39:40.406+0000] {logging_mixin.py:188} INFO - [2026-04-29T14:39:40.405+0000] {dag.py:3823} INFO - Setting next_dagrun for sus_pipeline to 2026-04-01 00:00:00+00:00, run_after=2026-05-01 00:00:00+00:00
[2026-04-29T14:39:40.448+0000] {processor.py:183} INFO - Processing /opt/airflow/dags/sus_pipeline.py took 2.122 seconds
[2026-04-29T14:40:10.944+0000] {processor.py:161} INFO - Started process (PID=3994) to work on /opt/airflow/dags/sus_pipeline.py
[2026-04-29T14:40:10.945+0000] {processor.py:830} INFO - Processing file /opt/airflow/dags/sus_pipeline.py for tasks to queue
[2026-04-29T14:40:10.946+0000] {logging_mixin.py:188} INFO - [2026-04-29T14:40:10.946+0000] {dagbag.py:538} INFO - Filling up the DagBag from /opt/airflow/dags/sus_pipeline.py
[2026-04-29T14:40:12.242+0000] {processor.py:840} INFO - DAG(s) 'sus_pipeline' retrieved from /opt/airflow/dags/sus_pipeline.py
[2026-04-29T14:40:12.260+0000] {logging_mixin.py:188} INFO - [2026-04-29T14:40:12.260+0000] {dag.py:3036} INFO - Sync 1 DAGs
[2026-04-29T14:40:12.465+0000] {logging_mixin.py:188} INFO - [2026-04-29T14:40:12.465+0000] {dag.py:3823} INFO - Setting next_dagrun for sus_pipeline to 2026-04-01 00:00:00+00:00, run_after=2026-05-01 00:00:00+00:00
[2026-04-29T14:40:12.490+0000] {processor.py:183} INFO - Processing /opt/airflow/dags/sus_pipeline.py took 1.553 seconds
[2026-04-29T14:40:42.662+0000] {processor.py:161} INFO - Started process (PID=4002) to work on /opt/airflow/dags/sus_pipeline.py
[2026-04-29T14:40:42.664+0000] {processor.py:830} INFO - Processing file /opt/airflow/dags/sus_pipeline.py for tasks to queue
[2026-04-29T14:40:42.665+0000] {logging_mixin.py:188} INFO - [2026-04-29T14:40:42.665+0000] {dagbag.py:538} INFO - Filling up the DagBag from /opt/airflow/dags/sus_pipeline.py
[2026-04-29T14:40:43.889+0000] {processor.py:840} INFO - DAG(s) 'sus_pipeline' retrieved from /opt/airflow/dags/sus_pipeline.py
[2026-04-29T14:40:43.911+0000] {logging_mixin.py:188} INFO - [2026-04-29T14:40:43.911+0000] {dag.py:3036} INFO - Sync 1 DAGs
[2026-04-29T14:40:44.055+0000] {logging_mixin.py:188} INFO - [2026-04-29T14:40:44.055+0000] {dag.py:3823} INFO - Setting next_dagrun for sus_pipeline to 2026-04-01 00:00:00+00:00, run_after=2026-05-01 00:00:00+00:00
[2026-04-29T14:40:44.075+0000] {processor.py:183} INFO - Processing /opt/airflow/dags/sus_pipeline.py took 1.418 seconds
[2026-04-29T14:41:14.263+0000] {processor.py:161} INFO - Started process (PID=4010) to work on /opt/airflow/dags/sus_pipeline.py
[2026-04-29T14:41:14.263+0000] {processor.py:830} INFO - Processing file /opt/airflow/dags/sus_pipeline.py for tasks to queue
[2026-04-29T14:41:14.264+0000] {logging_mixin.py:188} INFO - [2026-04-29T14:41:14.264+0000] {dagbag.py:538} INFO - Filling up the DagBag from /opt/airflow/dags/sus_pipeline.py
[2026-04-29T14:41:15.576+0000] {processor.py:840} INFO - DAG(s) 'sus_pipeline' retrieved from /opt/airflow/dags/sus_pipeline.py
[2026-04-29T14:41:15.747+0000] {logging_mixin.py:188} INFO - [2026-04-29T14:41:15.746+0000] {dag.py:3036} INFO - Sync 1 DAGs
[2026-04-29T14:41:15.768+0000] {logging_mixin.py:188} INFO - [2026-04-29T14:41:15.768+0000] {dag.py:3823} INFO - Setting next_dagrun for sus_pipeline to 2026-04-01 00:00:00+00:00, run_after=2026-05-01 00:00:00+00:00
[2026-04-29T14:41:15.798+0000] {processor.py:183} INFO - Processing /opt/airflow/dags/sus_pipeline.py took 1.540 seconds
[2026-04-29T14:41:46.280+0000] {processor.py:161} INFO - Started process (PID=4018) to work on /opt/airflow/dags/sus_pipeline.py
[2026-04-29T14:41:46.282+0000] {processor.py:830} INFO - Processing file /opt/airflow/dags/sus_pipeline.py for tasks to queue
[2026-04-29T14:41:46.283+0000] {logging_mixin.py:188} INFO - [2026-04-29T14:41:46.283+0000] {dagbag.py:538} INFO - Filling up the DagBag from /opt/airflow/dags/sus_pipeline.py
[2026-04-29T14:41:48.059+0000] {processor.py:840} INFO - DAG(s) 'sus_pipeline' retrieved from /opt/airflow/dags/sus_pipeline.py
[2026-04-29T14:41:48.087+0000] {logging_mixin.py:188} INFO - [2026-04-29T14:41:48.086+0000] {dag.py:3036} INFO - Sync 1 DAGs
[2026-04-29T14:41:48.108+0000] {logging_mixin.py:188} INFO - [2026-04-29T14:41:48.108+0000] {dag.py:3823} INFO - Setting next_dagrun for sus_pipeline to 2026-04-01 00:00:00+00:00, run_after=2026-05-01 00:00:00+00:00
[2026-04-29T14:41:48.130+0000] {processor.py:183} INFO - Processing /opt/airflow/dags/sus_pipeline.py took 1.855 seconds
[2026-04-29T14:42:18.777+0000] {processor.py:161} INFO - Started process (PID=4026) to work on /opt/airflow/dags/sus_pipeline.py
[2026-04-29T14:42:18.778+0000] {processor.py:830} INFO - Processing file /opt/airflow/dags/sus_pipeline.py for tasks to queue
[2026-04-29T14:42:18.779+0000] {logging_mixin.py:188} INFO - [2026-04-29T14:42:18.779+0000] {dagbag.py:538} INFO - Filling up the DagBag from /opt/airflow/dags/sus_pipeline.py
[2026-04-29T14:42:20.092+0000] {processor.py:840} INFO - DAG(s) 'sus_pipeline' retrieved from /opt/airflow/dags/sus_pipeline.py
[2026-04-29T14:42:20.112+0000] {logging_mixin.py:188} INFO - [2026-04-29T14:42:20.112+0000] {dag.py:3036} INFO - Sync 1 DAGs
[2026-04-29T14:42:20.132+0000] {logging_mixin.py:188} INFO - [2026-04-29T14:42:20.132+0000] {dag.py:3823} INFO - Setting next_dagrun for sus_pipeline to 2026-04-01 00:00:00+00:00, run_after=2026-05-01 00:00:00+00:00
[2026-04-29T14:42:20.153+0000] {processor.py:183} INFO - Processing /opt/airflow/dags/sus_pipeline.py took 1.384 seconds
[2026-04-29T14:42:50.601+0000] {processor.py:161} INFO - Started process (PID=4034) to work on /opt/airflow/dags/sus_pipeline.py
[2026-04-29T14:42:50.602+0000] {processor.py:830} INFO - Processing file /opt/airflow/dags/sus_pipeline.py for tasks to queue
[2026-04-29T14:42:50.603+0000] {logging_mixin.py:188} INFO - [2026-04-29T14:42:50.603+0000] {dagbag.py:538} INFO - Filling up the DagBag from /opt/airflow/dags/sus_pipeline.py
[2026-04-29T14:42:52.261+0000] {processor.py:840} INFO - DAG(s) 'sus_pipeline' retrieved from /opt/airflow/dags/sus_pipeline.py
[2026-04-29T14:42:52.285+0000] {logging_mixin.py:188} INFO - [2026-04-29T14:42:52.285+0000] {dag.py:3036} INFO - Sync 1 DAGs
[2026-04-29T14:42:52.307+0000] {logging_mixin.py:188} INFO - [2026-04-29T14:42:52.306+0000] {dag.py:3823} INFO - Setting next_dagrun for sus_pipeline to 2026-04-01 00:00:00+00:00, run_after=2026-05-01 00:00:00+00:00
[2026-04-29T14:42:52.326+0000] {processor.py:183} INFO - Processing /opt/airflow/dags/sus_pipeline.py took 1.728 seconds
[2026-04-29T14:43:22.383+0000] {processor.py:161} INFO - Started process (PID=4042) to work on /opt/airflow/dags/sus_pipeline.py
[2026-04-29T14:43:22.384+0000] {processor.py:830} INFO - Processing file /opt/airflow/dags/sus_pipeline.py for tasks to queue
[2026-04-29T14:43:22.385+0000] {logging_mixin.py:188} INFO - [2026-04-29T14:43:22.385+0000] {dagbag.py:538} INFO - Filling up the DagBag from /opt/airflow/dags/sus_pipeline.py
[2026-04-29T14:43:23.730+0000] {processor.py:840} INFO - DAG(s) 'sus_pipeline' retrieved from /opt/airflow/dags/sus_pipeline.py
[2026-04-29T14:43:23.750+0000] {logging_mixin.py:188} INFO - [2026-04-29T14:43:23.750+0000] {dag.py:3036} INFO - Sync 1 DAGs
[2026-04-29T14:43:23.901+0000] {logging_mixin.py:188} INFO - [2026-04-29T14:43:23.901+0000] {dag.py:3823} INFO - Setting next_dagrun for sus_pipeline to 2026-04-01 00:00:00+00:00, run_after=2026-05-01 00:00:00+00:00
[2026-04-29T14:43:23.921+0000] {processor.py:183} INFO - Processing /opt/airflow/dags/sus_pipeline.py took 1.542 seconds
[2026-04-29T14:43:54.048+0000] {processor.py:161} INFO - Started process (PID=4050) to work on /opt/airflow/dags/sus_pipeline.py
[2026-04-29T14:43:54.050+0000] {processor.py:830} INFO - Processing file /opt/airflow/dags/sus_pipeline.py for tasks to queue
[2026-04-29T14:43:54.050+0000] {logging_mixin.py:188} INFO - [2026-04-29T14:43:54.050+0000] {dagbag.py:538} INFO - Filling up the DagBag from /opt/airflow/dags/sus_pipeline.py
[2026-04-29T14:43:55.370+0000] {processor.py:840} INFO - DAG(s) 'sus_pipeline' retrieved from /opt/airflow/dags/sus_pipeline.py
[2026-04-29T14:43:55.541+0000] {logging_mixin.py:188} INFO - [2026-04-29T14:43:55.541+0000] {dag.py:3036} INFO - Sync 1 DAGs
[2026-04-29T14:43:55.565+0000] {logging_mixin.py:188} INFO - [2026-04-29T14:43:55.565+0000] {dag.py:3823} INFO - Setting next_dagrun for sus_pipeline to 2026-04-01 00:00:00+00:00, run_after=2026-05-01 00:00:00+00:00
[2026-04-29T14:43:55.584+0000] {processor.py:183} INFO - Processing /opt/airflow/dags/sus_pipeline.py took 1.540 seconds
[2026-04-29T14:44:25.766+0000] {processor.py:161} INFO - Started process (PID=4065) to work on /opt/airflow/dags/sus_pipeline.py
[2026-04-29T14:44:25.768+0000] {processor.py:830} INFO - Processing file /opt/airflow/dags/sus_pipeline.py for tasks to queue
[2026-04-29T14:44:25.770+0000] {logging_mixin.py:188} INFO - [2026-04-29T14:44:25.769+0000] {dagbag.py:538} INFO - Filling up the DagBag from /opt/airflow/dags/sus_pipeline.py
[2026-04-29T14:44:28.884+0000] {processor.py:840} INFO - DAG(s) 'sus_pipeline' retrieved from /opt/airflow/dags/sus_pipeline.py
[2026-04-29T14:44:28.923+0000] {logging_mixin.py:188} INFO - [2026-04-29T14:44:28.923+0000] {dag.py:3036} INFO - Sync 1 DAGs
[2026-04-29T14:44:28.946+0000] {logging_mixin.py:188} INFO - [2026-04-29T14:44:28.946+0000] {dag.py:3823} INFO - Setting next_dagrun for sus_pipeline to 2026-04-01 00:00:00+00:00, run_after=2026-05-01 00:00:00+00:00
[2026-04-29T14:44:28.974+0000] {processor.py:183} INFO - Processing /opt/airflow/dags/sus_pipeline.py took 1.753 seconds
[2026-04-29T14:44:59.156+0000] {processor.py:161} INFO - Started process (PID=4080) to work on /opt/airflow/dags/sus_pipeline.py
[2026-04-29T14:44:59.157+0000] {processor.py:830} INFO - Processing file /opt/airflow/dags/sus_pipeline.py for tasks to queue
[2026-04-29T14:44:59.158+0000] {logging_mixin.py:188} INFO - [2026-04-29T14:44:59.158+0000] {dagbag.py:538} INFO - Filling up the DagBag from /opt/airflow/dags/sus_pipeline.py
[2026-04-29T14:45:02.597+0000] {processor.py:840} INFO - DAG(s) 'sus_pipeline' retrieved from /opt/airflow/dags/sus_pipeline.py
[2026-04-29T14:45:02.621+0000] {logging_mixin.py:188} INFO - [2026-04-29T14:45:02.621+0000] {dag.py:3036} INFO - Sync 1 DAGs
[2026-04-29T14:45:02.645+0000] {logging_mixin.py:188} INFO - [2026-04-29T14:45:02.645+0000] {dag.py:3823} INFO - Setting next_dagrun for sus_pipeline to 2026-04-01 00:00:00+00:00, run_after=2026-05-01 00:00:00+00:00
[2026-04-29T14:45:02.672+0000] {processor.py:183} INFO - Processing /opt/airflow/dags/sus_pipeline.py took 1.651 seconds
[2026-04-29T14:45:32.929+0000] {processor.py:161} INFO - Started process (PID=4088) to work on /opt/airflow/dags/sus_pipeline.py
[2026-04-29T14:45:32.930+0000] {processor.py:830} INFO - Processing file /opt/airflow/dags/sus_pipeline.py for tasks to queue
[2026-04-29T14:45:32.932+0000] {logging_mixin.py:188} INFO - [2026-04-29T14:45:32.931+0000] {dagbag.py:538} INFO - Filling up the DagBag from /opt/airflow/dags/sus_pipeline.py
[2026-04-29T14:45:35.889+0000] {processor.py:840} INFO - DAG(s) 'sus_pipeline' retrieved from /opt/airflow/dags/sus_pipeline.py
[2026-04-29T14:45:35.910+0000] {logging_mixin.py:188} INFO - [2026-04-29T14:45:35.909+0000] {dag.py:3036} INFO - Sync 1 DAGs
[2026-04-29T14:45:36.066+0000] {logging_mixin.py:188} INFO - [2026-04-29T14:45:36.066+0000] {dag.py:3823} INFO - Setting next_dagrun for sus_pipeline to 2026-04-01 00:00:00+00:00, run_after=2026-05-01 00:00:00+00:00
[2026-04-29T14:45:36.084+0000] {processor.py:183} INFO - Processing /opt/airflow/dags/sus_pipeline.py took 1.474 seconds
[2026-04-29T14:46:06.301+0000] {processor.py:161} INFO - Started process (PID=4096) to work on /opt/airflow/dags/sus_pipeline.py
[2026-04-29T14:46:06.303+0000] {processor.py:830} INFO - Processing file /opt/airflow/dags/sus_pipeline.py for tasks to queue
[2026-04-29T14:46:06.305+0000] {logging_mixin.py:188} INFO - [2026-04-29T14:46:06.304+0000] {dagbag.py:538} INFO - Filling up the DagBag from /opt/airflow/dags/sus_pipeline.py
[2026-04-29T14:46:07.626+0000] {processor.py:840} INFO - DAG(s) 'sus_pipeline' retrieved from /opt/airflow/dags/sus_pipeline.py
[2026-04-29T14:46:07.802+0000] {logging_mixin.py:188} INFO - [2026-04-29T14:46:07.801+0000] {dag.py:3036} INFO - Sync 1 DAGs
[2026-04-29T14:46:07.836+0000] {logging_mixin.py:188} INFO - [2026-04-29T14:46:07.835+0000] {dag.py:3823} INFO - Setting next_dagrun for sus_pipeline to 2026-04-01 00:00:00+00:00, run_after=2026-05-01 00:00:00+00:00
[2026-04-29T14:46:07.863+0000] {processor.py:183} INFO - Processing /opt/airflow/dags/sus_pipeline.py took 1.571 seconds
[2026-04-29T14:46:38.274+0000] {processor.py:161} INFO - Started process (PID=4104) to work on /opt/airflow/dags/sus_pipeline.py
[2026-04-29T14:46:38.276+0000] {processor.py:830} INFO - Processing file /opt/airflow/dags/sus_pipeline.py for tasks to queue
[2026-04-29T14:46:38.278+0000] {logging_mixin.py:188} INFO - [2026-04-29T14:46:38.277+0000] {dagbag.py:538} INFO - Filling up the DagBag from /opt/airflow/dags/sus_pipeline.py
[2026-04-29T14:46:39.842+0000] {processor.py:840} INFO - DAG(s) 'sus_pipeline' retrieved from /opt/airflow/dags/sus_pipeline.py
[2026-04-29T14:46:39.873+0000] {logging_mixin.py:188} INFO - [2026-04-29T14:46:39.872+0000] {dag.py:3036} INFO - Sync 1 DAGs
[2026-04-29T14:46:39.902+0000] {logging_mixin.py:188} INFO - [2026-04-29T14:46:39.902+0000] {dag.py:3823} INFO - Setting next_dagrun for sus_pipeline to 2026-04-01 00:00:00+00:00, run_after=2026-05-01 00:00:00+00:00
[2026-04-29T14:46:39.928+0000] {processor.py:183} INFO - Processing /opt/airflow/dags/sus_pipeline.py took 1.663 seconds
[2026-04-29T14:47:10.701+0000] {processor.py:161} INFO - Started process (PID=4112) to work on /opt/airflow/dags/sus_pipeline.py
[2026-04-29T14:47:10.702+0000] {processor.py:830} INFO - Processing file /opt/airflow/dags/sus_pipeline.py for tasks to queue
[2026-04-29T14:47:10.703+0000] {logging_mixin.py:188} INFO - [2026-04-29T14:47:10.702+0000] {dagbag.py:538} INFO - Filling up the DagBag from /opt/airflow/dags/sus_pipeline.py
[2026-04-29T14:47:12.286+0000] {processor.py:840} INFO - DAG(s) 'sus_pipeline' retrieved from /opt/airflow/dags/sus_pipeline.py
[2026-04-29T14:47:12.309+0000] {logging_mixin.py:188} INFO - [2026-04-29T14:47:12.308+0000] {dag.py:3036} INFO - Sync 1 DAGs
[2026-04-29T14:47:12.325+0000] {logging_mixin.py:188} INFO - [2026-04-29T14:47:12.325+0000] {dag.py:3823} INFO - Setting next_dagrun for sus_pipeline to 2026-04-01 00:00:00+00:00, run_after=2026-05-01 00:00:00+00:00
[2026-04-29T14:47:12.358+0000] {processor.py:183} INFO - Processing /opt/airflow/dags/sus_pipeline.py took 1.661 seconds
[2026-04-29T14:47:42.710+0000] {processor.py:161} INFO - Started process (PID=4120) to work on /opt/airflow/dags/sus_pipeline.py
[2026-04-29T14:47:42.710+0000] {processor.py:830} INFO - Processing file /opt/airflow/dags/sus_pipeline.py for tasks to queue
[2026-04-29T14:47:42.711+0000] {logging_mixin.py:188} INFO - [2026-04-29T14:47:42.711+0000] {dagbag.py:538} INFO - Filling up the DagBag from /opt/airflow/dags/sus_pipeline.py
[2026-04-29T14:47:44.192+0000] {processor.py:840} INFO - DAG(s) 'sus_pipeline' retrieved from /opt/airflow/dags/sus_pipeline.py
[2026-04-29T14:47:44.214+0000] {logging_mixin.py:188} INFO - [2026-04-29T14:47:44.214+0000] {dag.py:3036} INFO - Sync 1 DAGs
[2026-04-29T14:47:44.238+0000] {logging_mixin.py:188} INFO - [2026-04-29T14:47:44.238+0000] {dag.py:3823} INFO - Setting next_dagrun for sus_pipeline to 2026-04-01 00:00:00+00:00, run_after=2026-05-01 00:00:00+00:00
[2026-04-29T14:47:44.267+0000] {processor.py:183} INFO - Processing /opt/airflow/dags/sus_pipeline.py took 1.561 seconds
[2026-04-29T14:48:14.684+0000] {processor.py:161} INFO - Started process (PID=4128) to work on /opt/airflow/dags/sus_pipeline.py
[2026-04-29T14:48:14.685+0000] {processor.py:830} INFO - Processing file /opt/airflow/dags/sus_pipeline.py for tasks to queue
[2026-04-29T14:48:14.686+0000] {logging_mixin.py:188} INFO - [2026-04-29T14:48:14.685+0000] {dagbag.py:538} INFO - Filling up the DagBag from /opt/airflow/dags/sus_pipeline.py
[2026-04-29T14:48:15.946+0000] {processor.py:840} INFO - DAG(s) 'sus_pipeline' retrieved from /opt/airflow/dags/sus_pipeline.py
[2026-04-29T14:48:15.963+0000] {logging_mixin.py:188} INFO - [2026-04-29T14:48:15.963+0000] {dag.py:3036} INFO - Sync 1 DAGs
[2026-04-29T14:48:16.111+0000] {logging_mixin.py:188} INFO - [2026-04-29T14:48:16.111+0000] {dag.py:3823} INFO - Setting next_dagrun for sus_pipeline to 2026-04-01 00:00:00+00:00, run_after=2026-05-01 00:00:00+00:00
[2026-04-29T14:48:16.144+0000] {processor.py:183} INFO - Processing /opt/airflow/dags/sus_pipeline.py took 1.467 seconds
[2026-04-29T14:48:46.702+0000] {processor.py:161} INFO - Started process (PID=4136) to work on /opt/airflow/dags/sus_pipeline.py
[2026-04-29T14:48:46.704+0000] {processor.py:830} INFO - Processing file /opt/airflow/dags/sus_pipeline.py for tasks to queue
[2026-04-29T14:48:46.705+0000] {logging_mixin.py:188} INFO - [2026-04-29T14:48:46.705+0000] {dagbag.py:538} INFO - Filling up the DagBag from /opt/airflow/dags/sus_pipeline.py
[2026-04-29T14:48:48.319+0000] {processor.py:840} INFO - DAG(s) 'sus_pipeline' retrieved from /opt/airflow/dags/sus_pipeline.py
[2026-04-29T14:48:48.506+0000] {logging_mixin.py:188} INFO - [2026-04-29T14:48:48.505+0000] {dag.py:3036} INFO - Sync 1 DAGs
[2026-04-29T14:48:48.524+0000] {logging_mixin.py:188} INFO - [2026-04-29T14:48:48.524+0000] {dag.py:3823} INFO - Setting next_dagrun for sus_pipeline to 2026-04-01 00:00:00+00:00, run_after=2026-05-01 00:00:00+00:00
[2026-04-29T14:48:48.540+0000] {processor.py:183} INFO - Processing /opt/airflow/dags/sus_pipeline.py took 1.843 seconds
[2026-04-29T14:49:19.123+0000] {processor.py:161} INFO - Started process (PID=4144) to work on /opt/airflow/dags/sus_pipeline.py
[2026-04-29T14:49:19.124+0000] {processor.py:830} INFO - Processing file /opt/airflow/dags/sus_pipeline.py for tasks to queue
[2026-04-29T14:49:19.125+0000] {logging_mixin.py:188} INFO - [2026-04-29T14:49:19.125+0000] {dagbag.py:538} INFO - Filling up the DagBag from /opt/airflow/dags/sus_pipeline.py
[2026-04-29T14:49:20.396+0000] {processor.py:840} INFO - DAG(s) 'sus_pipeline' retrieved from /opt/airflow/dags/sus_pipeline.py
[2026-04-29T14:49:20.427+0000] {logging_mixin.py:188} INFO - [2026-04-29T14:49:20.427+0000] {dag.py:3036} INFO - Sync 1 DAGs
[2026-04-29T14:49:20.448+0000] {logging_mixin.py:188} INFO - [2026-04-29T14:49:20.448+0000] {dag.py:3823} INFO - Setting next_dagrun for sus_pipeline to 2026-04-01 00:00:00+00:00, run_after=2026-05-01 00:00:00+00:00
[2026-04-29T14:49:20.474+0000] {processor.py:183} INFO - Processing /opt/airflow/dags/sus_pipeline.py took 1.354 seconds
[2026-04-29T14:49:50.532+0000] {processor.py:161} INFO - Started process (PID=4152) to work on /opt/airflow/dags/sus_pipeline.py
[2026-04-29T14:49:50.534+0000] {processor.py:830} INFO - Processing file /opt/airflow/dags/sus_pipeline.py for tasks to queue
[2026-04-29T14:49:50.535+0000] {logging_mixin.py:188} INFO - [2026-04-29T14:49:50.535+0000] {dagbag.py:538} INFO - Filling up the DagBag from /opt/airflow/dags/sus_pipeline.py
[2026-04-29T14:49:51.883+0000] {processor.py:840} INFO - DAG(s) 'sus_pipeline' retrieved from /opt/airflow/dags/sus_pipeline.py
[2026-04-29T14:49:51.902+0000] {logging_mixin.py:188} INFO - [2026-04-29T14:49:51.902+0000] {dag.py:3036} INFO - Sync 1 DAGs
[2026-04-29T14:49:51.920+0000] {logging_mixin.py:188} INFO - [2026-04-29T14:49:51.919+0000] {dag.py:3823} INFO - Setting next_dagrun for sus_pipeline to 2026-04-01 00:00:00+00:00, run_after=2026-05-01 00:00:00+00:00
[2026-04-29T14:49:51.939+0000] {processor.py:183} INFO - Processing /opt/airflow/dags/sus_pipeline.py took 1.411 seconds
[2026-04-29T14:50:22.012+0000] {processor.py:161} INFO - Started process (PID=4160) to work on /opt/airflow/dags/sus_pipeline.py
[2026-04-29T14:50:22.014+0000] {processor.py:830} INFO - Processing file /opt/airflow/dags/sus_pipeline.py for tasks to queue
[2026-04-29T14:50:22.015+0000] {logging_mixin.py:188} INFO - [2026-04-29T14:50:22.015+0000] {dagbag.py:538} INFO - Filling up the DagBag from /opt/airflow/dags/sus_pipeline.py
[2026-04-29T14:50:23.493+0000] {processor.py:840} INFO - DAG(s) 'sus_pipeline' retrieved from /opt/airflow/dags/sus_pipeline.py
[2026-04-29T14:50:23.522+0000] {logging_mixin.py:188} INFO - [2026-04-29T14:50:23.522+0000] {dag.py:3036} INFO - Sync 1 DAGs
[2026-04-29T14:50:23.541+0000] {logging_mixin.py:188} INFO - [2026-04-29T14:50:23.541+0000] {dag.py:3823} INFO - Setting next_dagrun for sus_pipeline to 2026-04-01 00:00:00+00:00, run_after=2026-05-01 00:00:00+00:00
[2026-04-29T14:50:23.559+0000] {processor.py:183} INFO - Processing /opt/airflow/dags/sus_pipeline.py took 1.558 seconds
[2026-04-29T14:50:54.568+0000] {processor.py:161} INFO - Started process (PID=4168) to work on /opt/airflow/dags/sus_pipeline.py
[2026-04-29T14:50:54.578+0000] {processor.py:830} INFO - Processing file /opt/airflow/dags/sus_pipeline.py for tasks to queue
[2026-04-29T14:50:54.580+0000] {logging_mixin.py:188} INFO - [2026-04-29T14:50:54.580+0000] {dagbag.py:538} INFO - Filling up the DagBag from /opt/airflow/dags/sus_pipeline.py
[2026-04-29T14:50:56.012+0000] {processor.py:840} INFO - DAG(s) 'sus_pipeline' retrieved from /opt/airflow/dags/sus_pipeline.py
[2026-04-29T14:50:56.030+0000] {logging_mixin.py:188} INFO - [2026-04-29T14:50:56.030+0000] {dag.py:3036} INFO - Sync 1 DAGs
[2026-04-29T14:50:56.047+0000] {logging_mixin.py:188} INFO - [2026-04-29T14:50:56.047+0000] {dag.py:3823} INFO - Setting next_dagrun for sus_pipeline to 2026-04-01 00:00:00+00:00, run_after=2026-05-01 00:00:00+00:00
[2026-04-29T14:50:56.065+0000] {processor.py:183} INFO - Processing /opt/airflow/dags/sus_pipeline.py took 1.501 seconds
[2026-04-29T14:51:26.164+0000] {processor.py:161} INFO - Started process (PID=4176) to work on /opt/airflow/dags/sus_pipeline.py
[2026-04-29T14:51:26.165+0000] {processor.py:830} INFO - Processing file /opt/airflow/dags/sus_pipeline.py for tasks to queue
[2026-04-29T14:51:26.166+0000] {logging_mixin.py:188} INFO - [2026-04-29T14:51:26.166+0000] {dagbag.py:538} INFO - Filling up the DagBag from /opt/airflow/dags/sus_pipeline.py
[2026-04-29T14:51:27.658+0000] {processor.py:840} INFO - DAG(s) 'sus_pipeline' retrieved from /opt/airflow/dags/sus_pipeline.py
[2026-04-29T14:51:27.829+0000] {logging_mixin.py:188} INFO - [2026-04-29T14:51:27.828+0000] {dag.py:3036} INFO - Sync 1 DAGs
[2026-04-29T14:51:27.850+0000] {logging_mixin.py:188} INFO - [2026-04-29T14:51:27.850+0000] {dag.py:3823} INFO - Setting next_dagrun for sus_pipeline to 2026-04-01 00:00:00+00:00, run_after=2026-05-01 00:00:00+00:00
[2026-04-29T14:51:27.873+0000] {processor.py:183} INFO - Processing /opt/airflow/dags/sus_pipeline.py took 1.713 seconds
[2026-04-29T14:51:57.966+0000] {processor.py:161} INFO - Started process (PID=4184) to work on /opt/airflow/dags/sus_pipeline.py
[2026-04-29T14:51:57.968+0000] {processor.py:830} INFO - Processing file /opt/airflow/dags/sus_pipeline.py for tasks to queue
[2026-04-29T14:51:57.969+0000] {logging_mixin.py:188} INFO - [2026-04-29T14:51:57.969+0000] {dagbag.py:538} INFO - Filling up the DagBag from /opt/airflow/dags/sus_pipeline.py
[2026-04-29T14:51:59.445+0000] {processor.py:840} INFO - DAG(s) 'sus_pipeline' retrieved from /opt/airflow/dags/sus_pipeline.py
[2026-04-29T14:51:59.472+0000] {logging_mixin.py:188} INFO - [2026-04-29T14:51:59.471+0000] {dag.py:3036} INFO - Sync 1 DAGs
[2026-04-29T14:51:59.485+0000] {logging_mixin.py:188} INFO - [2026-04-29T14:51:59.485+0000] {dag.py:3823} INFO - Setting next_dagrun for sus_pipeline to 2026-04-01 00:00:00+00:00, run_after=2026-05-01 00:00:00+00:00
[2026-04-29T14:51:59.498+0000] {processor.py:183} INFO - Processing /opt/airflow/dags/sus_pipeline.py took 1.539 seconds
[2026-04-29T14:52:29.631+0000] {processor.py:161} INFO - Started process (PID=4192) to work on /opt/airflow/dags/sus_pipeline.py
[2026-04-29T14:52:29.633+0000] {processor.py:830} INFO - Processing file /opt/airflow/dags/sus_pipeline.py for tasks to queue
[2026-04-29T14:52:29.635+0000] {logging_mixin.py:188} INFO - [2026-04-29T14:52:29.634+0000] {dagbag.py:538} INFO - Filling up the DagBag from /opt/airflow/dags/sus_pipeline.py
[2026-04-29T14:52:31.117+0000] {processor.py:840} INFO - DAG(s) 'sus_pipeline' retrieved from /opt/airflow/dags/sus_pipeline.py
[2026-04-29T14:52:31.137+0000] {logging_mixin.py:188} INFO - [2026-04-29T14:52:31.137+0000] {dag.py:3036} INFO - Sync 1 DAGs
[2026-04-29T14:52:31.152+0000] {logging_mixin.py:188} INFO - [2026-04-29T14:52:31.152+0000] {dag.py:3823} INFO - Setting next_dagrun for sus_pipeline to 2026-04-01 00:00:00+00:00, run_after=2026-05-01 00:00:00+00:00
[2026-04-29T14:52:31.183+0000] {processor.py:183} INFO - Processing /opt/airflow/dags/sus_pipeline.py took 1.560 seconds
[2026-04-29T14:53:01.307+0000] {processor.py:161} INFO - Started process (PID=4200) to work on /opt/airflow/dags/sus_pipeline.py
[2026-04-29T14:53:01.307+0000] {processor.py:830} INFO - Processing file /opt/airflow/dags/sus_pipeline.py for tasks to queue
[2026-04-29T14:53:01.308+0000] {logging_mixin.py:188} INFO - [2026-04-29T14:53:01.308+0000] {dagbag.py:538} INFO - Filling up the DagBag from /opt/airflow/dags/sus_pipeline.py
[2026-04-29T14:53:02.726+0000] {processor.py:840} INFO - DAG(s) 'sus_pipeline' retrieved from /opt/airflow/dags/sus_pipeline.py
[2026-04-29T14:53:02.750+0000] {logging_mixin.py:188} INFO - [2026-04-29T14:53:02.750+0000] {dag.py:3036} INFO - Sync 1 DAGs
[2026-04-29T14:53:02.767+0000] {logging_mixin.py:188} INFO - [2026-04-29T14:53:02.767+0000] {dag.py:3823} INFO - Setting next_dagrun for sus_pipeline to 2026-04-01 00:00:00+00:00, run_after=2026-05-01 00:00:00+00:00
[2026-04-29T14:53:02.781+0000] {processor.py:183} INFO - Processing /opt/airflow/dags/sus_pipeline.py took 1.481 seconds
[2026-04-29T14:53:33.706+0000] {processor.py:161} INFO - Started process (PID=4208) to work on /opt/airflow/dags/sus_pipeline.py
[2026-04-29T14:53:33.707+0000] {processor.py:830} INFO - Processing file /opt/airflow/dags/sus_pipeline.py for tasks to queue
[2026-04-29T14:53:33.708+0000] {logging_mixin.py:188} INFO - [2026-04-29T14:53:33.708+0000] {dagbag.py:538} INFO - Filling up the DagBag from /opt/airflow/dags/sus_pipeline.py
[2026-04-29T14:53:35.323+0000] {processor.py:840} INFO - DAG(s) 'sus_pipeline' retrieved from /opt/airflow/dags/sus_pipeline.py
[2026-04-29T14:53:35.346+0000] {logging_mixin.py:188} INFO - [2026-04-29T14:53:35.346+0000] {dag.py:3036} INFO - Sync 1 DAGs
[2026-04-29T14:53:35.366+0000] {logging_mixin.py:188} INFO - [2026-04-29T14:53:35.366+0000] {dag.py:3823} INFO - Setting next_dagrun for sus_pipeline to 2026-04-01 00:00:00+00:00, run_after=2026-05-01 00:00:00+00:00
[2026-04-29T14:53:35.383+0000] {processor.py:183} INFO - Processing /opt/airflow/dags/sus_pipeline.py took 1.681 seconds
[2026-04-29T14:54:07.810+0000] {processor.py:161} INFO - Started process (PID=4216) to work on /opt/airflow/dags/sus_pipeline.py
[2026-04-29T14:54:07.812+0000] {processor.py:830} INFO - Processing file /opt/airflow/dags/sus_pipeline.py for tasks to queue
[2026-04-29T14:54:07.813+0000] {logging_mixin.py:188} INFO - [2026-04-29T14:54:07.812+0000] {dagbag.py:538} INFO - Filling up the DagBag from /opt/airflow/dags/sus_pipeline.py
[2026-04-29T14:54:09.334+0000] {processor.py:840} INFO - DAG(s) 'sus_pipeline' retrieved from /opt/airflow/dags/sus_pipeline.py
[2026-04-29T14:54:09.359+0000] {logging_mixin.py:188} INFO - [2026-04-29T14:54:09.359+0000] {dag.py:3036} INFO - Sync 1 DAGs
[2026-04-29T14:54:09.383+0000] {logging_mixin.py:188} INFO - [2026-04-29T14:54:09.382+0000] {dag.py:3823} INFO - Setting next_dagrun for sus_pipeline to 2026-04-01 00:00:00+00:00, run_after=2026-05-01 00:00:00+00:00
[2026-04-29T14:54:09.400+0000] {processor.py:183} INFO - Processing /opt/airflow/dags/sus_pipeline.py took 1.595 seconds
[2026-04-29T14:54:39.623+0000] {processor.py:161} INFO - Started process (PID=4224) to work on /opt/airflow/dags/sus_pipeline.py
[2026-04-29T14:54:39.624+0000] {processor.py:830} INFO - Processing file /opt/airflow/dags/sus_pipeline.py for tasks to queue
[2026-04-29T14:54:39.625+0000] {logging_mixin.py:188} INFO - [2026-04-29T14:54:39.624+0000] {dagbag.py:538} INFO - Filling up the DagBag from /opt/airflow/dags/sus_pipeline.py
[2026-04-29T14:54:43.299+0000] {processor.py:840} INFO - DAG(s) 'sus_pipeline' retrieved from /opt/airflow/dags/sus_pipeline.py
[2026-04-29T14:54:43.319+0000] {logging_mixin.py:188} INFO - [2026-04-29T14:54:43.319+0000] {dag.py:3036} INFO - Sync 1 DAGs
[2026-04-29T14:54:43.336+0000] {logging_mixin.py:188} INFO - [2026-04-29T14:54:43.336+0000] {dag.py:3823} INFO - Setting next_dagrun for sus_pipeline to 2026-04-01 00:00:00+00:00, run_after=2026-05-01 00:00:00+00:00
[2026-04-29T14:54:43.364+0000] {processor.py:183} INFO - Processing /opt/airflow/dags/sus_pipeline.py took 1.749 seconds
[2026-04-29T14:55:13.566+0000] {processor.py:161} INFO - Started process (PID=4232) to work on /opt/airflow/dags/sus_pipeline.py
[2026-04-29T14:55:13.567+0000] {processor.py:830} INFO - Processing file /opt/airflow/dags/sus_pipeline.py for tasks to queue
[2026-04-29T14:55:13.569+0000] {logging_mixin.py:188} INFO - [2026-04-29T14:55:13.568+0000] {dagbag.py:538} INFO - Filling up the DagBag from /opt/airflow/dags/sus_pipeline.py
[2026-04-29T14:55:17.678+0000] {processor.py:840} INFO - DAG(s) 'sus_pipeline' retrieved from /opt/airflow/dags/sus_pipeline.py
[2026-04-29T14:55:17.704+0000] {logging_mixin.py:188} INFO - [2026-04-29T14:55:17.703+0000] {dag.py:3036} INFO - Sync 1 DAGs
[2026-04-29T14:55:17.725+0000] {logging_mixin.py:188} INFO - [2026-04-29T14:55:17.725+0000] {dag.py:3823} INFO - Setting next_dagrun for sus_pipeline to 2026-04-01 00:00:00+00:00, run_after=2026-05-01 00:00:00+00:00
[2026-04-29T14:55:17.743+0000] {processor.py:183} INFO - Processing /opt/airflow/dags/sus_pipeline.py took 1.722 seconds
[2026-04-29T14:55:47.833+0000] {processor.py:161} INFO - Started process (PID=4240) to work on /opt/airflow/dags/sus_pipeline.py
[2026-04-29T14:55:47.834+0000] {processor.py:830} INFO - Processing file /opt/airflow/dags/sus_pipeline.py for tasks to queue
[2026-04-29T14:55:47.835+0000] {logging_mixin.py:188} INFO - [2026-04-29T14:55:47.835+0000] {dagbag.py:538} INFO - Filling up the DagBag from /opt/airflow/dags/sus_pipeline.py
[2026-04-29T14:55:51.572+0000] {processor.py:840} INFO - DAG(s) 'sus_pipeline' retrieved from /opt/airflow/dags/sus_pipeline.py
[2026-04-29T14:55:51.593+0000] {logging_mixin.py:188} INFO - [2026-04-29T14:55:51.593+0000] {dag.py:3036} INFO - Sync 1 DAGs
[2026-04-29T14:55:51.632+0000] {logging_mixin.py:188} INFO - [2026-04-29T14:55:51.632+0000] {dag.py:3823} INFO - Setting next_dagrun for sus_pipeline to 2026-04-01 00:00:00+00:00, run_after=2026-05-01 00:00:00+00:00
[2026-04-29T14:55:51.648+0000] {processor.py:183} INFO - Processing /opt/airflow/dags/sus_pipeline.py took 1.602 seconds
[2026-04-29T14:56:21.862+0000] {processor.py:161} INFO - Started process (PID=4248) to work on /opt/airflow/dags/sus_pipeline.py
[2026-04-29T14:56:21.862+0000] {processor.py:830} INFO - Processing file /opt/airflow/dags/sus_pipeline.py for tasks to queue
[2026-04-29T14:56:21.863+0000] {logging_mixin.py:188} INFO - [2026-04-29T14:56:21.863+0000] {dagbag.py:538} INFO - Filling up the DagBag from /opt/airflow/dags/sus_pipeline.py
[2026-04-29T14:56:25.708+0000] {processor.py:840} INFO - DAG(s) 'sus_pipeline' retrieved from /opt/airflow/dags/sus_pipeline.py
[2026-04-29T14:56:25.730+0000] {logging_mixin.py:188} INFO - [2026-04-29T14:56:25.730+0000] {dag.py:3036} INFO - Sync 1 DAGs
[2026-04-29T14:56:25.747+0000] {logging_mixin.py:188} INFO - [2026-04-29T14:56:25.746+0000] {dag.py:3823} INFO - Setting next_dagrun for sus_pipeline to 2026-04-01 00:00:00+00:00, run_after=2026-05-01 00:00:00+00:00
[2026-04-29T14:56:25.768+0000] {processor.py:183} INFO - Processing /opt/airflow/dags/sus_pipeline.py took 1.599 seconds
[2026-04-29T14:56:55.892+0000] {processor.py:161} INFO - Started process (PID=4256) to work on /opt/airflow/dags/sus_pipeline.py
[2026-04-29T14:56:55.894+0000] {processor.py:830} INFO - Processing file /opt/airflow/dags/sus_pipeline.py for tasks to queue
[2026-04-29T14:56:55.896+0000] {logging_mixin.py:188} INFO - [2026-04-29T14:56:55.895+0000] {dagbag.py:538} INFO - Filling up the DagBag from /opt/airflow/dags/sus_pipeline.py
[2026-04-29T14:56:57.390+0000] {processor.py:840} INFO - DAG(s) 'sus_pipeline' retrieved from /opt/airflow/dags/sus_pipeline.py
[2026-04-29T14:56:57.413+0000] {logging_mixin.py:188} INFO - [2026-04-29T14:56:57.412+0000] {dag.py:3036} INFO - Sync 1 DAGs
[2026-04-29T14:56:57.437+0000] {logging_mixin.py:188} INFO - [2026-04-29T14:56:57.437+0000] {dag.py:3823} INFO - Setting next_dagrun for sus_pipeline to 2026-04-01 00:00:00+00:00, run_after=2026-05-01 00:00:00+00:00
[2026-04-29T14:56:57.455+0000] {processor.py:183} INFO - Processing /opt/airflow/dags/sus_pipeline.py took 1.570 seconds
[2026-04-29T14:57:27.940+0000] {processor.py:161} INFO - Started process (PID=4264) to work on /opt/airflow/dags/sus_pipeline.py
[2026-04-29T14:57:27.941+0000] {processor.py:830} INFO - Processing file /opt/airflow/dags/sus_pipeline.py for tasks to queue
[2026-04-29T14:57:27.942+0000] {logging_mixin.py:188} INFO - [2026-04-29T14:57:27.941+0000] {dagbag.py:538} INFO - Filling up the DagBag from /opt/airflow/dags/sus_pipeline.py
[2026-04-29T14:57:29.420+0000] {processor.py:840} INFO - DAG(s) 'sus_pipeline' retrieved from /opt/airflow/dags/sus_pipeline.py
[2026-04-29T14:57:29.442+0000] {logging_mixin.py:188} INFO - [2026-04-29T14:57:29.442+0000] {dag.py:3036} INFO - Sync 1 DAGs
[2026-04-29T14:57:29.459+0000] {logging_mixin.py:188} INFO - [2026-04-29T14:57:29.459+0000] {dag.py:3823} INFO - Setting next_dagrun for sus_pipeline to 2026-04-01 00:00:00+00:00, run_after=2026-05-01 00:00:00+00:00
[2026-04-29T14:57:29.476+0000] {processor.py:183} INFO - Processing /opt/airflow/dags/sus_pipeline.py took 1.543 seconds
[2026-04-29T14:57:59.945+0000] {processor.py:161} INFO - Started process (PID=4272) to work on /opt/airflow/dags/sus_pipeline.py
[2026-04-29T14:57:59.946+0000] {processor.py:830} INFO - Processing file /opt/airflow/dags/sus_pipeline.py for tasks to queue
[2026-04-29T14:57:59.947+0000] {logging_mixin.py:188} INFO - [2026-04-29T14:57:59.946+0000] {dagbag.py:538} INFO - Filling up the DagBag from /opt/airflow/dags/sus_pipeline.py
[2026-04-29T14:58:01.333+0000] {processor.py:840} INFO - DAG(s) 'sus_pipeline' retrieved from /opt/airflow/dags/sus_pipeline.py
[2026-04-29T14:58:01.357+0000] {logging_mixin.py:188} INFO - [2026-04-29T14:58:01.357+0000] {dag.py:3036} INFO - Sync 1 DAGs
[2026-04-29T14:58:01.382+0000] {logging_mixin.py:188} INFO - [2026-04-29T14:58:01.381+0000] {dag.py:3823} INFO - Setting next_dagrun for sus_pipeline to 2026-04-01 00:00:00+00:00, run_after=2026-05-01 00:00:00+00:00
[2026-04-29T14:58:01.408+0000] {processor.py:183} INFO - Processing /opt/airflow/dags/sus_pipeline.py took 1.469 seconds
[2026-04-29T14:58:31.843+0000] {processor.py:161} INFO - Started process (PID=4280) to work on /opt/airflow/dags/sus_pipeline.py
[2026-04-29T14:58:31.845+0000] {processor.py:830} INFO - Processing file /opt/airflow/dags/sus_pipeline.py for tasks to queue
[2026-04-29T14:58:31.847+0000] {logging_mixin.py:188} INFO - [2026-04-29T14:58:31.846+0000] {dagbag.py:538} INFO - Filling up the DagBag from /opt/airflow/dags/sus_pipeline.py
[2026-04-29T14:58:33.278+0000] {processor.py:840} INFO - DAG(s) 'sus_pipeline' retrieved from /opt/airflow/dags/sus_pipeline.py
[2026-04-29T14:58:33.300+0000] {logging_mixin.py:188} INFO - [2026-04-29T14:58:33.300+0000] {dag.py:3036} INFO - Sync 1 DAGs
[2026-04-29T14:58:33.316+0000] {logging_mixin.py:188} INFO - [2026-04-29T14:58:33.316+0000] {dag.py:3823} INFO - Setting next_dagrun for sus_pipeline to 2026-04-01 00:00:00+00:00, run_after=2026-05-01 00:00:00+00:00
[2026-04-29T14:58:33.332+0000] {processor.py:183} INFO - Processing /opt/airflow/dags/sus_pipeline.py took 1.499 seconds
[2026-04-29T14:59:03.735+0000] {processor.py:161} INFO - Started process (PID=4288) to work on /opt/airflow/dags/sus_pipeline.py
[2026-04-29T14:59:03.737+0000] {processor.py:830} INFO - Processing file /opt/airflow/dags/sus_pipeline.py for tasks to queue
[2026-04-29T14:59:03.738+0000] {logging_mixin.py:188} INFO - [2026-04-29T14:59:03.738+0000] {dagbag.py:538} INFO - Filling up the DagBag from /opt/airflow/dags/sus_pipeline.py
[2026-04-29T14:59:05.155+0000] {processor.py:840} INFO - DAG(s) 'sus_pipeline' retrieved from /opt/airflow/dags/sus_pipeline.py
[2026-04-29T14:59:05.171+0000] {logging_mixin.py:188} INFO - [2026-04-29T14:59:05.171+0000] {dag.py:3036} INFO - Sync 1 DAGs
[2026-04-29T14:59:05.185+0000] {logging_mixin.py:188} INFO - [2026-04-29T14:59:05.185+0000] {dag.py:3823} INFO - Setting next_dagrun for sus_pipeline to 2026-04-01 00:00:00+00:00, run_after=2026-05-01 00:00:00+00:00
[2026-04-29T14:59:05.198+0000] {processor.py:183} INFO - Processing /opt/airflow/dags/sus_pipeline.py took 1.473 seconds
[2026-04-29T14:59:35.470+0000] {processor.py:161} INFO - Started process (PID=4296) to work on /opt/airflow/dags/sus_pipeline.py
[2026-04-29T14:59:35.474+0000] {processor.py:830} INFO - Processing file /opt/airflow/dags/sus_pipeline.py for tasks to queue
[2026-04-29T14:59:35.475+0000] {logging_mixin.py:188} INFO - [2026-04-29T14:59:35.474+0000] {dagbag.py:538} INFO - Filling up the DagBag from /opt/airflow/dags/sus_pipeline.py
[2026-04-29T14:59:36.971+0000] {processor.py:840} INFO - DAG(s) 'sus_pipeline' retrieved from /opt/airflow/dags/sus_pipeline.py
[2026-04-29T14:59:36.993+0000] {logging_mixin.py:188} INFO - [2026-04-29T14:59:36.993+0000] {dag.py:3036} INFO - Sync 1 DAGs
[2026-04-29T14:59:37.013+0000] {logging_mixin.py:188} INFO - [2026-04-29T14:59:37.013+0000] {dag.py:3823} INFO - Setting next_dagrun for sus_pipeline to 2026-04-01 00:00:00+00:00, run_after=2026-05-01 00:00:00+00:00
[2026-04-29T14:59:37.033+0000] {processor.py:183} INFO - Processing /opt/airflow/dags/sus_pipeline.py took 1.576 seconds
[2026-04-29T15:00:07.219+0000] {processor.py:161} INFO - Started process (PID=4304) to work on /opt/airflow/dags/sus_pipeline.py
[2026-04-29T15:00:07.219+0000] {processor.py:830} INFO - Processing file /opt/airflow/dags/sus_pipeline.py for tasks to queue
[2026-04-29T15:00:07.220+0000] {logging_mixin.py:188} INFO - [2026-04-29T15:00:07.220+0000] {dagbag.py:538} INFO - Filling up the DagBag from /opt/airflow/dags/sus_pipeline.py
[2026-04-29T15:00:08.694+0000] {processor.py:840} INFO - DAG(s) 'sus_pipeline' retrieved from /opt/airflow/dags/sus_pipeline.py
[2026-04-29T15:00:08.717+0000] {logging_mixin.py:188} INFO - [2026-04-29T15:00:08.717+0000] {dag.py:3036} INFO - Sync 1 DAGs
[2026-04-29T15:00:08.736+0000] {logging_mixin.py:188} INFO - [2026-04-29T15:00:08.736+0000] {dag.py:3823} INFO - Setting next_dagrun for sus_pipeline to 2026-04-01 00:00:00+00:00, run_after=2026-05-01 00:00:00+00:00
[2026-04-29T15:00:08.751+0000] {processor.py:183} INFO - Processing /opt/airflow/dags/sus_pipeline.py took 1.537 seconds
[2026-04-29T15:00:39.239+0000] {processor.py:161} INFO - Started process (PID=4312) to work on /opt/airflow/dags/sus_pipeline.py
[2026-04-29T15:00:39.242+0000] {processor.py:830} INFO - Processing file /opt/airflow/dags/sus_pipeline.py for tasks to queue
[2026-04-29T15:00:39.243+0000] {logging_mixin.py:188} INFO - [2026-04-29T15:00:39.243+0000] {dagbag.py:538} INFO - Filling up the DagBag from /opt/airflow/dags/sus_pipeline.py
[2026-04-29T15:00:40.743+0000] {processor.py:840} INFO - DAG(s) 'sus_pipeline' retrieved from /opt/airflow/dags/sus_pipeline.py
[2026-04-29T15:00:40.769+0000] {logging_mixin.py:188} INFO - [2026-04-29T15:00:40.768+0000] {dag.py:3036} INFO - Sync 1 DAGs
[2026-04-29T15:00:40.794+0000] {logging_mixin.py:188} INFO - [2026-04-29T15:00:40.794+0000] {dag.py:3823} INFO - Setting next_dagrun for sus_pipeline to 2026-04-01 00:00:00+00:00, run_after=2026-05-01 00:00:00+00:00
[2026-04-29T15:00:40.808+0000] {processor.py:183} INFO - Processing /opt/airflow/dags/sus_pipeline.py took 1.573 seconds
[2026-04-29T15:01:11.799+0000] {processor.py:161} INFO - Started process (PID=4320) to work on /opt/airflow/dags/sus_pipeline.py
[2026-04-29T15:01:11.799+0000] {processor.py:830} INFO - Processing file /opt/airflow/dags/sus_pipeline.py for tasks to queue
[2026-04-29T15:01:11.800+0000] {logging_mixin.py:188} INFO - [2026-04-29T15:01:11.800+0000] {dagbag.py:538} INFO - Filling up the DagBag from /opt/airflow/dags/sus_pipeline.py
[2026-04-29T15:01:13.365+0000] {processor.py:840} INFO - DAG(s) 'sus_pipeline' retrieved from /opt/airflow/dags/sus_pipeline.py
[2026-04-29T15:01:13.389+0000] {logging_mixin.py:188} INFO - [2026-04-29T15:01:13.389+0000] {dag.py:3036} INFO - Sync 1 DAGs
[2026-04-29T15:01:13.407+0000] {logging_mixin.py:188} INFO - [2026-04-29T15:01:13.407+0000] {dag.py:3823} INFO - Setting next_dagrun for sus_pipeline to 2026-04-01 00:00:00+00:00, run_after=2026-05-01 00:00:00+00:00
[2026-04-29T15:01:13.436+0000] {processor.py:183} INFO - Processing /opt/airflow/dags/sus_pipeline.py took 1.641 seconds
[2026-04-29T15:01:43.506+0000] {processor.py:161} INFO - Started process (PID=4328) to work on /opt/airflow/dags/sus_pipeline.py
[2026-04-29T15:01:43.507+0000] {processor.py:830} INFO - Processing file /opt/airflow/dags/sus_pipeline.py for tasks to queue
[2026-04-29T15:01:43.508+0000] {logging_mixin.py:188} INFO - [2026-04-29T15:01:43.507+0000] {dagbag.py:538} INFO - Filling up the DagBag from /opt/airflow/dags/sus_pipeline.py
[2026-04-29T15:01:44.944+0000] {processor.py:840} INFO - DAG(s) 'sus_pipeline' retrieved from /opt/airflow/dags/sus_pipeline.py
[2026-04-29T15:01:44.967+0000] {logging_mixin.py:188} INFO - [2026-04-29T15:01:44.967+0000] {dag.py:3036} INFO - Sync 1 DAGs
[2026-04-29T15:01:44.983+0000] {logging_mixin.py:188} INFO - [2026-04-29T15:01:44.983+0000] {dag.py:3823} INFO - Setting next_dagrun for sus_pipeline to 2026-04-01 00:00:00+00:00, run_after=2026-05-01 00:00:00+00:00
[2026-04-29T15:01:44.999+0000] {processor.py:183} INFO - Processing /opt/airflow/dags/sus_pipeline.py took 1.496 seconds
[2026-04-29T15:02:15.088+0000] {processor.py:161} INFO - Started process (PID=4336) to work on /opt/airflow/dags/sus_pipeline.py
[2026-04-29T15:02:15.089+0000] {processor.py:830} INFO - Processing file /opt/airflow/dags/sus_pipeline.py for tasks to queue
[2026-04-29T15:02:15.090+0000] {logging_mixin.py:188} INFO - [2026-04-29T15:02:15.089+0000] {dagbag.py:538} INFO - Filling up the DagBag from /opt/airflow/dags/sus_pipeline.py
[2026-04-29T15:02:16.667+0000] {processor.py:840} INFO - DAG(s) 'sus_pipeline' retrieved from /opt/airflow/dags/sus_pipeline.py
[2026-04-29T15:02:16.689+0000] {logging_mixin.py:188} INFO - [2026-04-29T15:02:16.689+0000] {dag.py:3036} INFO - Sync 1 DAGs
[2026-04-29T15:02:16.706+0000] {logging_mixin.py:188} INFO - [2026-04-29T15:02:16.706+0000] {dag.py:3823} INFO - Setting next_dagrun for sus_pipeline to 2026-04-01 00:00:00+00:00, run_after=2026-05-01 00:00:00+00:00
[2026-04-29T15:02:16.738+0000] {processor.py:183} INFO - Processing /opt/airflow/dags/sus_pipeline.py took 1.655 seconds
[2026-04-29T15:02:46.829+0000] {processor.py:161} INFO - Started process (PID=4344) to work on /opt/airflow/dags/sus_pipeline.py
[2026-04-29T15:02:46.835+0000] {processor.py:830} INFO - Processing file /opt/airflow/dags/sus_pipeline.py for tasks to queue
[2026-04-29T15:02:46.836+0000] {logging_mixin.py:188} INFO - [2026-04-29T15:02:46.836+0000] {dagbag.py:538} INFO - Filling up the DagBag from /opt/airflow/dags/sus_pipeline.py
[2026-04-29T15:02:48.381+0000] {processor.py:840} INFO - DAG(s) 'sus_pipeline' retrieved from /opt/airflow/dags/sus_pipeline.py
[2026-04-29T15:02:48.404+0000] {logging_mixin.py:188} INFO - [2026-04-29T15:02:48.403+0000] {dag.py:3036} INFO - Sync 1 DAGs
[2026-04-29T15:02:48.423+0000] {logging_mixin.py:188} INFO - [2026-04-29T15:02:48.423+0000] {dag.py:3823} INFO - Setting next_dagrun for sus_pipeline to 2026-04-01 00:00:00+00:00, run_after=2026-05-01 00:00:00+00:00
[2026-04-29T15:02:48.445+0000] {processor.py:183} INFO - Processing /opt/airflow/dags/sus_pipeline.py took 1.621 seconds
[2026-04-29T15:03:18.524+0000] {processor.py:161} INFO - Started process (PID=4352) to work on /opt/airflow/dags/sus_pipeline.py
[2026-04-29T15:03:18.526+0000] {processor.py:830} INFO - Processing file /opt/airflow/dags/sus_pipeline.py for tasks to queue
[2026-04-29T15:03:18.528+0000] {logging_mixin.py:188} INFO - [2026-04-29T15:03:18.527+0000] {dagbag.py:538} INFO - Filling up the DagBag from /opt/airflow/dags/sus_pipeline.py
[2026-04-29T15:03:19.977+0000] {processor.py:840} INFO - DAG(s) 'sus_pipeline' retrieved from /opt/airflow/dags/sus_pipeline.py
[2026-04-29T15:03:19.997+0000] {logging_mixin.py:188} INFO - [2026-04-29T15:03:19.997+0000] {dag.py:3036} INFO - Sync 1 DAGs
[2026-04-29T15:03:20.014+0000] {logging_mixin.py:188} INFO - [2026-04-29T15:03:20.014+0000] {dag.py:3823} INFO - Setting next_dagrun for sus_pipeline to 2026-04-01 00:00:00+00:00, run_after=2026-05-01 00:00:00+00:00
[2026-04-29T15:03:20.032+0000] {processor.py:183} INFO - Processing /opt/airflow/dags/sus_pipeline.py took 1.513 seconds
[2026-04-29T15:03:51.158+0000] {processor.py:161} INFO - Started process (PID=4360) to work on /opt/airflow/dags/sus_pipeline.py
[2026-04-29T15:03:51.159+0000] {processor.py:830} INFO - Processing file /opt/airflow/dags/sus_pipeline.py for tasks to queue
[2026-04-29T15:03:51.160+0000] {logging_mixin.py:188} INFO - [2026-04-29T15:03:51.160+0000] {dagbag.py:538} INFO - Filling up the DagBag from /opt/airflow/dags/sus_pipeline.py
[2026-04-29T15:03:52.614+0000] {processor.py:840} INFO - DAG(s) 'sus_pipeline' retrieved from /opt/airflow/dags/sus_pipeline.py
[2026-04-29T15:03:52.641+0000] {logging_mixin.py:188} INFO - [2026-04-29T15:03:52.640+0000] {dag.py:3036} INFO - Sync 1 DAGs
[2026-04-29T15:03:52.662+0000] {logging_mixin.py:188} INFO - [2026-04-29T15:03:52.662+0000] {dag.py:3823} INFO - Setting next_dagrun for sus_pipeline to 2026-04-01 00:00:00+00:00, run_after=2026-05-01 00:00:00+00:00
[2026-04-29T15:03:52.685+0000] {processor.py:183} INFO - Processing /opt/airflow/dags/sus_pipeline.py took 1.534 seconds
[2026-04-29T15:04:22.803+0000] {processor.py:161} INFO - Started process (PID=4368) to work on /opt/airflow/dags/sus_pipeline.py
[2026-04-29T15:04:22.804+0000] {processor.py:830} INFO - Processing file /opt/airflow/dags/sus_pipeline.py for tasks to queue
[2026-04-29T15:04:22.805+0000] {logging_mixin.py:188} INFO - [2026-04-29T15:04:22.805+0000] {dagbag.py:538} INFO - Filling up the DagBag from /opt/airflow/dags/sus_pipeline.py
[2026-04-29T15:04:26.027+0000] {processor.py:840} INFO - DAG(s) 'sus_pipeline' retrieved from /opt/airflow/dags/sus_pipeline.py
[2026-04-29T15:04:26.046+0000] {logging_mixin.py:188} INFO - [2026-04-29T15:04:26.046+0000] {dag.py:3036} INFO - Sync 1 DAGs
[2026-04-29T15:04:26.063+0000] {logging_mixin.py:188} INFO - [2026-04-29T15:04:26.063+0000] {dag.py:3823} INFO - Setting next_dagrun for sus_pipeline to 2026-04-01 00:00:00+00:00, run_after=2026-05-01 00:00:00+00:00
[2026-04-29T15:04:26.077+0000] {processor.py:183} INFO - Processing /opt/airflow/dags/sus_pipeline.py took 1.356 seconds
[2026-04-29T15:04:56.287+0000] {processor.py:161} INFO - Started process (PID=4376) to work on /opt/airflow/dags/sus_pipeline.py
[2026-04-29T15:04:56.289+0000] {processor.py:830} INFO - Processing file /opt/airflow/dags/sus_pipeline.py for tasks to queue
[2026-04-29T15:04:56.290+0000] {logging_mixin.py:188} INFO - [2026-04-29T15:04:56.290+0000] {dagbag.py:538} INFO - Filling up the DagBag from /opt/airflow/dags/sus_pipeline.py
[2026-04-29T15:04:59.712+0000] {processor.py:840} INFO - DAG(s) 'sus_pipeline' retrieved from /opt/airflow/dags/sus_pipeline.py
[2026-04-29T15:04:59.735+0000] {logging_mixin.py:188} INFO - [2026-04-29T15:04:59.734+0000] {dag.py:3036} INFO - Sync 1 DAGs
[2026-04-29T15:04:59.756+0000] {logging_mixin.py:188} INFO - [2026-04-29T15:04:59.756+0000] {dag.py:3823} INFO - Setting next_dagrun for sus_pipeline to 2026-04-01 00:00:00+00:00, run_after=2026-05-01 00:00:00+00:00
[2026-04-29T15:04:59.778+0000] {processor.py:183} INFO - Processing /opt/airflow/dags/sus_pipeline.py took 1.570 seconds
[2026-04-29T15:05:30.005+0000] {processor.py:161} INFO - Started process (PID=4384) to work on /opt/airflow/dags/sus_pipeline.py
[2026-04-29T15:05:30.006+0000] {processor.py:830} INFO - Processing file /opt/airflow/dags/sus_pipeline.py for tasks to queue
[2026-04-29T15:05:30.007+0000] {logging_mixin.py:188} INFO - [2026-04-29T15:05:30.007+0000] {dagbag.py:538} INFO - Filling up the DagBag from /opt/airflow/dags/sus_pipeline.py
[2026-04-29T15:05:31.331+0000] {processor.py:840} INFO - DAG(s) 'sus_pipeline' retrieved from /opt/airflow/dags/sus_pipeline.py
[2026-04-29T15:05:31.349+0000] {logging_mixin.py:188} INFO - [2026-04-29T15:05:31.349+0000] {dag.py:3036} INFO - Sync 1 DAGs
[2026-04-29T15:05:31.363+0000] {logging_mixin.py:188} INFO - [2026-04-29T15:05:31.363+0000] {dag.py:3823} INFO - Setting next_dagrun for sus_pipeline to 2026-04-01 00:00:00+00:00, run_after=2026-05-01 00:00:00+00:00
[2026-04-29T15:05:31.379+0000] {processor.py:183} INFO - Processing /opt/airflow/dags/sus_pipeline.py took 1.378 seconds
[2026-04-29T15:06:03.500+0000] {processor.py:161} INFO - Started process (PID=4392) to work on /opt/airflow/dags/sus_pipeline.py
[2026-04-29T15:06:03.501+0000] {processor.py:830} INFO - Processing file /opt/airflow/dags/sus_pipeline.py for tasks to queue
[2026-04-29T15:06:03.501+0000] {logging_mixin.py:188} INFO - [2026-04-29T15:06:03.501+0000] {dagbag.py:538} INFO - Filling up the DagBag from /opt/airflow/dags/sus_pipeline.py
[2026-04-29T15:06:04.872+0000] {processor.py:840} INFO - DAG(s) 'sus_pipeline' retrieved from /opt/airflow/dags/sus_pipeline.py
[2026-04-29T15:06:04.890+0000] {logging_mixin.py:188} INFO - [2026-04-29T15:06:04.889+0000] {dag.py:3036} INFO - Sync 1 DAGs
[2026-04-29T15:06:04.905+0000] {logging_mixin.py:188} INFO - [2026-04-29T15:06:04.905+0000] {dag.py:3823} INFO - Setting next_dagrun for sus_pipeline to 2026-04-01 00:00:00+00:00, run_after=2026-05-01 00:00:00+00:00
[2026-04-29T15:06:04.918+0000] {processor.py:183} INFO - Processing /opt/airflow/dags/sus_pipeline.py took 1.422 seconds
[2026-04-29T15:06:35.027+0000] {processor.py:161} INFO - Started process (PID=4400) to work on /opt/airflow/dags/sus_pipeline.py
[2026-04-29T15:06:35.028+0000] {processor.py:830} INFO - Processing file /opt/airflow/dags/sus_pipeline.py for tasks to queue
[2026-04-29T15:06:35.028+0000] {logging_mixin.py:188} INFO - [2026-04-29T15:06:35.028+0000] {dagbag.py:538} INFO - Filling up the DagBag from /opt/airflow/dags/sus_pipeline.py
[2026-04-29T15:06:36.550+0000] {processor.py:840} INFO - DAG(s) 'sus_pipeline' retrieved from /opt/airflow/dags/sus_pipeline.py
[2026-04-29T15:06:36.575+0000] {logging_mixin.py:188} INFO - [2026-04-29T15:06:36.575+0000] {dag.py:3036} INFO - Sync 1 DAGs
[2026-04-29T15:06:36.596+0000] {logging_mixin.py:188} INFO - [2026-04-29T15:06:36.596+0000] {dag.py:3823} INFO - Setting next_dagrun for sus_pipeline to 2026-04-01 00:00:00+00:00, run_after=2026-05-01 00:00:00+00:00
[2026-04-29T15:06:36.610+0000] {processor.py:183} INFO - Processing /opt/airflow/dags/sus_pipeline.py took 1.586 seconds
[2026-04-29T15:07:06.654+0000] {processor.py:161} INFO - Started process (PID=4408) to work on /opt/airflow/dags/sus_pipeline.py
[2026-04-29T15:07:06.654+0000] {processor.py:830} INFO - Processing file /opt/airflow/dags/sus_pipeline.py for tasks to queue
[2026-04-29T15:07:06.655+0000] {logging_mixin.py:188} INFO - [2026-04-29T15:07:06.654+0000] {dagbag.py:538} INFO - Filling up the DagBag from /opt/airflow/dags/sus_pipeline.py
[2026-04-29T15:07:08.105+0000] {processor.py:840} INFO - DAG(s) 'sus_pipeline' retrieved from /opt/airflow/dags/sus_pipeline.py
[2026-04-29T15:07:08.127+0000] {logging_mixin.py:188} INFO - [2026-04-29T15:07:08.126+0000] {dag.py:3036} INFO - Sync 1 DAGs
[2026-04-29T15:07:08.148+0000] {logging_mixin.py:188} INFO - [2026-04-29T15:07:08.147+0000] {dag.py:3823} INFO - Setting next_dagrun for sus_pipeline to 2026-04-01 00:00:00+00:00, run_after=2026-05-01 00:00:00+00:00
[2026-04-29T15:07:08.162+0000] {processor.py:183} INFO - Processing /opt/airflow/dags/sus_pipeline.py took 1.510 seconds
[2026-04-29T15:07:38.526+0000] {processor.py:161} INFO - Started process (PID=4416) to work on /opt/airflow/dags/sus_pipeline.py
[2026-04-29T15:07:38.528+0000] {processor.py:830} INFO - Processing file /opt/airflow/dags/sus_pipeline.py for tasks to queue
[2026-04-29T15:07:38.530+0000] {logging_mixin.py:188} INFO - [2026-04-29T15:07:38.529+0000] {dagbag.py:538} INFO - Filling up the DagBag from /opt/airflow/dags/sus_pipeline.py
[2026-04-29T15:07:40.032+0000] {processor.py:840} INFO - DAG(s) 'sus_pipeline' retrieved from /opt/airflow/dags/sus_pipeline.py
[2026-04-29T15:07:40.049+0000] {logging_mixin.py:188} INFO - [2026-04-29T15:07:40.049+0000] {dag.py:3036} INFO - Sync 1 DAGs
[2026-04-29T15:07:40.065+0000] {logging_mixin.py:188} INFO - [2026-04-29T15:07:40.065+0000] {dag.py:3823} INFO - Setting next_dagrun for sus_pipeline to 2026-04-01 00:00:00+00:00, run_after=2026-05-01 00:00:00+00:00
[2026-04-29T15:07:40.080+0000] {processor.py:183} INFO - Processing /opt/airflow/dags/sus_pipeline.py took 1.558 seconds
[2026-04-29T15:08:10.152+0000] {processor.py:161} INFO - Started process (PID=4424) to work on /opt/airflow/dags/sus_pipeline.py
[2026-04-29T15:08:10.153+0000] {processor.py:830} INFO - Processing file /opt/airflow/dags/sus_pipeline.py for tasks to queue
[2026-04-29T15:08:10.153+0000] {logging_mixin.py:188} INFO - [2026-04-29T15:08:10.153+0000] {dagbag.py:538} INFO - Filling up the DagBag from /opt/airflow/dags/sus_pipeline.py
[2026-04-29T15:08:11.586+0000] {processor.py:840} INFO - DAG(s) 'sus_pipeline' retrieved from /opt/airflow/dags/sus_pipeline.py
[2026-04-29T15:08:11.608+0000] {logging_mixin.py:188} INFO - [2026-04-29T15:08:11.608+0000] {dag.py:3036} INFO - Sync 1 DAGs
[2026-04-29T15:08:11.629+0000] {logging_mixin.py:188} INFO - [2026-04-29T15:08:11.628+0000] {dag.py:3823} INFO - Setting next_dagrun for sus_pipeline to 2026-04-01 00:00:00+00:00, run_after=2026-05-01 00:00:00+00:00
[2026-04-29T15:08:11.648+0000] {processor.py:183} INFO - Processing /opt/airflow/dags/sus_pipeline.py took 1.501 seconds
[2026-04-29T15:08:41.758+0000] {processor.py:161} INFO - Started process (PID=4432) to work on /opt/airflow/dags/sus_pipeline.py
[2026-04-29T15:08:41.762+0000] {processor.py:830} INFO - Processing file /opt/airflow/dags/sus_pipeline.py for tasks to queue
[2026-04-29T15:08:41.764+0000] {logging_mixin.py:188} INFO - [2026-04-29T15:08:41.764+0000] {dagbag.py:538} INFO - Filling up the DagBag from /opt/airflow/dags/sus_pipeline.py
[2026-04-29T15:08:43.251+0000] {processor.py:840} INFO - DAG(s) 'sus_pipeline' retrieved from /opt/airflow/dags/sus_pipeline.py
[2026-04-29T15:08:43.267+0000] {logging_mixin.py:188} INFO - [2026-04-29T15:08:43.267+0000] {dag.py:3036} INFO - Sync 1 DAGs
[2026-04-29T15:08:43.283+0000] {logging_mixin.py:188} INFO - [2026-04-29T15:08:43.283+0000] {dag.py:3823} INFO - Setting next_dagrun for sus_pipeline to 2026-04-01 00:00:00+00:00, run_after=2026-05-01 00:00:00+00:00
[2026-04-29T15:08:43.296+0000] {processor.py:183} INFO - Processing /opt/airflow/dags/sus_pipeline.py took 1.547 seconds
[2026-04-29T15:09:13.433+0000] {processor.py:161} INFO - Started process (PID=4440) to work on /opt/airflow/dags/sus_pipeline.py
[2026-04-29T15:09:13.434+0000] {processor.py:830} INFO - Processing file /opt/airflow/dags/sus_pipeline.py for tasks to queue
[2026-04-29T15:09:13.435+0000] {logging_mixin.py:188} INFO - [2026-04-29T15:09:13.434+0000] {dagbag.py:538} INFO - Filling up the DagBag from /opt/airflow/dags/sus_pipeline.py
[2026-04-29T15:09:14.882+0000] {processor.py:840} INFO - DAG(s) 'sus_pipeline' retrieved from /opt/airflow/dags/sus_pipeline.py
[2026-04-29T15:09:14.900+0000] {logging_mixin.py:188} INFO - [2026-04-29T15:09:14.900+0000] {dag.py:3036} INFO - Sync 1 DAGs
[2026-04-29T15:09:14.917+0000] {logging_mixin.py:188} INFO - [2026-04-29T15:09:14.916+0000] {dag.py:3823} INFO - Setting next_dagrun for sus_pipeline to 2026-04-01 00:00:00+00:00, run_after=2026-05-01 00:00:00+00:00
[2026-04-29T15:09:14.933+0000] {processor.py:183} INFO - Processing /opt/airflow/dags/sus_pipeline.py took 1.509 seconds
[2026-04-29T15:09:45.194+0000] {processor.py:161} INFO - Started process (PID=4448) to work on /opt/airflow/dags/sus_pipeline.py
[2026-04-29T15:09:45.198+0000] {processor.py:830} INFO - Processing file /opt/airflow/dags/sus_pipeline.py for tasks to queue
[2026-04-29T15:09:45.200+0000] {logging_mixin.py:188} INFO - [2026-04-29T15:09:45.199+0000] {dagbag.py:538} INFO - Filling up the DagBag from /opt/airflow/dags/sus_pipeline.py
[2026-04-29T15:09:46.597+0000] {processor.py:840} INFO - DAG(s) 'sus_pipeline' retrieved from /opt/airflow/dags/sus_pipeline.py
[2026-04-29T15:09:46.623+0000] {logging_mixin.py:188} INFO - [2026-04-29T15:09:46.623+0000] {dag.py:3036} INFO - Sync 1 DAGs
[2026-04-29T15:09:46.654+0000] {logging_mixin.py:188} INFO - [2026-04-29T15:09:46.653+0000] {dag.py:3823} INFO - Setting next_dagrun for sus_pipeline to 2026-04-01 00:00:00+00:00, run_after=2026-05-01 00:00:00+00:00
[2026-04-29T15:09:46.674+0000] {processor.py:183} INFO - Processing /opt/airflow/dags/sus_pipeline.py took 1.486 seconds
[2026-04-29T15:10:16.822+0000] {processor.py:161} INFO - Started process (PID=4456) to work on /opt/airflow/dags/sus_pipeline.py
[2026-04-29T15:10:16.823+0000] {processor.py:830} INFO - Processing file /opt/airflow/dags/sus_pipeline.py for tasks to queue
[2026-04-29T15:10:16.824+0000] {logging_mixin.py:188} INFO - [2026-04-29T15:10:16.824+0000] {dagbag.py:538} INFO - Filling up the DagBag from /opt/airflow/dags/sus_pipeline.py
[2026-04-29T15:10:18.356+0000] {processor.py:840} INFO - DAG(s) 'sus_pipeline' retrieved from /opt/airflow/dags/sus_pipeline.py
[2026-04-29T15:10:18.377+0000] {logging_mixin.py:188} INFO - [2026-04-29T15:10:18.377+0000] {dag.py:3036} INFO - Sync 1 DAGs
[2026-04-29T15:10:18.394+0000] {logging_mixin.py:188} INFO - [2026-04-29T15:10:18.393+0000] {dag.py:3823} INFO - Setting next_dagrun for sus_pipeline to 2026-04-01 00:00:00+00:00, run_after=2026-05-01 00:00:00+00:00
[2026-04-29T15:10:18.410+0000] {processor.py:183} INFO - Processing /opt/airflow/dags/sus_pipeline.py took 1.595 seconds
[2026-04-29T15:10:48.803+0000] {processor.py:161} INFO - Started process (PID=4464) to work on /opt/airflow/dags/sus_pipeline.py
[2026-04-29T15:10:48.804+0000] {processor.py:830} INFO - Processing file /opt/airflow/dags/sus_pipeline.py for tasks to queue
[2026-04-29T15:10:48.805+0000] {logging_mixin.py:188} INFO - [2026-04-29T15:10:48.805+0000] {dagbag.py:538} INFO - Filling up the DagBag from /opt/airflow/dags/sus_pipeline.py
[2026-04-29T15:10:50.426+0000] {processor.py:840} INFO - DAG(s) 'sus_pipeline' retrieved from /opt/airflow/dags/sus_pipeline.py
[2026-04-29T15:10:50.447+0000] {logging_mixin.py:188} INFO - [2026-04-29T15:10:50.447+0000] {dag.py:3036} INFO - Sync 1 DAGs
[2026-04-29T15:10:50.479+0000] {logging_mixin.py:188} INFO - [2026-04-29T15:10:50.479+0000] {dag.py:3823} INFO - Setting next_dagrun for sus_pipeline to 2026-04-01 00:00:00+00:00, run_after=2026-05-01 00:00:00+00:00
[2026-04-29T15:10:50.500+0000] {processor.py:183} INFO - Processing /opt/airflow/dags/sus_pipeline.py took 1.702 seconds
[2026-04-29T15:11:20.714+0000] {processor.py:161} INFO - Started process (PID=4472) to work on /opt/airflow/dags/sus_pipeline.py
[2026-04-29T15:11:20.716+0000] {processor.py:830} INFO - Processing file /opt/airflow/dags/sus_pipeline.py for tasks to queue
[2026-04-29T15:11:20.717+0000] {logging_mixin.py:188} INFO - [2026-04-29T15:11:20.717+0000] {dagbag.py:538} INFO - Filling up the DagBag from /opt/airflow/dags/sus_pipeline.py
[2026-04-29T15:11:22.146+0000] {processor.py:840} INFO - DAG(s) 'sus_pipeline' retrieved from /opt/airflow/dags/sus_pipeline.py
[2026-04-29T15:11:22.164+0000] {logging_mixin.py:188} INFO - [2026-04-29T15:11:22.163+0000] {dag.py:3036} INFO - Sync 1 DAGs
[2026-04-29T15:11:22.182+0000] {logging_mixin.py:188} INFO - [2026-04-29T15:11:22.182+0000] {dag.py:3823} INFO - Setting next_dagrun for sus_pipeline to 2026-04-01 00:00:00+00:00, run_after=2026-05-01 00:00:00+00:00
[2026-04-29T15:11:22.197+0000] {processor.py:183} INFO - Processing /opt/airflow/dags/sus_pipeline.py took 1.496 seconds
[2026-04-29T15:11:52.422+0000] {processor.py:161} INFO - Started process (PID=4480) to work on /opt/airflow/dags/sus_pipeline.py
[2026-04-29T15:11:52.425+0000] {processor.py:830} INFO - Processing file /opt/airflow/dags/sus_pipeline.py for tasks to queue
[2026-04-29T15:11:52.426+0000] {logging_mixin.py:188} INFO - [2026-04-29T15:11:52.426+0000] {dagbag.py:538} INFO - Filling up the DagBag from /opt/airflow/dags/sus_pipeline.py
[2026-04-29T15:11:54.006+0000] {processor.py:840} INFO - DAG(s) 'sus_pipeline' retrieved from /opt/airflow/dags/sus_pipeline.py
[2026-04-29T15:11:54.039+0000] {logging_mixin.py:188} INFO - [2026-04-29T15:11:54.038+0000] {dag.py:3036} INFO - Sync 1 DAGs
[2026-04-29T15:11:54.060+0000] {logging_mixin.py:188} INFO - [2026-04-29T15:11:54.060+0000] {dag.py:3823} INFO - Setting next_dagrun for sus_pipeline to 2026-04-01 00:00:00+00:00, run_after=2026-05-01 00:00:00+00:00
[2026-04-29T15:11:54.080+0000] {processor.py:183} INFO - Processing /opt/airflow/dags/sus_pipeline.py took 1.664 seconds
[2026-04-29T15:12:22.085+0000] {processor.py:161} INFO - Started process (PID=4488) to work on /opt/airflow/dags/sus_pipeline.py
[2026-04-29T15:12:22.087+0000] {processor.py:830} INFO - Processing file /opt/airflow/dags/sus_pipeline.py for tasks to queue
[2026-04-29T15:12:22.090+0000] {logging_mixin.py:188} INFO - [2026-04-29T15:12:22.089+0000] {dagbag.py:538} INFO - Filling up the DagBag from /opt/airflow/dags/sus_pipeline.py
[2026-04-29T15:12:27.025+0000] {processor.py:840} INFO - DAG(s) 'sus_pipeline' retrieved from /opt/airflow/dags/sus_pipeline.py
[2026-04-29T15:12:27.071+0000] {logging_mixin.py:188} INFO - [2026-04-29T15:12:27.070+0000] {dag.py:3036} INFO - Sync 1 DAGs
[2026-04-29T15:12:27.112+0000] {logging_mixin.py:188} INFO - [2026-04-29T15:12:27.112+0000] {dag.py:3823} INFO - Setting next_dagrun for sus_pipeline to 2026-04-01 00:00:00+00:00, run_after=2026-05-01 00:00:00+00:00
[2026-04-29T15:12:27.153+0000] {processor.py:183} INFO - Processing /opt/airflow/dags/sus_pipeline.py took 2.906 seconds
[2026-04-29T15:12:59.931+0000] {processor.py:161} INFO - Started process (PID=4519) to work on /opt/airflow/dags/sus_pipeline.py
[2026-04-29T15:12:59.936+0000] {processor.py:830} INFO - Processing file /opt/airflow/dags/sus_pipeline.py for tasks to queue
[2026-04-29T15:12:59.939+0000] {logging_mixin.py:188} INFO - [2026-04-29T15:12:59.938+0000] {dagbag.py:538} INFO - Filling up the DagBag from /opt/airflow/dags/sus_pipeline.py
[2026-04-29T15:13:03.350+0000] {processor.py:840} INFO - DAG(s) 'sus_pipeline' retrieved from /opt/airflow/dags/sus_pipeline.py
[2026-04-29T15:13:03.395+0000] {logging_mixin.py:188} INFO - [2026-04-29T15:13:03.394+0000] {dag.py:3036} INFO - Sync 1 DAGs
[2026-04-29T15:13:03.424+0000] {logging_mixin.py:188} INFO - [2026-04-29T15:13:03.424+0000] {dag.py:3823} INFO - Setting next_dagrun for sus_pipeline to 2026-04-01 00:00:00+00:00, run_after=2026-05-01 00:00:00+00:00
[2026-04-29T15:13:03.463+0000] {processor.py:183} INFO - Processing /opt/airflow/dags/sus_pipeline.py took 3.783 seconds
[2026-04-29T15:13:34.094+0000] {processor.py:161} INFO - Started process (PID=4527) to work on /opt/airflow/dags/sus_pipeline.py
[2026-04-29T15:13:34.095+0000] {processor.py:830} INFO - Processing file /opt/airflow/dags/sus_pipeline.py for tasks to queue
[2026-04-29T15:13:34.096+0000] {logging_mixin.py:188} INFO - [2026-04-29T15:13:34.096+0000] {dagbag.py:538} INFO - Filling up the DagBag from /opt/airflow/dags/sus_pipeline.py
[2026-04-29T15:13:36.697+0000] {processor.py:840} INFO - DAG(s) 'sus_pipeline' retrieved from /opt/airflow/dags/sus_pipeline.py
[2026-04-29T15:13:36.727+0000] {logging_mixin.py:188} INFO - [2026-04-29T15:13:36.727+0000] {dag.py:3036} INFO - Sync 1 DAGs
[2026-04-29T15:13:36.760+0000] {logging_mixin.py:188} INFO - [2026-04-29T15:13:36.760+0000] {dag.py:3823} INFO - Setting next_dagrun for sus_pipeline to 2026-04-01 00:00:00+00:00, run_after=2026-05-01 00:00:00+00:00
[2026-04-29T15:13:36.789+0000] {processor.py:183} INFO - Processing /opt/airflow/dags/sus_pipeline.py took 2.700 seconds
[2026-04-29T15:14:09.128+0000] {processor.py:161} INFO - Started process (PID=4535) to work on /opt/airflow/dags/sus_pipeline.py
[2026-04-29T15:14:09.129+0000] {processor.py:830} INFO - Processing file /opt/airflow/dags/sus_pipeline.py for tasks to queue
[2026-04-29T15:14:09.130+0000] {logging_mixin.py:188} INFO - [2026-04-29T15:14:09.130+0000] {dagbag.py:538} INFO - Filling up the DagBag from /opt/airflow/dags/sus_pipeline.py
[2026-04-29T15:14:11.285+0000] {processor.py:840} INFO - DAG(s) 'sus_pipeline' retrieved from /opt/airflow/dags/sus_pipeline.py
[2026-04-29T15:14:11.312+0000] {logging_mixin.py:188} INFO - [2026-04-29T15:14:11.311+0000] {dag.py:3036} INFO - Sync 1 DAGs
[2026-04-29T15:14:11.347+0000] {logging_mixin.py:188} INFO - [2026-04-29T15:14:11.346+0000] {dag.py:3823} INFO - Setting next_dagrun for sus_pipeline to 2026-04-01 00:00:00+00:00, run_after=2026-05-01 00:00:00+00:00
[2026-04-29T15:14:11.375+0000] {processor.py:183} INFO - Processing /opt/airflow/dags/sus_pipeline.py took 2.252 seconds
[2026-04-29T15:14:44.029+0000] {processor.py:161} INFO - Started process (PID=4574) to work on /opt/airflow/dags/sus_pipeline.py
[2026-04-29T15:14:44.030+0000] {processor.py:830} INFO - Processing file /opt/airflow/dags/sus_pipeline.py for tasks to queue
[2026-04-29T15:14:44.030+0000] {logging_mixin.py:188} INFO - [2026-04-29T15:14:44.030+0000] {dagbag.py:538} INFO - Filling up the DagBag from /opt/airflow/dags/sus_pipeline.py
[2026-04-29T15:14:45.556+0000] {processor.py:840} INFO - DAG(s) 'sus_pipeline' retrieved from /opt/airflow/dags/sus_pipeline.py
[2026-04-29T15:14:45.574+0000] {logging_mixin.py:188} INFO - [2026-04-29T15:14:45.573+0000] {dag.py:3036} INFO - Sync 1 DAGs
[2026-04-29T15:14:45.590+0000] {logging_mixin.py:188} INFO - [2026-04-29T15:14:45.590+0000] {dag.py:3823} INFO - Setting next_dagrun for sus_pipeline to 2026-04-01 00:00:00+00:00, run_after=2026-05-01 00:00:00+00:00
[2026-04-29T15:14:45.606+0000] {processor.py:183} INFO - Processing /opt/airflow/dags/sus_pipeline.py took 1.581 seconds
[2026-04-29T15:15:18.121+0000] {processor.py:161} INFO - Started process (PID=4708) to work on /opt/airflow/dags/sus_pipeline.py
[2026-04-29T15:15:18.123+0000] {processor.py:830} INFO - Processing file /opt/airflow/dags/sus_pipeline.py for tasks to queue
[2026-04-29T15:15:18.124+0000] {logging_mixin.py:188} INFO - [2026-04-29T15:15:18.124+0000] {dagbag.py:538} INFO - Filling up the DagBag from /opt/airflow/dags/sus_pipeline.py
[2026-04-29T15:15:19.711+0000] {processor.py:840} INFO - DAG(s) 'sus_pipeline' retrieved from /opt/airflow/dags/sus_pipeline.py
[2026-04-29T15:15:19.732+0000] {logging_mixin.py:188} INFO - [2026-04-29T15:15:19.731+0000] {dag.py:3036} INFO - Sync 1 DAGs
[2026-04-29T15:15:19.750+0000] {logging_mixin.py:188} INFO - [2026-04-29T15:15:19.750+0000] {dag.py:3823} INFO - Setting next_dagrun for sus_pipeline to 2026-04-01 00:00:00+00:00, run_after=2026-05-01 00:00:00+00:00
[2026-04-29T15:15:19.765+0000] {processor.py:183} INFO - Processing /opt/airflow/dags/sus_pipeline.py took 1.647 seconds
[2026-04-29T15:15:49.944+0000] {processor.py:161} INFO - Started process (PID=4808) to work on /opt/airflow/dags/sus_pipeline.py
[2026-04-29T15:15:49.945+0000] {processor.py:830} INFO - Processing file /opt/airflow/dags/sus_pipeline.py for tasks to queue
[2026-04-29T15:15:49.945+0000] {logging_mixin.py:188} INFO - [2026-04-29T15:15:49.945+0000] {dagbag.py:538} INFO - Filling up the DagBag from /opt/airflow/dags/sus_pipeline.py
[2026-04-29T15:15:53.907+0000] {processor.py:840} INFO - DAG(s) 'sus_pipeline' retrieved from /opt/airflow/dags/sus_pipeline.py
[2026-04-29T15:15:53.928+0000] {logging_mixin.py:188} INFO - [2026-04-29T15:15:53.928+0000] {dag.py:3036} INFO - Sync 1 DAGs
[2026-04-29T15:15:53.943+0000] {logging_mixin.py:188} INFO - [2026-04-29T15:15:53.943+0000] {dag.py:3823} INFO - Setting next_dagrun for sus_pipeline to 2026-04-01 00:00:00+00:00, run_after=2026-05-01 00:00:00+00:00
[2026-04-29T15:15:53.958+0000] {processor.py:183} INFO - Processing /opt/airflow/dags/sus_pipeline.py took 1.545 seconds
[2026-04-29T15:16:24.157+0000] {processor.py:161} INFO - Started process (PID=4944) to work on /opt/airflow/dags/sus_pipeline.py
[2026-04-29T15:16:24.166+0000] {processor.py:830} INFO - Processing file /opt/airflow/dags/sus_pipeline.py for tasks to queue
[2026-04-29T15:16:24.167+0000] {logging_mixin.py:188} INFO - [2026-04-29T15:16:24.167+0000] {dagbag.py:538} INFO - Filling up the DagBag from /opt/airflow/dags/sus_pipeline.py
[2026-04-29T15:16:28.347+0000] {processor.py:840} INFO - DAG(s) 'sus_pipeline' retrieved from /opt/airflow/dags/sus_pipeline.py
[2026-04-29T15:16:28.375+0000] {logging_mixin.py:188} INFO - [2026-04-29T15:16:28.374+0000] {dag.py:3036} INFO - Sync 1 DAGs
[2026-04-29T15:16:28.401+0000] {logging_mixin.py:188} INFO - [2026-04-29T15:16:28.401+0000] {dag.py:3823} INFO - Setting next_dagrun for sus_pipeline to 2026-04-01 00:00:00+00:00, run_after=2026-05-01 00:00:00+00:00
[2026-04-29T15:16:28.428+0000] {processor.py:183} INFO - Processing /opt/airflow/dags/sus_pipeline.py took 1.957 seconds
[2026-04-29T15:16:58.624+0000] {processor.py:161} INFO - Started process (PID=5058) to work on /opt/airflow/dags/sus_pipeline.py
[2026-04-29T15:16:58.625+0000] {processor.py:830} INFO - Processing file /opt/airflow/dags/sus_pipeline.py for tasks to queue
[2026-04-29T15:16:58.625+0000] {logging_mixin.py:188} INFO - [2026-04-29T15:16:58.625+0000] {dagbag.py:538} INFO - Filling up the DagBag from /opt/airflow/dags/sus_pipeline.py
[2026-04-29T15:17:02.582+0000] {processor.py:840} INFO - DAG(s) 'sus_pipeline' retrieved from /opt/airflow/dags/sus_pipeline.py
[2026-04-29T15:17:02.603+0000] {logging_mixin.py:188} INFO - [2026-04-29T15:17:02.603+0000] {dag.py:3036} INFO - Sync 1 DAGs
[2026-04-29T15:17:02.621+0000] {logging_mixin.py:188} INFO - [2026-04-29T15:17:02.621+0000] {dag.py:3823} INFO - Setting next_dagrun for sus_pipeline to 2026-04-01 00:00:00+00:00, run_after=2026-05-01 00:00:00+00:00
[2026-04-29T15:17:02.636+0000] {processor.py:183} INFO - Processing /opt/airflow/dags/sus_pipeline.py took 1.556 seconds
[2026-04-29T15:17:32.698+0000] {processor.py:161} INFO - Started process (PID=5164) to work on /opt/airflow/dags/sus_pipeline.py
[2026-04-29T15:17:32.700+0000] {processor.py:830} INFO - Processing file /opt/airflow/dags/sus_pipeline.py for tasks to queue
[2026-04-29T15:17:32.701+0000] {logging_mixin.py:188} INFO - [2026-04-29T15:17:32.700+0000] {dagbag.py:538} INFO - Filling up the DagBag from /opt/airflow/dags/sus_pipeline.py
[2026-04-29T15:17:36.387+0000] {processor.py:840} INFO - DAG(s) 'sus_pipeline' retrieved from /opt/airflow/dags/sus_pipeline.py
[2026-04-29T15:17:36.415+0000] {logging_mixin.py:188} INFO - [2026-04-29T15:17:36.414+0000] {dag.py:3036} INFO - Sync 1 DAGs
[2026-04-29T15:17:36.430+0000] {logging_mixin.py:188} INFO - [2026-04-29T15:17:36.430+0000] {dag.py:3823} INFO - Setting next_dagrun for sus_pipeline to 2026-04-01 00:00:00+00:00, run_after=2026-05-01 00:00:00+00:00
[2026-04-29T15:17:36.453+0000] {processor.py:183} INFO - Processing /opt/airflow/dags/sus_pipeline.py took 1.573 seconds
[2026-04-29T15:18:06.662+0000] {processor.py:161} INFO - Started process (PID=5304) to work on /opt/airflow/dags/sus_pipeline.py
[2026-04-29T15:18:06.663+0000] {processor.py:830} INFO - Processing file /opt/airflow/dags/sus_pipeline.py for tasks to queue
[2026-04-29T15:18:06.663+0000] {logging_mixin.py:188} INFO - [2026-04-29T15:18:06.663+0000] {dagbag.py:538} INFO - Filling up the DagBag from /opt/airflow/dags/sus_pipeline.py
[2026-04-29T15:18:08.240+0000] {processor.py:840} INFO - DAG(s) 'sus_pipeline' retrieved from /opt/airflow/dags/sus_pipeline.py
[2026-04-29T15:18:08.266+0000] {logging_mixin.py:188} INFO - [2026-04-29T15:18:08.265+0000] {dag.py:3036} INFO - Sync 1 DAGs
[2026-04-29T15:18:08.292+0000] {logging_mixin.py:188} INFO - [2026-04-29T15:18:08.292+0000] {dag.py:3823} INFO - Setting next_dagrun for sus_pipeline to 2026-04-01 00:00:00+00:00, run_after=2026-05-01 00:00:00+00:00
[2026-04-29T15:18:08.320+0000] {processor.py:183} INFO - Processing /opt/airflow/dags/sus_pipeline.py took 1.661 seconds
[2026-04-29T15:18:38.790+0000] {processor.py:161} INFO - Started process (PID=5428) to work on /opt/airflow/dags/sus_pipeline.py
[2026-04-29T15:18:38.791+0000] {processor.py:830} INFO - Processing file /opt/airflow/dags/sus_pipeline.py for tasks to queue
[2026-04-29T15:18:38.792+0000] {logging_mixin.py:188} INFO - [2026-04-29T15:18:38.792+0000] {dagbag.py:538} INFO - Filling up the DagBag from /opt/airflow/dags/sus_pipeline.py
[2026-04-29T15:18:40.331+0000] {processor.py:840} INFO - DAG(s) 'sus_pipeline' retrieved from /opt/airflow/dags/sus_pipeline.py
[2026-04-29T15:18:40.359+0000] {logging_mixin.py:188} INFO - [2026-04-29T15:18:40.358+0000] {dag.py:3036} INFO - Sync 1 DAGs
[2026-04-29T15:18:40.382+0000] {logging_mixin.py:188} INFO - [2026-04-29T15:18:40.381+0000] {dag.py:3823} INFO - Setting next_dagrun for sus_pipeline to 2026-04-01 00:00:00+00:00, run_after=2026-05-01 00:00:00+00:00
[2026-04-29T15:18:40.404+0000] {processor.py:183} INFO - Processing /opt/airflow/dags/sus_pipeline.py took 1.619 seconds
[2026-04-29T15:19:10.922+0000] {processor.py:161} INFO - Started process (PID=5566) to work on /opt/airflow/dags/sus_pipeline.py
[2026-04-29T15:19:10.923+0000] {processor.py:830} INFO - Processing file /opt/airflow/dags/sus_pipeline.py for tasks to queue
[2026-04-29T15:19:10.924+0000] {logging_mixin.py:188} INFO - [2026-04-29T15:19:10.924+0000] {dagbag.py:538} INFO - Filling up the DagBag from /opt/airflow/dags/sus_pipeline.py
[2026-04-29T15:19:12.381+0000] {processor.py:840} INFO - DAG(s) 'sus_pipeline' retrieved from /opt/airflow/dags/sus_pipeline.py
[2026-04-29T15:19:12.403+0000] {logging_mixin.py:188} INFO - [2026-04-29T15:19:12.402+0000] {dag.py:3036} INFO - Sync 1 DAGs
[2026-04-29T15:19:12.417+0000] {logging_mixin.py:188} INFO - [2026-04-29T15:19:12.417+0000] {dag.py:3823} INFO - Setting next_dagrun for sus_pipeline to 2026-04-01 00:00:00+00:00, run_after=2026-05-01 00:00:00+00:00
[2026-04-29T15:19:12.435+0000] {processor.py:183} INFO - Processing /opt/airflow/dags/sus_pipeline.py took 1.519 seconds
[2026-04-29T15:19:43.138+0000] {processor.py:161} INFO - Started process (PID=5702) to work on /opt/airflow/dags/sus_pipeline.py
[2026-04-29T15:19:43.139+0000] {processor.py:830} INFO - Processing file /opt/airflow/dags/sus_pipeline.py for tasks to queue
[2026-04-29T15:19:43.139+0000] {logging_mixin.py:188} INFO - [2026-04-29T15:19:43.139+0000] {dagbag.py:538} INFO - Filling up the DagBag from /opt/airflow/dags/sus_pipeline.py
[2026-04-29T15:19:44.943+0000] {processor.py:840} INFO - DAG(s) 'sus_pipeline' retrieved from /opt/airflow/dags/sus_pipeline.py
[2026-04-29T15:19:44.960+0000] {logging_mixin.py:188} INFO - [2026-04-29T15:19:44.960+0000] {dag.py:3036} INFO - Sync 1 DAGs
[2026-04-29T15:19:44.976+0000] {logging_mixin.py:188} INFO - [2026-04-29T15:19:44.976+0000] {dag.py:3823} INFO - Setting next_dagrun for sus_pipeline to 2026-04-01 00:00:00+00:00, run_after=2026-05-01 00:00:00+00:00
[2026-04-29T15:19:44.989+0000] {processor.py:183} INFO - Processing /opt/airflow/dags/sus_pipeline.py took 1.855 seconds
[2026-04-29T15:20:15.481+0000] {processor.py:161} INFO - Started process (PID=5840) to work on /opt/airflow/dags/sus_pipeline.py
[2026-04-29T15:20:15.482+0000] {processor.py:830} INFO - Processing file /opt/airflow/dags/sus_pipeline.py for tasks to queue
[2026-04-29T15:20:15.483+0000] {logging_mixin.py:188} INFO - [2026-04-29T15:20:15.482+0000] {dagbag.py:538} INFO - Filling up the DagBag from /opt/airflow/dags/sus_pipeline.py
[2026-04-29T15:20:17.029+0000] {processor.py:840} INFO - DAG(s) 'sus_pipeline' retrieved from /opt/airflow/dags/sus_pipeline.py
[2026-04-29T15:20:17.047+0000] {logging_mixin.py:188} INFO - [2026-04-29T15:20:17.046+0000] {dag.py:3036} INFO - Sync 1 DAGs
[2026-04-29T15:20:17.063+0000] {logging_mixin.py:188} INFO - [2026-04-29T15:20:17.062+0000] {dag.py:3823} INFO - Setting next_dagrun for sus_pipeline to 2026-04-01 00:00:00+00:00, run_after=2026-05-01 00:00:00+00:00
[2026-04-29T15:20:17.081+0000] {processor.py:183} INFO - Processing /opt/airflow/dags/sus_pipeline.py took 1.606 seconds
[2026-04-29T15:20:47.545+0000] {processor.py:161} INFO - Started process (PID=5976) to work on /opt/airflow/dags/sus_pipeline.py
[2026-04-29T15:20:47.547+0000] {processor.py:830} INFO - Processing file /opt/airflow/dags/sus_pipeline.py for tasks to queue
[2026-04-29T15:20:47.547+0000] {logging_mixin.py:188} INFO - [2026-04-29T15:20:47.547+0000] {dagbag.py:538} INFO - Filling up the DagBag from /opt/airflow/dags/sus_pipeline.py
[2026-04-29T15:20:49.086+0000] {processor.py:840} INFO - DAG(s) 'sus_pipeline' retrieved from /opt/airflow/dags/sus_pipeline.py
[2026-04-29T15:20:49.105+0000] {logging_mixin.py:188} INFO - [2026-04-29T15:20:49.105+0000] {dag.py:3036} INFO - Sync 1 DAGs
[2026-04-29T15:20:49.125+0000] {logging_mixin.py:188} INFO - [2026-04-29T15:20:49.125+0000] {dag.py:3823} INFO - Setting next_dagrun for sus_pipeline to 2026-04-01 00:00:00+00:00, run_after=2026-05-01 00:00:00+00:00
[2026-04-29T15:20:49.142+0000] {processor.py:183} INFO - Processing /opt/airflow/dags/sus_pipeline.py took 1.602 seconds
[2026-04-29T15:21:19.531+0000] {processor.py:161} INFO - Started process (PID=6104) to work on /opt/airflow/dags/sus_pipeline.py
[2026-04-29T15:21:19.532+0000] {processor.py:830} INFO - Processing file /opt/airflow/dags/sus_pipeline.py for tasks to queue
[2026-04-29T15:21:19.532+0000] {logging_mixin.py:188} INFO - [2026-04-29T15:21:19.532+0000] {dagbag.py:538} INFO - Filling up the DagBag from /opt/airflow/dags/sus_pipeline.py
[2026-04-29T15:21:21.268+0000] {processor.py:840} INFO - DAG(s) 'sus_pipeline' retrieved from /opt/airflow/dags/sus_pipeline.py
[2026-04-29T15:21:21.291+0000] {logging_mixin.py:188} INFO - [2026-04-29T15:21:21.291+0000] {dag.py:3036} INFO - Sync 1 DAGs
[2026-04-29T15:21:21.311+0000] {logging_mixin.py:188} INFO - [2026-04-29T15:21:21.311+0000] {dag.py:3823} INFO - Setting next_dagrun for sus_pipeline to 2026-04-01 00:00:00+00:00, run_after=2026-05-01 00:00:00+00:00
[2026-04-29T15:21:21.329+0000] {processor.py:183} INFO - Processing /opt/airflow/dags/sus_pipeline.py took 1.802 seconds
[2026-04-29T15:21:51.705+0000] {processor.py:161} INFO - Started process (PID=6156) to work on /opt/airflow/dags/sus_pipeline.py
[2026-04-29T15:21:51.706+0000] {processor.py:830} INFO - Processing file /opt/airflow/dags/sus_pipeline.py for tasks to queue
[2026-04-29T15:21:51.707+0000] {logging_mixin.py:188} INFO - [2026-04-29T15:21:51.706+0000] {dagbag.py:538} INFO - Filling up the DagBag from /opt/airflow/dags/sus_pipeline.py
[2026-04-29T15:21:53.609+0000] {processor.py:840} INFO - DAG(s) 'sus_pipeline' retrieved from /opt/airflow/dags/sus_pipeline.py
[2026-04-29T15:21:53.644+0000] {logging_mixin.py:188} INFO - [2026-04-29T15:21:53.644+0000] {dag.py:3036} INFO - Sync 1 DAGs
[2026-04-29T15:21:53.680+0000] {logging_mixin.py:188} INFO - [2026-04-29T15:21:53.679+0000] {dag.py:3823} INFO - Setting next_dagrun for sus_pipeline to 2026-04-01 00:00:00+00:00, run_after=2026-05-01 00:00:00+00:00
[2026-04-29T15:21:53.702+0000] {processor.py:183} INFO - Processing /opt/airflow/dags/sus_pipeline.py took 2.002 seconds
[2026-04-29T15:22:24.162+0000] {processor.py:161} INFO - Started process (PID=6164) to work on /opt/airflow/dags/sus_pipeline.py
[2026-04-29T15:22:24.164+0000] {processor.py:830} INFO - Processing file /opt/airflow/dags/sus_pipeline.py for tasks to queue
[2026-04-29T15:22:24.166+0000] {logging_mixin.py:188} INFO - [2026-04-29T15:22:24.165+0000] {dagbag.py:538} INFO - Filling up the DagBag from /opt/airflow/dags/sus_pipeline.py
[2026-04-29T15:22:25.801+0000] {processor.py:840} INFO - DAG(s) 'sus_pipeline' retrieved from /opt/airflow/dags/sus_pipeline.py
[2026-04-29T15:22:25.828+0000] {logging_mixin.py:188} INFO - [2026-04-29T15:22:25.828+0000] {dag.py:3036} INFO - Sync 1 DAGs
[2026-04-29T15:22:25.862+0000] {logging_mixin.py:188} INFO - [2026-04-29T15:22:25.862+0000] {dag.py:3823} INFO - Setting next_dagrun for sus_pipeline to 2026-04-01 00:00:00+00:00, run_after=2026-05-01 00:00:00+00:00
[2026-04-29T15:22:25.883+0000] {processor.py:183} INFO - Processing /opt/airflow/dags/sus_pipeline.py took 1.724 seconds
[2026-04-29T15:22:56.353+0000] {processor.py:161} INFO - Started process (PID=6172) to work on /opt/airflow/dags/sus_pipeline.py
[2026-04-29T15:22:56.354+0000] {processor.py:830} INFO - Processing file /opt/airflow/dags/sus_pipeline.py for tasks to queue
[2026-04-29T15:22:56.355+0000] {logging_mixin.py:188} INFO - [2026-04-29T15:22:56.355+0000] {dagbag.py:538} INFO - Filling up the DagBag from /opt/airflow/dags/sus_pipeline.py
[2026-04-29T15:22:59.717+0000] {processor.py:840} INFO - DAG(s) 'sus_pipeline' retrieved from /opt/airflow/dags/sus_pipeline.py
[2026-04-29T15:22:59.922+0000] {logging_mixin.py:188} INFO - [2026-04-29T15:22:59.921+0000] {dag.py:3036} INFO - Sync 1 DAGs
[2026-04-29T15:23:00.102+0000] {logging_mixin.py:188} INFO - [2026-04-29T15:23:00.101+0000] {dag.py:3823} INFO - Setting next_dagrun for sus_pipeline to 2026-04-01 00:00:00+00:00, run_after=2026-05-01 00:00:00+00:00
[2026-04-29T15:23:00.207+0000] {processor.py:183} INFO - Processing /opt/airflow/dags/sus_pipeline.py took 3.859 seconds
[2026-04-29T15:23:30.669+0000] {processor.py:161} INFO - Started process (PID=6180) to work on /opt/airflow/dags/sus_pipeline.py
[2026-04-29T15:23:30.670+0000] {processor.py:830} INFO - Processing file /opt/airflow/dags/sus_pipeline.py for tasks to queue
[2026-04-29T15:23:30.670+0000] {logging_mixin.py:188} INFO - [2026-04-29T15:23:30.670+0000] {dagbag.py:538} INFO - Filling up the DagBag from /opt/airflow/dags/sus_pipeline.py
[2026-04-29T15:23:32.493+0000] {processor.py:840} INFO - DAG(s) 'sus_pipeline' retrieved from /opt/airflow/dags/sus_pipeline.py
[2026-04-29T15:23:32.527+0000] {logging_mixin.py:188} INFO - [2026-04-29T15:23:32.527+0000] {dag.py:3036} INFO - Sync 1 DAGs
[2026-04-29T15:23:32.561+0000] {logging_mixin.py:188} INFO - [2026-04-29T15:23:32.560+0000] {dag.py:3823} INFO - Setting next_dagrun for sus_pipeline to 2026-04-01 00:00:00+00:00, run_after=2026-05-01 00:00:00+00:00
[2026-04-29T15:23:32.585+0000] {processor.py:183} INFO - Processing /opt/airflow/dags/sus_pipeline.py took 1.920 seconds
[2026-04-29T15:24:03.057+0000] {processor.py:161} INFO - Started process (PID=6188) to work on /opt/airflow/dags/sus_pipeline.py
[2026-04-29T15:24:03.059+0000] {processor.py:830} INFO - Processing file /opt/airflow/dags/sus_pipeline.py for tasks to queue
[2026-04-29T15:24:03.061+0000] {logging_mixin.py:188} INFO - [2026-04-29T15:24:03.060+0000] {dagbag.py:538} INFO - Filling up the DagBag from /opt/airflow/dags/sus_pipeline.py
[2026-04-29T15:24:04.579+0000] {processor.py:840} INFO - DAG(s) 'sus_pipeline' retrieved from /opt/airflow/dags/sus_pipeline.py
[2026-04-29T15:24:04.626+0000] {logging_mixin.py:188} INFO - [2026-04-29T15:24:04.626+0000] {dag.py:3036} INFO - Sync 1 DAGs
[2026-04-29T15:24:04.659+0000] {logging_mixin.py:188} INFO - [2026-04-29T15:24:04.658+0000] {dag.py:3823} INFO - Setting next_dagrun for sus_pipeline to 2026-04-01 00:00:00+00:00, run_after=2026-05-01 00:00:00+00:00
[2026-04-29T15:24:04.675+0000] {processor.py:183} INFO - Processing /opt/airflow/dags/sus_pipeline.py took 1.622 seconds
[2026-04-29T15:24:34.918+0000] {processor.py:161} INFO - Started process (PID=6196) to work on /opt/airflow/dags/sus_pipeline.py
[2026-04-29T15:24:34.919+0000] {processor.py:830} INFO - Processing file /opt/airflow/dags/sus_pipeline.py for tasks to queue
[2026-04-29T15:24:34.919+0000] {logging_mixin.py:188} INFO - [2026-04-29T15:24:34.919+0000] {dagbag.py:538} INFO - Filling up the DagBag from /opt/airflow/dags/sus_pipeline.py
[2026-04-29T15:24:36.343+0000] {processor.py:840} INFO - DAG(s) 'sus_pipeline' retrieved from /opt/airflow/dags/sus_pipeline.py
[2026-04-29T15:24:36.369+0000] {logging_mixin.py:188} INFO - [2026-04-29T15:24:36.368+0000] {dag.py:3036} INFO - Sync 1 DAGs
[2026-04-29T15:24:36.385+0000] {logging_mixin.py:188} INFO - [2026-04-29T15:24:36.385+0000] {dag.py:3823} INFO - Setting next_dagrun for sus_pipeline to 2026-04-01 00:00:00+00:00, run_after=2026-05-01 00:00:00+00:00
[2026-04-29T15:24:36.400+0000] {processor.py:183} INFO - Processing /opt/airflow/dags/sus_pipeline.py took 1.485 seconds
[2026-04-29T15:25:06.556+0000] {processor.py:161} INFO - Started process (PID=6204) to work on /opt/airflow/dags/sus_pipeline.py
[2026-04-29T15:25:06.558+0000] {processor.py:830} INFO - Processing file /opt/airflow/dags/sus_pipeline.py for tasks to queue
[2026-04-29T15:25:06.559+0000] {logging_mixin.py:188} INFO - [2026-04-29T15:25:06.559+0000] {dagbag.py:538} INFO - Filling up the DagBag from /opt/airflow/dags/sus_pipeline.py
[2026-04-29T15:25:08.480+0000] {processor.py:840} INFO - DAG(s) 'sus_pipeline' retrieved from /opt/airflow/dags/sus_pipeline.py
[2026-04-29T15:25:08.515+0000] {logging_mixin.py:188} INFO - [2026-04-29T15:25:08.514+0000] {dag.py:3036} INFO - Sync 1 DAGs
[2026-04-29T15:25:08.537+0000] {logging_mixin.py:188} INFO - [2026-04-29T15:25:08.536+0000] {dag.py:3823} INFO - Setting next_dagrun for sus_pipeline to 2026-04-01 00:00:00+00:00, run_after=2026-05-01 00:00:00+00:00
[2026-04-29T15:25:08.557+0000] {processor.py:183} INFO - Processing /opt/airflow/dags/sus_pipeline.py took 2.010 seconds
[2026-04-29T15:25:39.975+0000] {processor.py:161} INFO - Started process (PID=6212) to work on /opt/airflow/dags/sus_pipeline.py
[2026-04-29T15:25:39.976+0000] {processor.py:830} INFO - Processing file /opt/airflow/dags/sus_pipeline.py for tasks to queue
[2026-04-29T15:25:39.977+0000] {logging_mixin.py:188} INFO - [2026-04-29T15:25:39.977+0000] {dagbag.py:538} INFO - Filling up the DagBag from /opt/airflow/dags/sus_pipeline.py
[2026-04-29T15:25:41.452+0000] {processor.py:840} INFO - DAG(s) 'sus_pipeline' retrieved from /opt/airflow/dags/sus_pipeline.py
[2026-04-29T15:25:41.476+0000] {logging_mixin.py:188} INFO - [2026-04-29T15:25:41.476+0000] {dag.py:3036} INFO - Sync 1 DAGs
[2026-04-29T15:25:41.495+0000] {logging_mixin.py:188} INFO - [2026-04-29T15:25:41.495+0000] {dag.py:3823} INFO - Setting next_dagrun for sus_pipeline to 2026-04-01 00:00:00+00:00, run_after=2026-05-01 00:00:00+00:00
[2026-04-29T15:25:41.508+0000] {processor.py:183} INFO - Processing /opt/airflow/dags/sus_pipeline.py took 1.537 seconds
[2026-04-29T15:26:11.699+0000] {processor.py:161} INFO - Started process (PID=6220) to work on /opt/airflow/dags/sus_pipeline.py
[2026-04-29T15:26:11.700+0000] {processor.py:830} INFO - Processing file /opt/airflow/dags/sus_pipeline.py for tasks to queue
[2026-04-29T15:26:11.701+0000] {logging_mixin.py:188} INFO - [2026-04-29T15:26:11.701+0000] {dagbag.py:538} INFO - Filling up the DagBag from /opt/airflow/dags/sus_pipeline.py
[2026-04-29T15:26:15.524+0000] {processor.py:840} INFO - DAG(s) 'sus_pipeline' retrieved from /opt/airflow/dags/sus_pipeline.py
[2026-04-29T15:26:15.549+0000] {logging_mixin.py:188} INFO - [2026-04-29T15:26:15.548+0000] {dag.py:3036} INFO - Sync 1 DAGs
[2026-04-29T15:26:15.571+0000] {logging_mixin.py:188} INFO - [2026-04-29T15:26:15.570+0000] {dag.py:3823} INFO - Setting next_dagrun for sus_pipeline to 2026-04-01 00:00:00+00:00, run_after=2026-05-01 00:00:00+00:00
[2026-04-29T15:26:15.584+0000] {processor.py:183} INFO - Processing /opt/airflow/dags/sus_pipeline.py took 1.503 seconds
[2026-04-29T15:26:45.683+0000] {processor.py:161} INFO - Started process (PID=6228) to work on /opt/airflow/dags/sus_pipeline.py
[2026-04-29T15:26:45.683+0000] {processor.py:830} INFO - Processing file /opt/airflow/dags/sus_pipeline.py for tasks to queue
[2026-04-29T15:26:45.684+0000] {logging_mixin.py:188} INFO - [2026-04-29T15:26:45.684+0000] {dagbag.py:538} INFO - Filling up the DagBag from /opt/airflow/dags/sus_pipeline.py
[2026-04-29T15:26:49.563+0000] {processor.py:840} INFO - DAG(s) 'sus_pipeline' retrieved from /opt/airflow/dags/sus_pipeline.py
[2026-04-29T15:26:49.594+0000] {logging_mixin.py:188} INFO - [2026-04-29T15:26:49.593+0000] {dag.py:3036} INFO - Sync 1 DAGs
[2026-04-29T15:26:49.615+0000] {logging_mixin.py:188} INFO - [2026-04-29T15:26:49.615+0000] {dag.py:3823} INFO - Setting next_dagrun for sus_pipeline to 2026-04-01 00:00:00+00:00, run_after=2026-05-01 00:00:00+00:00
[2026-04-29T15:26:49.628+0000] {processor.py:183} INFO - Processing /opt/airflow/dags/sus_pipeline.py took 1.570 seconds
[2026-04-29T15:27:19.809+0000] {processor.py:161} INFO - Started process (PID=6236) to work on /opt/airflow/dags/sus_pipeline.py
[2026-04-29T15:27:19.810+0000] {processor.py:830} INFO - Processing file /opt/airflow/dags/sus_pipeline.py for tasks to queue
[2026-04-29T15:27:19.811+0000] {logging_mixin.py:188} INFO - [2026-04-29T15:27:19.810+0000] {dagbag.py:538} INFO - Filling up the DagBag from /opt/airflow/dags/sus_pipeline.py
[2026-04-29T15:27:21.429+0000] {processor.py:840} INFO - DAG(s) 'sus_pipeline' retrieved from /opt/airflow/dags/sus_pipeline.py
[2026-04-29T15:27:23.448+0000] {logging_mixin.py:188} INFO - [2026-04-29T15:27:23.448+0000] {dag.py:3036} INFO - Sync 1 DAGs
[2026-04-29T15:27:23.463+0000] {logging_mixin.py:188} INFO - [2026-04-29T15:27:23.463+0000] {dag.py:3823} INFO - Setting next_dagrun for sus_pipeline to 2026-04-01 00:00:00+00:00, run_after=2026-05-01 00:00:00+00:00
[2026-04-29T15:27:23.477+0000] {processor.py:183} INFO - Processing /opt/airflow/dags/sus_pipeline.py took 1.691 seconds
[2026-04-29T15:27:53.625+0000] {processor.py:161} INFO - Started process (PID=6244) to work on /opt/airflow/dags/sus_pipeline.py
[2026-04-29T15:27:53.626+0000] {processor.py:830} INFO - Processing file /opt/airflow/dags/sus_pipeline.py for tasks to queue
[2026-04-29T15:27:53.627+0000] {logging_mixin.py:188} INFO - [2026-04-29T15:27:53.626+0000] {dagbag.py:538} INFO - Filling up the DagBag from /opt/airflow/dags/sus_pipeline.py
[2026-04-29T15:27:55.021+0000] {processor.py:840} INFO - DAG(s) 'sus_pipeline' retrieved from /opt/airflow/dags/sus_pipeline.py
[2026-04-29T15:27:55.043+0000] {logging_mixin.py:188} INFO - [2026-04-29T15:27:55.042+0000] {dag.py:3036} INFO - Sync 1 DAGs
[2026-04-29T15:27:55.059+0000] {logging_mixin.py:188} INFO - [2026-04-29T15:27:55.059+0000] {dag.py:3823} INFO - Setting next_dagrun for sus_pipeline to 2026-04-01 00:00:00+00:00, run_after=2026-05-01 00:00:00+00:00
[2026-04-29T15:27:55.076+0000] {processor.py:183} INFO - Processing /opt/airflow/dags/sus_pipeline.py took 1.454 seconds
[2026-04-29T15:28:25.161+0000] {processor.py:161} INFO - Started process (PID=6252) to work on /opt/airflow/dags/sus_pipeline.py
[2026-04-29T15:28:25.162+0000] {processor.py:830} INFO - Processing file /opt/airflow/dags/sus_pipeline.py for tasks to queue
[2026-04-29T15:28:25.163+0000] {logging_mixin.py:188} INFO - [2026-04-29T15:28:25.163+0000] {dagbag.py:538} INFO - Filling up the DagBag from /opt/airflow/dags/sus_pipeline.py
[2026-04-29T15:28:26.676+0000] {processor.py:840} INFO - DAG(s) 'sus_pipeline' retrieved from /opt/airflow/dags/sus_pipeline.py
[2026-04-29T15:28:26.704+0000] {logging_mixin.py:188} INFO - [2026-04-29T15:28:26.703+0000] {dag.py:3036} INFO - Sync 1 DAGs
[2026-04-29T15:28:26.726+0000] {logging_mixin.py:188} INFO - [2026-04-29T15:28:26.725+0000] {dag.py:3823} INFO - Setting next_dagrun for sus_pipeline to 2026-04-01 00:00:00+00:00, run_after=2026-05-01 00:00:00+00:00
[2026-04-29T15:28:26.747+0000] {processor.py:183} INFO - Processing /opt/airflow/dags/sus_pipeline.py took 1.588 seconds
[2026-04-29T15:28:57.019+0000] {processor.py:161} INFO - Started process (PID=6260) to work on /opt/airflow/dags/sus_pipeline.py
[2026-04-29T15:28:57.021+0000] {processor.py:830} INFO - Processing file /opt/airflow/dags/sus_pipeline.py for tasks to queue
[2026-04-29T15:28:57.022+0000] {logging_mixin.py:188} INFO - [2026-04-29T15:28:57.022+0000] {dagbag.py:538} INFO - Filling up the DagBag from /opt/airflow/dags/sus_pipeline.py
[2026-04-29T15:28:58.411+0000] {processor.py:840} INFO - DAG(s) 'sus_pipeline' retrieved from /opt/airflow/dags/sus_pipeline.py
[2026-04-29T15:28:58.430+0000] {logging_mixin.py:188} INFO - [2026-04-29T15:28:58.430+0000] {dag.py:3036} INFO - Sync 1 DAGs
[2026-04-29T15:28:58.444+0000] {logging_mixin.py:188} INFO - [2026-04-29T15:28:58.444+0000] {dag.py:3823} INFO - Setting next_dagrun for sus_pipeline to 2026-04-01 00:00:00+00:00, run_after=2026-05-01 00:00:00+00:00
[2026-04-29T15:28:58.456+0000] {processor.py:183} INFO - Processing /opt/airflow/dags/sus_pipeline.py took 1.445 seconds
[2026-04-29T15:29:28.593+0000] {processor.py:161} INFO - Started process (PID=6268) to work on /opt/airflow/dags/sus_pipeline.py
[2026-04-29T15:29:28.594+0000] {processor.py:830} INFO - Processing file /opt/airflow/dags/sus_pipeline.py for tasks to queue
[2026-04-29T15:29:28.595+0000] {logging_mixin.py:188} INFO - [2026-04-29T15:29:28.594+0000] {dagbag.py:538} INFO - Filling up the DagBag from /opt/airflow/dags/sus_pipeline.py
[2026-04-29T15:29:30.037+0000] {processor.py:840} INFO - DAG(s) 'sus_pipeline' retrieved from /opt/airflow/dags/sus_pipeline.py
[2026-04-29T15:29:30.066+0000] {logging_mixin.py:188} INFO - [2026-04-29T15:29:30.066+0000] {dag.py:3036} INFO - Sync 1 DAGs
[2026-04-29T15:29:30.084+0000] {logging_mixin.py:188} INFO - [2026-04-29T15:29:30.083+0000] {dag.py:3823} INFO - Setting next_dagrun for sus_pipeline to 2026-04-01 00:00:00+00:00, run_after=2026-05-01 00:00:00+00:00
[2026-04-29T15:29:30.114+0000] {processor.py:183} INFO - Processing /opt/airflow/dags/sus_pipeline.py took 1.527 seconds
[2026-04-29T15:30:00.372+0000] {processor.py:161} INFO - Started process (PID=6276) to work on /opt/airflow/dags/sus_pipeline.py
[2026-04-29T15:30:00.375+0000] {processor.py:830} INFO - Processing file /opt/airflow/dags/sus_pipeline.py for tasks to queue
[2026-04-29T15:30:00.376+0000] {logging_mixin.py:188} INFO - [2026-04-29T15:30:00.376+0000] {dagbag.py:538} INFO - Filling up the DagBag from /opt/airflow/dags/sus_pipeline.py
[2026-04-29T15:30:01.823+0000] {processor.py:840} INFO - DAG(s) 'sus_pipeline' retrieved from /opt/airflow/dags/sus_pipeline.py
[2026-04-29T15:30:01.847+0000] {logging_mixin.py:188} INFO - [2026-04-29T15:30:01.847+0000] {dag.py:3036} INFO - Sync 1 DAGs
[2026-04-29T15:30:01.864+0000] {logging_mixin.py:188} INFO - [2026-04-29T15:30:01.864+0000] {dag.py:3823} INFO - Setting next_dagrun for sus_pipeline to 2026-04-01 00:00:00+00:00, run_after=2026-05-01 00:00:00+00:00
[2026-04-29T15:30:01.879+0000] {processor.py:183} INFO - Processing /opt/airflow/dags/sus_pipeline.py took 1.514 seconds
[2026-04-29T15:30:32.021+0000] {processor.py:161} INFO - Started process (PID=6284) to work on /opt/airflow/dags/sus_pipeline.py
[2026-04-29T15:30:32.022+0000] {processor.py:830} INFO - Processing file /opt/airflow/dags/sus_pipeline.py for tasks to queue
[2026-04-29T15:30:32.023+0000] {logging_mixin.py:188} INFO - [2026-04-29T15:30:32.022+0000] {dagbag.py:538} INFO - Filling up the DagBag from /opt/airflow/dags/sus_pipeline.py
[2026-04-29T15:30:33.415+0000] {processor.py:840} INFO - DAG(s) 'sus_pipeline' retrieved from /opt/airflow/dags/sus_pipeline.py
[2026-04-29T15:30:33.435+0000] {logging_mixin.py:188} INFO - [2026-04-29T15:30:33.435+0000] {dag.py:3036} INFO - Sync 1 DAGs
[2026-04-29T15:30:33.449+0000] {logging_mixin.py:188} INFO - [2026-04-29T15:30:33.449+0000] {dag.py:3823} INFO - Setting next_dagrun for sus_pipeline to 2026-04-01 00:00:00+00:00, run_after=2026-05-01 00:00:00+00:00
[2026-04-29T15:30:33.464+0000] {processor.py:183} INFO - Processing /opt/airflow/dags/sus_pipeline.py took 1.450 seconds
[2026-04-29T15:31:03.769+0000] {processor.py:161} INFO - Started process (PID=6292) to work on /opt/airflow/dags/sus_pipeline.py
[2026-04-29T15:31:03.771+0000] {processor.py:830} INFO - Processing file /opt/airflow/dags/sus_pipeline.py for tasks to queue
[2026-04-29T15:31:03.772+0000] {logging_mixin.py:188} INFO - [2026-04-29T15:31:03.772+0000] {dagbag.py:538} INFO - Filling up the DagBag from /opt/airflow/dags/sus_pipeline.py
[2026-04-29T15:31:05.201+0000] {processor.py:840} INFO - DAG(s) 'sus_pipeline' retrieved from /opt/airflow/dags/sus_pipeline.py
[2026-04-29T15:31:05.220+0000] {logging_mixin.py:188} INFO - [2026-04-29T15:31:05.219+0000] {dag.py:3036} INFO - Sync 1 DAGs
[2026-04-29T15:31:05.237+0000] {logging_mixin.py:188} INFO - [2026-04-29T15:31:05.236+0000] {dag.py:3823} INFO - Setting next_dagrun for sus_pipeline to 2026-04-01 00:00:00+00:00, run_after=2026-05-01 00:00:00+00:00
[2026-04-29T15:31:05.252+0000] {processor.py:183} INFO - Processing /opt/airflow/dags/sus_pipeline.py took 1.488 seconds
[2026-04-29T15:31:35.324+0000] {processor.py:161} INFO - Started process (PID=6300) to work on /opt/airflow/dags/sus_pipeline.py
[2026-04-29T15:31:35.325+0000] {processor.py:830} INFO - Processing file /opt/airflow/dags/sus_pipeline.py for tasks to queue
[2026-04-29T15:31:35.325+0000] {logging_mixin.py:188} INFO - [2026-04-29T15:31:35.325+0000] {dagbag.py:538} INFO - Filling up the DagBag from /opt/airflow/dags/sus_pipeline.py
[2026-04-29T15:31:36.721+0000] {processor.py:840} INFO - DAG(s) 'sus_pipeline' retrieved from /opt/airflow/dags/sus_pipeline.py
[2026-04-29T15:31:36.743+0000] {logging_mixin.py:188} INFO - [2026-04-29T15:31:36.743+0000] {dag.py:3036} INFO - Sync 1 DAGs
[2026-04-29T15:31:36.758+0000] {logging_mixin.py:188} INFO - [2026-04-29T15:31:36.757+0000] {dag.py:3823} INFO - Setting next_dagrun for sus_pipeline to 2026-04-01 00:00:00+00:00, run_after=2026-05-01 00:00:00+00:00
[2026-04-29T15:31:36.770+0000] {processor.py:183} INFO - Processing /opt/airflow/dags/sus_pipeline.py took 1.453 seconds
[2026-04-29T15:32:07.096+0000] {processor.py:161} INFO - Started process (PID=6308) to work on /opt/airflow/dags/sus_pipeline.py
[2026-04-29T15:32:07.098+0000] {processor.py:830} INFO - Processing file /opt/airflow/dags/sus_pipeline.py for tasks to queue
[2026-04-29T15:32:07.099+0000] {logging_mixin.py:188} INFO - [2026-04-29T15:32:07.099+0000] {dagbag.py:538} INFO - Filling up the DagBag from /opt/airflow/dags/sus_pipeline.py
[2026-04-29T15:32:08.628+0000] {processor.py:840} INFO - DAG(s) 'sus_pipeline' retrieved from /opt/airflow/dags/sus_pipeline.py
[2026-04-29T15:32:08.653+0000] {logging_mixin.py:188} INFO - [2026-04-29T15:32:08.652+0000] {dag.py:3036} INFO - Sync 1 DAGs
[2026-04-29T15:32:08.669+0000] {logging_mixin.py:188} INFO - [2026-04-29T15:32:08.669+0000] {dag.py:3823} INFO - Setting next_dagrun for sus_pipeline to 2026-04-01 00:00:00+00:00, run_after=2026-05-01 00:00:00+00:00
[2026-04-29T15:32:08.688+0000] {processor.py:183} INFO - Processing /opt/airflow/dags/sus_pipeline.py took 1.595 seconds
[2026-04-29T15:32:39.144+0000] {processor.py:161} INFO - Started process (PID=6316) to work on /opt/airflow/dags/sus_pipeline.py
[2026-04-29T15:32:39.145+0000] {processor.py:830} INFO - Processing file /opt/airflow/dags/sus_pipeline.py for tasks to queue
[2026-04-29T15:32:39.147+0000] {logging_mixin.py:188} INFO - [2026-04-29T15:32:39.146+0000] {dagbag.py:538} INFO - Filling up the DagBag from /opt/airflow/dags/sus_pipeline.py
[2026-04-29T15:32:40.582+0000] {processor.py:840} INFO - DAG(s) 'sus_pipeline' retrieved from /opt/airflow/dags/sus_pipeline.py
[2026-04-29T15:32:40.597+0000] {logging_mixin.py:188} INFO - [2026-04-29T15:32:40.596+0000] {dag.py:3036} INFO - Sync 1 DAGs
[2026-04-29T15:32:40.610+0000] {logging_mixin.py:188} INFO - [2026-04-29T15:32:40.610+0000] {dag.py:3823} INFO - Setting next_dagrun for sus_pipeline to 2026-04-01 00:00:00+00:00, run_after=2026-05-01 00:00:00+00:00
[2026-04-29T15:32:40.626+0000] {processor.py:183} INFO - Processing /opt/airflow/dags/sus_pipeline.py took 1.490 seconds
[2026-04-29T15:33:11.064+0000] {processor.py:161} INFO - Started process (PID=6324) to work on /opt/airflow/dags/sus_pipeline.py
[2026-04-29T15:33:11.073+0000] {processor.py:830} INFO - Processing file /opt/airflow/dags/sus_pipeline.py for tasks to queue
[2026-04-29T15:33:11.075+0000] {logging_mixin.py:188} INFO - [2026-04-29T15:33:11.074+0000] {dagbag.py:538} INFO - Filling up the DagBag from /opt/airflow/dags/sus_pipeline.py
[2026-04-29T15:33:12.595+0000] {processor.py:840} INFO - DAG(s) 'sus_pipeline' retrieved from /opt/airflow/dags/sus_pipeline.py
[2026-04-29T15:33:12.622+0000] {logging_mixin.py:188} INFO - [2026-04-29T15:33:12.621+0000] {dag.py:3036} INFO - Sync 1 DAGs
[2026-04-29T15:33:12.641+0000] {logging_mixin.py:188} INFO - [2026-04-29T15:33:12.641+0000] {dag.py:3823} INFO - Setting next_dagrun for sus_pipeline to 2026-04-01 00:00:00+00:00, run_after=2026-05-01 00:00:00+00:00
[2026-04-29T15:33:12.668+0000] {processor.py:183} INFO - Processing /opt/airflow/dags/sus_pipeline.py took 1.613 seconds
[2026-04-29T15:33:43.524+0000] {processor.py:161} INFO - Started process (PID=6332) to work on /opt/airflow/dags/sus_pipeline.py
[2026-04-29T15:33:43.525+0000] {processor.py:830} INFO - Processing file /opt/airflow/dags/sus_pipeline.py for tasks to queue
[2026-04-29T15:33:43.527+0000] {logging_mixin.py:188} INFO - [2026-04-29T15:33:43.526+0000] {dagbag.py:538} INFO - Filling up the DagBag from /opt/airflow/dags/sus_pipeline.py
[2026-04-29T15:33:44.912+0000] {processor.py:840} INFO - DAG(s) 'sus_pipeline' retrieved from /opt/airflow/dags/sus_pipeline.py
[2026-04-29T15:33:44.929+0000] {logging_mixin.py:188} INFO - [2026-04-29T15:33:44.929+0000] {dag.py:3036} INFO - Sync 1 DAGs
[2026-04-29T15:33:44.946+0000] {logging_mixin.py:188} INFO - [2026-04-29T15:33:44.946+0000] {dag.py:3823} INFO - Setting next_dagrun for sus_pipeline to 2026-04-01 00:00:00+00:00, run_after=2026-05-01 00:00:00+00:00
[2026-04-29T15:33:44.961+0000] {processor.py:183} INFO - Processing /opt/airflow/dags/sus_pipeline.py took 1.446 seconds
[2026-04-29T15:34:15.156+0000] {processor.py:161} INFO - Started process (PID=6340) to work on /opt/airflow/dags/sus_pipeline.py
[2026-04-29T15:34:15.157+0000] {processor.py:830} INFO - Processing file /opt/airflow/dags/sus_pipeline.py for tasks to queue
[2026-04-29T15:34:15.157+0000] {logging_mixin.py:188} INFO - [2026-04-29T15:34:15.157+0000] {dagbag.py:538} INFO - Filling up the DagBag from /opt/airflow/dags/sus_pipeline.py
[2026-04-29T15:34:18.979+0000] {processor.py:840} INFO - DAG(s) 'sus_pipeline' retrieved from /opt/airflow/dags/sus_pipeline.py
[2026-04-29T15:34:19.001+0000] {logging_mixin.py:188} INFO - [2026-04-29T15:34:19.001+0000] {dag.py:3036} INFO - Sync 1 DAGs
[2026-04-29T15:34:19.018+0000] {logging_mixin.py:188} INFO - [2026-04-29T15:34:19.018+0000] {dag.py:3823} INFO - Setting next_dagrun for sus_pipeline to 2026-04-01 00:00:00+00:00, run_after=2026-05-01 00:00:00+00:00
[2026-04-29T15:34:19.051+0000] {processor.py:183} INFO - Processing /opt/airflow/dags/sus_pipeline.py took 1.626 seconds
[2026-04-29T15:34:49.175+0000] {processor.py:161} INFO - Started process (PID=6348) to work on /opt/airflow/dags/sus_pipeline.py
[2026-04-29T15:34:49.177+0000] {processor.py:830} INFO - Processing file /opt/airflow/dags/sus_pipeline.py for tasks to queue
[2026-04-29T15:34:49.178+0000] {logging_mixin.py:188} INFO - [2026-04-29T15:34:49.178+0000] {dagbag.py:538} INFO - Filling up the DagBag from /opt/airflow/dags/sus_pipeline.py
[2026-04-29T15:34:52.945+0000] {processor.py:840} INFO - DAG(s) 'sus_pipeline' retrieved from /opt/airflow/dags/sus_pipeline.py
[2026-04-29T15:34:52.964+0000] {logging_mixin.py:188} INFO - [2026-04-29T15:34:52.964+0000] {dag.py:3036} INFO - Sync 1 DAGs
[2026-04-29T15:34:52.978+0000] {logging_mixin.py:188} INFO - [2026-04-29T15:34:52.978+0000] {dag.py:3823} INFO - Setting next_dagrun for sus_pipeline to 2026-04-01 00:00:00+00:00, run_after=2026-05-01 00:00:00+00:00
[2026-04-29T15:34:52.992+0000] {processor.py:183} INFO - Processing /opt/airflow/dags/sus_pipeline.py took 1.573 seconds
[2026-04-29T15:35:23.254+0000] {processor.py:161} INFO - Started process (PID=6356) to work on /opt/airflow/dags/sus_pipeline.py
[2026-04-29T15:35:23.266+0000] {processor.py:830} INFO - Processing file /opt/airflow/dags/sus_pipeline.py for tasks to queue
[2026-04-29T15:35:23.273+0000] {logging_mixin.py:188} INFO - [2026-04-29T15:35:23.270+0000] {dagbag.py:538} INFO - Filling up the DagBag from /opt/airflow/dags/sus_pipeline.py
[2026-04-29T15:35:28.098+0000] {processor.py:840} INFO - DAG(s) 'sus_pipeline' retrieved from /opt/airflow/dags/sus_pipeline.py
[2026-04-29T15:35:28.117+0000] {logging_mixin.py:188} INFO - [2026-04-29T15:35:28.117+0000] {dag.py:3036} INFO - Sync 1 DAGs
[2026-04-29T15:35:28.153+0000] {logging_mixin.py:188} INFO - [2026-04-29T15:35:28.152+0000] {dag.py:3823} INFO - Setting next_dagrun for sus_pipeline to 2026-04-01 00:00:00+00:00, run_after=2026-05-01 00:00:00+00:00
[2026-04-29T15:35:28.184+0000] {processor.py:183} INFO - Processing /opt/airflow/dags/sus_pipeline.py took 2.687 seconds
[2026-04-29T15:35:58.436+0000] {processor.py:161} INFO - Started process (PID=6364) to work on /opt/airflow/dags/sus_pipeline.py
[2026-04-29T15:35:58.437+0000] {processor.py:830} INFO - Processing file /opt/airflow/dags/sus_pipeline.py for tasks to queue
[2026-04-29T15:35:58.438+0000] {logging_mixin.py:188} INFO - [2026-04-29T15:35:58.437+0000] {dagbag.py:538} INFO - Filling up the DagBag from /opt/airflow/dags/sus_pipeline.py
[2026-04-29T15:36:02.148+0000] {processor.py:840} INFO - DAG(s) 'sus_pipeline' retrieved from /opt/airflow/dags/sus_pipeline.py
[2026-04-29T15:36:02.167+0000] {logging_mixin.py:188} INFO - [2026-04-29T15:36:02.167+0000] {dag.py:3036} INFO - Sync 1 DAGs
[2026-04-29T15:36:02.186+0000] {logging_mixin.py:188} INFO - [2026-04-29T15:36:02.186+0000] {dag.py:3823} INFO - Setting next_dagrun for sus_pipeline to 2026-04-01 00:00:00+00:00, run_after=2026-05-01 00:00:00+00:00
[2026-04-29T15:36:02.203+0000] {processor.py:183} INFO - Processing /opt/airflow/dags/sus_pipeline.py took 1.509 seconds
[2026-04-29T15:36:32.412+0000] {processor.py:161} INFO - Started process (PID=6372) to work on /opt/airflow/dags/sus_pipeline.py
[2026-04-29T15:36:32.414+0000] {processor.py:830} INFO - Processing file /opt/airflow/dags/sus_pipeline.py for tasks to queue
[2026-04-29T15:36:32.416+0000] {logging_mixin.py:188} INFO - [2026-04-29T15:36:32.415+0000] {dagbag.py:538} INFO - Filling up the DagBag from /opt/airflow/dags/sus_pipeline.py
[2026-04-29T15:36:36.347+0000] {processor.py:840} INFO - DAG(s) 'sus_pipeline' retrieved from /opt/airflow/dags/sus_pipeline.py
[2026-04-29T15:36:36.368+0000] {logging_mixin.py:188} INFO - [2026-04-29T15:36:36.367+0000] {dag.py:3036} INFO - Sync 1 DAGs
[2026-04-29T15:36:36.381+0000] {logging_mixin.py:188} INFO - [2026-04-29T15:36:36.381+0000] {dag.py:3823} INFO - Setting next_dagrun for sus_pipeline to 2026-04-01 00:00:00+00:00, run_after=2026-05-01 00:00:00+00:00
[2026-04-29T15:36:36.395+0000] {processor.py:183} INFO - Processing /opt/airflow/dags/sus_pipeline.py took 1.590 seconds
[2026-04-29T15:37:06.453+0000] {processor.py:161} INFO - Started process (PID=6380) to work on /opt/airflow/dags/sus_pipeline.py
[2026-04-29T15:37:06.454+0000] {processor.py:830} INFO - Processing file /opt/airflow/dags/sus_pipeline.py for tasks to queue
[2026-04-29T15:37:06.455+0000] {logging_mixin.py:188} INFO - [2026-04-29T15:37:06.455+0000] {dagbag.py:538} INFO - Filling up the DagBag from /opt/airflow/dags/sus_pipeline.py
[2026-04-29T15:37:10.817+0000] {processor.py:840} INFO - DAG(s) 'sus_pipeline' retrieved from /opt/airflow/dags/sus_pipeline.py
[2026-04-29T15:37:10.841+0000] {logging_mixin.py:188} INFO - [2026-04-29T15:37:10.840+0000] {dag.py:3036} INFO - Sync 1 DAGs
[2026-04-29T15:37:10.860+0000] {logging_mixin.py:188} INFO - [2026-04-29T15:37:10.860+0000] {dag.py:3823} INFO - Setting next_dagrun for sus_pipeline to 2026-04-01 00:00:00+00:00, run_after=2026-05-01 00:00:00+00:00
[2026-04-29T15:37:10.882+0000] {processor.py:183} INFO - Processing /opt/airflow/dags/sus_pipeline.py took 2.045 seconds
[2026-04-29T15:37:41.037+0000] {processor.py:161} INFO - Started process (PID=6388) to work on /opt/airflow/dags/sus_pipeline.py
[2026-04-29T15:37:41.039+0000] {processor.py:830} INFO - Processing file /opt/airflow/dags/sus_pipeline.py for tasks to queue
[2026-04-29T15:37:41.042+0000] {logging_mixin.py:188} INFO - [2026-04-29T15:37:41.041+0000] {dagbag.py:538} INFO - Filling up the DagBag from /opt/airflow/dags/sus_pipeline.py
[2026-04-29T15:37:42.432+0000] {processor.py:840} INFO - DAG(s) 'sus_pipeline' retrieved from /opt/airflow/dags/sus_pipeline.py
[2026-04-29T15:37:42.457+0000] {logging_mixin.py:188} INFO - [2026-04-29T15:37:42.456+0000] {dag.py:3036} INFO - Sync 1 DAGs
[2026-04-29T15:37:42.475+0000] {logging_mixin.py:188} INFO - [2026-04-29T15:37:42.475+0000] {dag.py:3823} INFO - Setting next_dagrun for sus_pipeline to 2026-04-01 00:00:00+00:00, run_after=2026-05-01 00:00:00+00:00
[2026-04-29T15:37:42.495+0000] {processor.py:183} INFO - Processing /opt/airflow/dags/sus_pipeline.py took 1.462 seconds
[2026-04-29T15:38:12.689+0000] {processor.py:161} INFO - Started process (PID=6396) to work on /opt/airflow/dags/sus_pipeline.py
[2026-04-29T15:38:12.690+0000] {processor.py:830} INFO - Processing file /opt/airflow/dags/sus_pipeline.py for tasks to queue
[2026-04-29T15:38:12.691+0000] {logging_mixin.py:188} INFO - [2026-04-29T15:38:12.690+0000] {dagbag.py:538} INFO - Filling up the DagBag from /opt/airflow/dags/sus_pipeline.py
[2026-04-29T15:38:14.247+0000] {processor.py:840} INFO - DAG(s) 'sus_pipeline' retrieved from /opt/airflow/dags/sus_pipeline.py
[2026-04-29T15:38:14.268+0000] {logging_mixin.py:188} INFO - [2026-04-29T15:38:14.267+0000] {dag.py:3036} INFO - Sync 1 DAGs
[2026-04-29T15:38:14.285+0000] {logging_mixin.py:188} INFO - [2026-04-29T15:38:14.285+0000] {dag.py:3823} INFO - Setting next_dagrun for sus_pipeline to 2026-04-01 00:00:00+00:00, run_after=2026-05-01 00:00:00+00:00
[2026-04-29T15:38:14.305+0000] {processor.py:183} INFO - Processing /opt/airflow/dags/sus_pipeline.py took 1.623 seconds
[2026-04-29T15:38:44.735+0000] {processor.py:161} INFO - Started process (PID=6404) to work on /opt/airflow/dags/sus_pipeline.py
[2026-04-29T15:38:44.738+0000] {processor.py:830} INFO - Processing file /opt/airflow/dags/sus_pipeline.py for tasks to queue
[2026-04-29T15:38:44.739+0000] {logging_mixin.py:188} INFO - [2026-04-29T15:38:44.738+0000] {dagbag.py:538} INFO - Filling up the DagBag from /opt/airflow/dags/sus_pipeline.py
[2026-04-29T15:38:46.201+0000] {processor.py:840} INFO - DAG(s) 'sus_pipeline' retrieved from /opt/airflow/dags/sus_pipeline.py
[2026-04-29T15:38:46.232+0000] {logging_mixin.py:188} INFO - [2026-04-29T15:38:46.232+0000] {dag.py:3036} INFO - Sync 1 DAGs
[2026-04-29T15:38:46.249+0000] {logging_mixin.py:188} INFO - [2026-04-29T15:38:46.249+0000] {dag.py:3823} INFO - Setting next_dagrun for sus_pipeline to 2026-04-01 00:00:00+00:00, run_after=2026-05-01 00:00:00+00:00
[2026-04-29T15:38:46.267+0000] {processor.py:183} INFO - Processing /opt/airflow/dags/sus_pipeline.py took 1.536 seconds
[2026-04-29T15:39:16.628+0000] {processor.py:161} INFO - Started process (PID=6412) to work on /opt/airflow/dags/sus_pipeline.py
[2026-04-29T15:39:16.630+0000] {processor.py:830} INFO - Processing file /opt/airflow/dags/sus_pipeline.py for tasks to queue
[2026-04-29T15:39:16.632+0000] {logging_mixin.py:188} INFO - [2026-04-29T15:39:16.631+0000] {dagbag.py:538} INFO - Filling up the DagBag from /opt/airflow/dags/sus_pipeline.py
[2026-04-29T15:39:18.026+0000] {processor.py:840} INFO - DAG(s) 'sus_pipeline' retrieved from /opt/airflow/dags/sus_pipeline.py
[2026-04-29T15:39:18.054+0000] {logging_mixin.py:188} INFO - [2026-04-29T15:39:18.053+0000] {dag.py:3036} INFO - Sync 1 DAGs
[2026-04-29T15:39:18.071+0000] {logging_mixin.py:188} INFO - [2026-04-29T15:39:18.071+0000] {dag.py:3823} INFO - Setting next_dagrun for sus_pipeline to 2026-04-01 00:00:00+00:00, run_after=2026-05-01 00:00:00+00:00
[2026-04-29T15:39:18.088+0000] {processor.py:183} INFO - Processing /opt/airflow/dags/sus_pipeline.py took 1.464 seconds
[2026-04-29T15:39:48.227+0000] {processor.py:161} INFO - Started process (PID=6420) to work on /opt/airflow/dags/sus_pipeline.py
[2026-04-29T15:39:48.228+0000] {processor.py:830} INFO - Processing file /opt/airflow/dags/sus_pipeline.py for tasks to queue
[2026-04-29T15:39:48.229+0000] {logging_mixin.py:188} INFO - [2026-04-29T15:39:48.228+0000] {dagbag.py:538} INFO - Filling up the DagBag from /opt/airflow/dags/sus_pipeline.py
[2026-04-29T15:39:49.496+0000] {processor.py:840} INFO - DAG(s) 'sus_pipeline' retrieved from /opt/airflow/dags/sus_pipeline.py
[2026-04-29T15:39:49.518+0000] {logging_mixin.py:188} INFO - [2026-04-29T15:39:49.517+0000] {dag.py:3036} INFO - Sync 1 DAGs
[2026-04-29T15:39:49.534+0000] {logging_mixin.py:188} INFO - [2026-04-29T15:39:49.534+0000] {dag.py:3823} INFO - Setting next_dagrun for sus_pipeline to 2026-04-01 00:00:00+00:00, run_after=2026-05-01 00:00:00+00:00
[2026-04-29T15:39:49.551+0000] {processor.py:183} INFO - Processing /opt/airflow/dags/sus_pipeline.py took 1.331 seconds
[2026-04-29T15:40:19.714+0000] {processor.py:161} INFO - Started process (PID=6428) to work on /opt/airflow/dags/sus_pipeline.py
[2026-04-29T15:40:19.715+0000] {processor.py:830} INFO - Processing file /opt/airflow/dags/sus_pipeline.py for tasks to queue
[2026-04-29T15:40:19.716+0000] {logging_mixin.py:188} INFO - [2026-04-29T15:40:19.715+0000] {dagbag.py:538} INFO - Filling up the DagBag from /opt/airflow/dags/sus_pipeline.py
[2026-04-29T15:40:21.074+0000] {processor.py:840} INFO - DAG(s) 'sus_pipeline' retrieved from /opt/airflow/dags/sus_pipeline.py
[2026-04-29T15:40:21.095+0000] {logging_mixin.py:188} INFO - [2026-04-29T15:40:21.095+0000] {dag.py:3036} INFO - Sync 1 DAGs
[2026-04-29T15:40:21.117+0000] {logging_mixin.py:188} INFO - [2026-04-29T15:40:21.117+0000] {dag.py:3823} INFO - Setting next_dagrun for sus_pipeline to 2026-04-01 00:00:00+00:00, run_after=2026-05-01 00:00:00+00:00
[2026-04-29T15:40:21.140+0000] {processor.py:183} INFO - Processing /opt/airflow/dags/sus_pipeline.py took 1.429 seconds
[2026-04-29T15:40:51.561+0000] {processor.py:161} INFO - Started process (PID=6436) to work on /opt/airflow/dags/sus_pipeline.py
[2026-04-29T15:40:51.562+0000] {processor.py:830} INFO - Processing file /opt/airflow/dags/sus_pipeline.py for tasks to queue
[2026-04-29T15:40:51.563+0000] {logging_mixin.py:188} INFO - [2026-04-29T15:40:51.563+0000] {dagbag.py:538} INFO - Filling up the DagBag from /opt/airflow/dags/sus_pipeline.py
[2026-04-29T15:40:53.148+0000] {processor.py:840} INFO - DAG(s) 'sus_pipeline' retrieved from /opt/airflow/dags/sus_pipeline.py
[2026-04-29T15:40:53.167+0000] {logging_mixin.py:188} INFO - [2026-04-29T15:40:53.166+0000] {dag.py:3036} INFO - Sync 1 DAGs
[2026-04-29T15:40:53.182+0000] {logging_mixin.py:188} INFO - [2026-04-29T15:40:53.182+0000] {dag.py:3823} INFO - Setting next_dagrun for sus_pipeline to 2026-04-01 00:00:00+00:00, run_after=2026-05-01 00:00:00+00:00
[2026-04-29T15:40:53.196+0000] {processor.py:183} INFO - Processing /opt/airflow/dags/sus_pipeline.py took 1.639 seconds
[2026-04-29T15:41:23.323+0000] {processor.py:161} INFO - Started process (PID=6444) to work on /opt/airflow/dags/sus_pipeline.py
[2026-04-29T15:41:23.324+0000] {processor.py:830} INFO - Processing file /opt/airflow/dags/sus_pipeline.py for tasks to queue
[2026-04-29T15:41:23.325+0000] {logging_mixin.py:188} INFO - [2026-04-29T15:41:23.325+0000] {dagbag.py:538} INFO - Filling up the DagBag from /opt/airflow/dags/sus_pipeline.py
[2026-04-29T15:41:24.756+0000] {processor.py:840} INFO - DAG(s) 'sus_pipeline' retrieved from /opt/airflow/dags/sus_pipeline.py
[2026-04-29T15:41:24.783+0000] {logging_mixin.py:188} INFO - [2026-04-29T15:41:24.782+0000] {dag.py:3036} INFO - Sync 1 DAGs
[2026-04-29T15:41:24.803+0000] {logging_mixin.py:188} INFO - [2026-04-29T15:41:24.803+0000] {dag.py:3823} INFO - Setting next_dagrun for sus_pipeline to 2026-04-01 00:00:00+00:00, run_after=2026-05-01 00:00:00+00:00
[2026-04-29T15:41:24.819+0000] {processor.py:183} INFO - Processing /opt/airflow/dags/sus_pipeline.py took 1.499 seconds
[2026-04-29T15:41:55.361+0000] {processor.py:161} INFO - Started process (PID=6452) to work on /opt/airflow/dags/sus_pipeline.py
[2026-04-29T15:41:55.382+0000] {processor.py:830} INFO - Processing file /opt/airflow/dags/sus_pipeline.py for tasks to queue
[2026-04-29T15:41:55.384+0000] {logging_mixin.py:188} INFO - [2026-04-29T15:41:55.383+0000] {dagbag.py:538} INFO - Filling up the DagBag from /opt/airflow/dags/sus_pipeline.py
[2026-04-29T15:41:56.844+0000] {processor.py:840} INFO - DAG(s) 'sus_pipeline' retrieved from /opt/airflow/dags/sus_pipeline.py
[2026-04-29T15:41:56.882+0000] {logging_mixin.py:188} INFO - [2026-04-29T15:41:56.881+0000] {dag.py:3036} INFO - Sync 1 DAGs
[2026-04-29T15:41:56.894+0000] {logging_mixin.py:188} INFO - [2026-04-29T15:41:56.894+0000] {dag.py:3823} INFO - Setting next_dagrun for sus_pipeline to 2026-04-01 00:00:00+00:00, run_after=2026-05-01 00:00:00+00:00
[2026-04-29T15:41:56.905+0000] {processor.py:183} INFO - Processing /opt/airflow/dags/sus_pipeline.py took 1.558 seconds
[2026-04-29T15:42:27.310+0000] {processor.py:161} INFO - Started process (PID=6460) to work on /opt/airflow/dags/sus_pipeline.py
[2026-04-29T15:42:27.311+0000] {processor.py:830} INFO - Processing file /opt/airflow/dags/sus_pipeline.py for tasks to queue
[2026-04-29T15:42:27.312+0000] {logging_mixin.py:188} INFO - [2026-04-29T15:42:27.312+0000] {dagbag.py:538} INFO - Filling up the DagBag from /opt/airflow/dags/sus_pipeline.py
[2026-04-29T15:42:28.823+0000] {processor.py:840} INFO - DAG(s) 'sus_pipeline' retrieved from /opt/airflow/dags/sus_pipeline.py
[2026-04-29T15:42:28.846+0000] {logging_mixin.py:188} INFO - [2026-04-29T15:42:28.845+0000] {dag.py:3036} INFO - Sync 1 DAGs
[2026-04-29T15:42:28.862+0000] {logging_mixin.py:188} INFO - [2026-04-29T15:42:28.862+0000] {dag.py:3823} INFO - Setting next_dagrun for sus_pipeline to 2026-04-01 00:00:00+00:00, run_after=2026-05-01 00:00:00+00:00
[2026-04-29T15:42:28.898+0000] {processor.py:183} INFO - Processing /opt/airflow/dags/sus_pipeline.py took 1.591 seconds
[2026-04-29T15:42:58.994+0000] {processor.py:161} INFO - Started process (PID=6468) to work on /opt/airflow/dags/sus_pipeline.py
[2026-04-29T15:42:58.998+0000] {processor.py:830} INFO - Processing file /opt/airflow/dags/sus_pipeline.py for tasks to queue
[2026-04-29T15:42:59.000+0000] {logging_mixin.py:188} INFO - [2026-04-29T15:42:58.999+0000] {dagbag.py:538} INFO - Filling up the DagBag from /opt/airflow/dags/sus_pipeline.py
[2026-04-29T15:43:01.178+0000] {processor.py:840} INFO - DAG(s) 'sus_pipeline' retrieved from /opt/airflow/dags/sus_pipeline.py
[2026-04-29T15:43:01.224+0000] {logging_mixin.py:188} INFO - [2026-04-29T15:43:01.224+0000] {dag.py:3036} INFO - Sync 1 DAGs
[2026-04-29T15:43:01.258+0000] {logging_mixin.py:188} INFO - [2026-04-29T15:43:01.258+0000] {dag.py:3823} INFO - Setting next_dagrun for sus_pipeline to 2026-04-01 00:00:00+00:00, run_after=2026-05-01 00:00:00+00:00
[2026-04-29T15:43:01.293+0000] {processor.py:183} INFO - Processing /opt/airflow/dags/sus_pipeline.py took 2.307 seconds
[2026-04-29T15:43:31.758+0000] {processor.py:161} INFO - Started process (PID=6476) to work on /opt/airflow/dags/sus_pipeline.py
[2026-04-29T15:43:31.762+0000] {processor.py:830} INFO - Processing file /opt/airflow/dags/sus_pipeline.py for tasks to queue
[2026-04-29T15:43:31.764+0000] {logging_mixin.py:188} INFO - [2026-04-29T15:43:31.763+0000] {dagbag.py:538} INFO - Filling up the DagBag from /opt/airflow/dags/sus_pipeline.py
[2026-04-29T15:43:33.865+0000] {processor.py:840} INFO - DAG(s) 'sus_pipeline' retrieved from /opt/airflow/dags/sus_pipeline.py
[2026-04-29T15:43:33.892+0000] {logging_mixin.py:188} INFO - [2026-04-29T15:43:33.892+0000] {dag.py:3036} INFO - Sync 1 DAGs
[2026-04-29T15:43:33.916+0000] {logging_mixin.py:188} INFO - [2026-04-29T15:43:33.916+0000] {dag.py:3823} INFO - Setting next_dagrun for sus_pipeline to 2026-04-01 00:00:00+00:00, run_after=2026-05-01 00:00:00+00:00
[2026-04-29T15:43:33.938+0000] {processor.py:183} INFO - Processing /opt/airflow/dags/sus_pipeline.py took 2.189 seconds
[2026-04-29T15:44:06.499+0000] {processor.py:161} INFO - Started process (PID=6484) to work on /opt/airflow/dags/sus_pipeline.py
[2026-04-29T15:44:06.501+0000] {processor.py:830} INFO - Processing file /opt/airflow/dags/sus_pipeline.py for tasks to queue
[2026-04-29T15:44:06.505+0000] {logging_mixin.py:188} INFO - [2026-04-29T15:44:06.503+0000] {dagbag.py:538} INFO - Filling up the DagBag from /opt/airflow/dags/sus_pipeline.py
[2026-04-29T15:44:09.372+0000] {processor.py:840} INFO - DAG(s) 'sus_pipeline' retrieved from /opt/airflow/dags/sus_pipeline.py
[2026-04-29T15:44:09.421+0000] {logging_mixin.py:188} INFO - [2026-04-29T15:44:09.420+0000] {dag.py:3036} INFO - Sync 1 DAGs
[2026-04-29T15:44:09.464+0000] {logging_mixin.py:188} INFO - [2026-04-29T15:44:09.464+0000] {dag.py:3823} INFO - Setting next_dagrun for sus_pipeline to 2026-04-01 00:00:00+00:00, run_after=2026-05-01 00:00:00+00:00
[2026-04-29T15:44:09.500+0000] {processor.py:183} INFO - Processing /opt/airflow/dags/sus_pipeline.py took 3.009 seconds
[2026-04-29T15:44:41.037+0000] {processor.py:161} INFO - Started process (PID=6492) to work on /opt/airflow/dags/sus_pipeline.py
[2026-04-29T15:44:41.039+0000] {processor.py:830} INFO - Processing file /opt/airflow/dags/sus_pipeline.py for tasks to queue
[2026-04-29T15:44:41.041+0000] {logging_mixin.py:188} INFO - [2026-04-29T15:44:41.040+0000] {dagbag.py:538} INFO - Filling up the DagBag from /opt/airflow/dags/sus_pipeline.py
[2026-04-29T15:44:42.608+0000] {processor.py:840} INFO - DAG(s) 'sus_pipeline' retrieved from /opt/airflow/dags/sus_pipeline.py
[2026-04-29T15:44:42.637+0000] {logging_mixin.py:188} INFO - [2026-04-29T15:44:42.637+0000] {dag.py:3036} INFO - Sync 1 DAGs
[2026-04-29T15:44:42.655+0000] {logging_mixin.py:188} INFO - [2026-04-29T15:44:42.655+0000] {dag.py:3823} INFO - Setting next_dagrun for sus_pipeline to 2026-04-01 00:00:00+00:00, run_after=2026-05-01 00:00:00+00:00
[2026-04-29T15:44:42.675+0000] {processor.py:183} INFO - Processing /opt/airflow/dags/sus_pipeline.py took 1.645 seconds
[2026-04-29T15:45:12.855+0000] {processor.py:161} INFO - Started process (PID=6500) to work on /opt/airflow/dags/sus_pipeline.py
[2026-04-29T15:45:12.857+0000] {processor.py:830} INFO - Processing file /opt/airflow/dags/sus_pipeline.py for tasks to queue
[2026-04-29T15:45:12.857+0000] {logging_mixin.py:188} INFO - [2026-04-29T15:45:12.857+0000] {dagbag.py:538} INFO - Filling up the DagBag from /opt/airflow/dags/sus_pipeline.py
[2026-04-29T15:45:16.902+0000] {processor.py:840} INFO - DAG(s) 'sus_pipeline' retrieved from /opt/airflow/dags/sus_pipeline.py
[2026-04-29T15:45:16.931+0000] {logging_mixin.py:188} INFO - [2026-04-29T15:45:16.931+0000] {dag.py:3036} INFO - Sync 1 DAGs
[2026-04-29T15:45:16.950+0000] {logging_mixin.py:188} INFO - [2026-04-29T15:45:16.950+0000] {dag.py:3823} INFO - Setting next_dagrun for sus_pipeline to 2026-04-01 00:00:00+00:00, run_after=2026-05-01 00:00:00+00:00
[2026-04-29T15:45:16.969+0000] {processor.py:183} INFO - Processing /opt/airflow/dags/sus_pipeline.py took 1.751 seconds
[2026-04-29T15:45:47.151+0000] {processor.py:161} INFO - Started process (PID=6508) to work on /opt/airflow/dags/sus_pipeline.py
[2026-04-29T15:45:47.152+0000] {processor.py:830} INFO - Processing file /opt/airflow/dags/sus_pipeline.py for tasks to queue
[2026-04-29T15:45:47.154+0000] {logging_mixin.py:188} INFO - [2026-04-29T15:45:47.153+0000] {dagbag.py:538} INFO - Filling up the DagBag from /opt/airflow/dags/sus_pipeline.py
[2026-04-29T15:45:51.561+0000] {processor.py:840} INFO - DAG(s) 'sus_pipeline' retrieved from /opt/airflow/dags/sus_pipeline.py
[2026-04-29T15:45:51.599+0000] {logging_mixin.py:188} INFO - [2026-04-29T15:45:51.599+0000] {dag.py:3036} INFO - Sync 1 DAGs
[2026-04-29T15:45:51.638+0000] {logging_mixin.py:188} INFO - [2026-04-29T15:45:51.638+0000] {dag.py:3823} INFO - Setting next_dagrun for sus_pipeline to 2026-04-01 00:00:00+00:00, run_after=2026-05-01 00:00:00+00:00
[2026-04-29T15:45:51.664+0000] {processor.py:183} INFO - Processing /opt/airflow/dags/sus_pipeline.py took 2.154 seconds
[2026-04-29T15:46:21.849+0000] {processor.py:161} INFO - Started process (PID=6516) to work on /opt/airflow/dags/sus_pipeline.py
[2026-04-29T15:46:21.850+0000] {processor.py:830} INFO - Processing file /opt/airflow/dags/sus_pipeline.py for tasks to queue
[2026-04-29T15:46:21.851+0000] {logging_mixin.py:188} INFO - [2026-04-29T15:46:21.851+0000] {dagbag.py:538} INFO - Filling up the DagBag from /opt/airflow/dags/sus_pipeline.py
[2026-04-29T15:46:25.680+0000] {processor.py:840} INFO - DAG(s) 'sus_pipeline' retrieved from /opt/airflow/dags/sus_pipeline.py
[2026-04-29T15:46:25.702+0000] {logging_mixin.py:188} INFO - [2026-04-29T15:46:25.702+0000] {dag.py:3036} INFO - Sync 1 DAGs
[2026-04-29T15:46:25.720+0000] {logging_mixin.py:188} INFO - [2026-04-29T15:46:25.719+0000] {dag.py:3823} INFO - Setting next_dagrun for sus_pipeline to 2026-04-01 00:00:00+00:00, run_after=2026-05-01 00:00:00+00:00
[2026-04-29T15:46:25.736+0000] {processor.py:183} INFO - Processing /opt/airflow/dags/sus_pipeline.py took 1.533 seconds
[2026-04-29T15:46:55.923+0000] {processor.py:161} INFO - Started process (PID=6530) to work on /opt/airflow/dags/sus_pipeline.py
[2026-04-29T15:46:55.926+0000] {processor.py:830} INFO - Processing file /opt/airflow/dags/sus_pipeline.py for tasks to queue
[2026-04-29T15:46:55.927+0000] {logging_mixin.py:188} INFO - [2026-04-29T15:46:55.927+0000] {dagbag.py:538} INFO - Filling up the DagBag from /opt/airflow/dags/sus_pipeline.py
[2026-04-29T15:46:59.805+0000] {processor.py:840} INFO - DAG(s) 'sus_pipeline' retrieved from /opt/airflow/dags/sus_pipeline.py
[2026-04-29T15:46:59.824+0000] {logging_mixin.py:188} INFO - [2026-04-29T15:46:59.823+0000] {dag.py:3036} INFO - Sync 1 DAGs
[2026-04-29T15:46:59.840+0000] {logging_mixin.py:188} INFO - [2026-04-29T15:46:59.839+0000] {dag.py:3823} INFO - Setting next_dagrun for sus_pipeline to 2026-04-01 00:00:00+00:00, run_after=2026-05-01 00:00:00+00:00
[2026-04-29T15:46:59.865+0000] {processor.py:183} INFO - Processing /opt/airflow/dags/sus_pipeline.py took 1.586 seconds
[2026-04-29T15:47:30.142+0000] {processor.py:161} INFO - Started process (PID=6538) to work on /opt/airflow/dags/sus_pipeline.py
[2026-04-29T15:47:30.145+0000] {processor.py:830} INFO - Processing file /opt/airflow/dags/sus_pipeline.py for tasks to queue
[2026-04-29T15:47:30.147+0000] {logging_mixin.py:188} INFO - [2026-04-29T15:47:30.147+0000] {dagbag.py:538} INFO - Filling up the DagBag from /opt/airflow/dags/sus_pipeline.py
[2026-04-29T15:47:33.977+0000] {processor.py:840} INFO - DAG(s) 'sus_pipeline' retrieved from /opt/airflow/dags/sus_pipeline.py
[2026-04-29T15:47:33.996+0000] {logging_mixin.py:188} INFO - [2026-04-29T15:47:33.996+0000] {dag.py:3036} INFO - Sync 1 DAGs
[2026-04-29T15:47:34.013+0000] {logging_mixin.py:188} INFO - [2026-04-29T15:47:34.013+0000] {dag.py:3823} INFO - Setting next_dagrun for sus_pipeline to 2026-04-01 00:00:00+00:00, run_after=2026-05-01 00:00:00+00:00
[2026-04-29T15:47:34.032+0000] {processor.py:183} INFO - Processing /opt/airflow/dags/sus_pipeline.py took 1.542 seconds
[2026-04-29T15:48:04.204+0000] {processor.py:161} INFO - Started process (PID=6552) to work on /opt/airflow/dags/sus_pipeline.py
[2026-04-29T15:48:04.205+0000] {processor.py:830} INFO - Processing file /opt/airflow/dags/sus_pipeline.py for tasks to queue
[2026-04-29T15:48:04.206+0000] {logging_mixin.py:188} INFO - [2026-04-29T15:48:04.206+0000] {dagbag.py:538} INFO - Filling up the DagBag from /opt/airflow/dags/sus_pipeline.py
[2026-04-29T15:48:08.610+0000] {processor.py:840} INFO - DAG(s) 'sus_pipeline' retrieved from /opt/airflow/dags/sus_pipeline.py
[2026-04-29T15:48:08.639+0000] {logging_mixin.py:188} INFO - [2026-04-29T15:48:08.638+0000] {dag.py:3036} INFO - Sync 1 DAGs
[2026-04-29T15:48:08.656+0000] {logging_mixin.py:188} INFO - [2026-04-29T15:48:08.656+0000] {dag.py:3823} INFO - Setting next_dagrun for sus_pipeline to 2026-04-01 00:00:00+00:00, run_after=2026-05-01 00:00:00+00:00
[2026-04-29T15:48:08.675+0000] {processor.py:183} INFO - Processing /opt/airflow/dags/sus_pipeline.py took 2.086 seconds
[2026-04-29T15:48:38.805+0000] {processor.py:161} INFO - Started process (PID=6560) to work on /opt/airflow/dags/sus_pipeline.py
[2026-04-29T15:48:38.806+0000] {processor.py:830} INFO - Processing file /opt/airflow/dags/sus_pipeline.py for tasks to queue
[2026-04-29T15:48:38.806+0000] {logging_mixin.py:188} INFO - [2026-04-29T15:48:38.806+0000] {dagbag.py:538} INFO - Filling up the DagBag from /opt/airflow/dags/sus_pipeline.py
[2026-04-29T15:48:51.318+0000] {processor.py:840} INFO - DAG(s) 'sus_pipeline' retrieved from /opt/airflow/dags/sus_pipeline.py
[2026-04-29T15:48:51.339+0000] {logging_mixin.py:188} INFO - [2026-04-29T15:48:51.338+0000] {dag.py:3036} INFO - Sync 1 DAGs
[2026-04-29T15:48:51.363+0000] {logging_mixin.py:188} INFO - [2026-04-29T15:48:51.363+0000] {dag.py:3823} INFO - Setting next_dagrun for sus_pipeline to 2026-04-01 00:00:00+00:00, run_after=2026-05-01 00:00:00+00:00
[2026-04-29T15:48:51.381+0000] {processor.py:183} INFO - Processing /opt/airflow/dags/sus_pipeline.py took 10.120 seconds
[2026-04-29T15:49:21.968+0000] {processor.py:161} INFO - Started process (PID=6568) to work on /opt/airflow/dags/sus_pipeline.py
[2026-04-29T15:49:21.971+0000] {processor.py:830} INFO - Processing file /opt/airflow/dags/sus_pipeline.py for tasks to queue
[2026-04-29T15:49:21.972+0000] {logging_mixin.py:188} INFO - [2026-04-29T15:49:21.971+0000] {dagbag.py:538} INFO - Filling up the DagBag from /opt/airflow/dags/sus_pipeline.py
[2026-04-29T15:49:54.204+0000] {logging_mixin.py:188} INFO - [2026-04-29T15:49:54.203+0000] {timeout.py:68} ERROR - Process timed out, PID: 6568
[2026-04-29T15:49:54.209+0000] {logging_mixin.py:188} INFO - [2026-04-29T15:49:54.204+0000] {dagbag.py:348} ERROR - Failed to import: /opt/airflow/dags/sus_pipeline.py
Traceback (most recent call last):
  File "/home/airflow/.local/lib/python3.10/site-packages/airflow/models/dagbag.py", line 344, in parse
    loader.exec_module(new_module)
  File "<frozen importlib._bootstrap_external>", line 883, in exec_module
  File "<frozen importlib._bootstrap>", line 241, in _call_with_frames_removed
  File "/opt/airflow/dags/sus_pipeline.py", line 6, in <module>
    from pysus.online_data.SIH import download, SIH
  File "/home/airflow/.local/lib/python3.10/site-packages/pysus/online_data/SIH.py", line 14, in <module>
    sih = SIH().load()
  File "/home/airflow/.local/lib/python3.10/site-packages/pysus/ftp/__init__.py", line 517, in load
    directory.load()
  File "/home/airflow/.local/lib/python3.10/site-packages/pysus/ftp/__init__.py", line 364, in load
    self.__content__ |= load_directory_content(self.path)
  File "/home/airflow/.local/lib/python3.10/site-packages/pysus/ftp/__init__.py", line 422, in load_directory_content
    raise exc
  File "/home/airflow/.local/lib/python3.10/site-packages/pysus/ftp/__init__.py", line 420, in load_directory_content
    ftp.retrlines("LIST", line_parser)
  File "/usr/local/lib/python3.10/ftplib.py", line 465, in retrlines
    line = fp.readline(self.maxline + 1)
  File "/usr/local/lib/python3.10/socket.py", line 705, in readinto
    return self._sock.recv_into(b)
  File "/home/airflow/.local/lib/python3.10/site-packages/airflow/utils/timeout.py", line 69, in handle_timeout
    raise AirflowTaskTimeout(self.error_message)
airflow.exceptions.AirflowTaskTimeout: DagBag import timeout for /opt/airflow/dags/sus_pipeline.py after 30.0s.
Please take a look at these docs to improve your DAG import time:
* https://airflow.apache.org/docs/apache-airflow/2.8.1/best-practices.html#top-level-python-code
* https://airflow.apache.org/docs/apache-airflow/2.8.1/best-practices.html#reducing-dag-complexity, PID: 6568
[2026-04-29T15:49:54.216+0000] {processor.py:842} WARNING - No viable dags retrieved from /opt/airflow/dags/sus_pipeline.py
[2026-04-29T15:49:54.244+0000] {processor.py:183} INFO - Processing /opt/airflow/dags/sus_pipeline.py took 30.061 seconds
[2026-04-29T15:50:24.502+0000] {processor.py:161} INFO - Started process (PID=6588) to work on /opt/airflow/dags/sus_pipeline.py
[2026-04-29T15:50:24.503+0000] {processor.py:830} INFO - Processing file /opt/airflow/dags/sus_pipeline.py for tasks to queue
[2026-04-29T15:50:24.503+0000] {logging_mixin.py:188} INFO - [2026-04-29T15:50:24.503+0000] {dagbag.py:538} INFO - Filling up the DagBag from /opt/airflow/dags/sus_pipeline.py
[2026-04-29T15:50:56.953+0000] {logging_mixin.py:188} INFO - [2026-04-29T15:50:56.948+0000] {timeout.py:68} ERROR - Process timed out, PID: 6588
[2026-04-29T15:50:56.958+0000] {logging_mixin.py:188} INFO - [2026-04-29T15:50:56.954+0000] {dagbag.py:348} ERROR - Failed to import: /opt/airflow/dags/sus_pipeline.py
Traceback (most recent call last):
  File "/home/airflow/.local/lib/python3.10/site-packages/airflow/models/dagbag.py", line 344, in parse
    loader.exec_module(new_module)
  File "<frozen importlib._bootstrap_external>", line 883, in exec_module
  File "<frozen importlib._bootstrap>", line 241, in _call_with_frames_removed
  File "/opt/airflow/dags/sus_pipeline.py", line 6, in <module>
    from pysus.online_data.SIH import download, SIH
  File "/home/airflow/.local/lib/python3.10/site-packages/pysus/online_data/SIH.py", line 14, in <module>
    sih = SIH().load()
  File "/home/airflow/.local/lib/python3.10/site-packages/pysus/ftp/__init__.py", line 517, in load
    directory.load()
  File "/home/airflow/.local/lib/python3.10/site-packages/pysus/ftp/__init__.py", line 364, in load
    self.__content__ |= load_directory_content(self.path)
  File "/home/airflow/.local/lib/python3.10/site-packages/pysus/ftp/__init__.py", line 422, in load_directory_content
    raise exc
  File "/home/airflow/.local/lib/python3.10/site-packages/pysus/ftp/__init__.py", line 420, in load_directory_content
    ftp.retrlines("LIST", line_parser)
  File "/usr/local/lib/python3.10/ftplib.py", line 465, in retrlines
    line = fp.readline(self.maxline + 1)
  File "/usr/local/lib/python3.10/socket.py", line 705, in readinto
    return self._sock.recv_into(b)
  File "/home/airflow/.local/lib/python3.10/site-packages/airflow/utils/timeout.py", line 69, in handle_timeout
    raise AirflowTaskTimeout(self.error_message)
airflow.exceptions.AirflowTaskTimeout: DagBag import timeout for /opt/airflow/dags/sus_pipeline.py after 30.0s.
Please take a look at these docs to improve your DAG import time:
* https://airflow.apache.org/docs/apache-airflow/2.8.1/best-practices.html#top-level-python-code
* https://airflow.apache.org/docs/apache-airflow/2.8.1/best-practices.html#reducing-dag-complexity, PID: 6588
[2026-04-29T15:50:56.966+0000] {processor.py:842} WARNING - No viable dags retrieved from /opt/airflow/dags/sus_pipeline.py
[2026-04-29T15:50:57.015+0000] {processor.py:183} INFO - Processing /opt/airflow/dags/sus_pipeline.py took 30.074 seconds
[2026-04-29T15:51:27.573+0000] {processor.py:161} INFO - Started process (PID=6596) to work on /opt/airflow/dags/sus_pipeline.py
[2026-04-29T15:51:27.573+0000] {processor.py:830} INFO - Processing file /opt/airflow/dags/sus_pipeline.py for tasks to queue
[2026-04-29T15:51:27.574+0000] {logging_mixin.py:188} INFO - [2026-04-29T15:51:27.574+0000] {dagbag.py:538} INFO - Filling up the DagBag from /opt/airflow/dags/sus_pipeline.py
[2026-04-29T15:51:52.666+0000] {processor.py:840} INFO - DAG(s) 'sus_pipeline' retrieved from /opt/airflow/dags/sus_pipeline.py
[2026-04-29T15:51:52.863+0000] {logging_mixin.py:188} INFO - [2026-04-29T15:51:52.862+0000] {dag.py:3036} INFO - Sync 1 DAGs
[2026-04-29T15:51:52.881+0000] {logging_mixin.py:188} INFO - [2026-04-29T15:51:52.880+0000] {dag.py:3823} INFO - Setting next_dagrun for sus_pipeline to 2026-04-01 00:00:00+00:00, run_after=2026-05-01 00:00:00+00:00
[2026-04-29T15:51:52.906+0000] {processor.py:183} INFO - Processing /opt/airflow/dags/sus_pipeline.py took 22.190 seconds
[2026-04-29T15:52:23.044+0000] {processor.py:161} INFO - Started process (PID=6604) to work on /opt/airflow/dags/sus_pipeline.py
[2026-04-29T15:52:23.046+0000] {processor.py:830} INFO - Processing file /opt/airflow/dags/sus_pipeline.py for tasks to queue
[2026-04-29T15:52:23.046+0000] {logging_mixin.py:188} INFO - [2026-04-29T15:52:23.046+0000] {dagbag.py:538} INFO - Filling up the DagBag from /opt/airflow/dags/sus_pipeline.py
[2026-04-29T15:52:34.541+0000] {processor.py:840} INFO - DAG(s) 'sus_pipeline' retrieved from /opt/airflow/dags/sus_pipeline.py
[2026-04-29T15:52:34.562+0000] {logging_mixin.py:188} INFO - [2026-04-29T15:52:34.561+0000] {dag.py:3036} INFO - Sync 1 DAGs
[2026-04-29T15:52:34.578+0000] {logging_mixin.py:188} INFO - [2026-04-29T15:52:34.577+0000] {dag.py:3823} INFO - Setting next_dagrun for sus_pipeline to 2026-04-01 00:00:00+00:00, run_after=2026-05-01 00:00:00+00:00
[2026-04-29T15:52:34.596+0000] {processor.py:183} INFO - Processing /opt/airflow/dags/sus_pipeline.py took 9.154 seconds
[2026-04-29T15:53:04.981+0000] {processor.py:161} INFO - Started process (PID=6612) to work on /opt/airflow/dags/sus_pipeline.py
[2026-04-29T15:53:04.983+0000] {processor.py:830} INFO - Processing file /opt/airflow/dags/sus_pipeline.py for tasks to queue
[2026-04-29T15:53:04.985+0000] {logging_mixin.py:188} INFO - [2026-04-29T15:53:04.984+0000] {dagbag.py:538} INFO - Filling up the DagBag from /opt/airflow/dags/sus_pipeline.py
[2026-04-29T15:53:15.002+0000] {processor.py:840} INFO - DAG(s) 'sus_pipeline' retrieved from /opt/airflow/dags/sus_pipeline.py
[2026-04-29T15:53:15.056+0000] {logging_mixin.py:188} INFO - [2026-04-29T15:53:15.056+0000] {dag.py:3036} INFO - Sync 1 DAGs
[2026-04-29T15:53:15.080+0000] {logging_mixin.py:188} INFO - [2026-04-29T15:53:15.080+0000] {dag.py:3823} INFO - Setting next_dagrun for sus_pipeline to 2026-04-01 00:00:00+00:00, run_after=2026-05-01 00:00:00+00:00
[2026-04-29T15:53:15.101+0000] {processor.py:183} INFO - Processing /opt/airflow/dags/sus_pipeline.py took 10.132 seconds
[2026-04-29T15:53:45.456+0000] {processor.py:161} INFO - Started process (PID=6620) to work on /opt/airflow/dags/sus_pipeline.py
[2026-04-29T15:53:45.465+0000] {processor.py:830} INFO - Processing file /opt/airflow/dags/sus_pipeline.py for tasks to queue
[2026-04-29T15:53:45.470+0000] {logging_mixin.py:188} INFO - [2026-04-29T15:53:45.469+0000] {dagbag.py:538} INFO - Filling up the DagBag from /opt/airflow/dags/sus_pipeline.py
[2026-04-29T15:54:04.576+0000] {processor.py:840} INFO - DAG(s) 'sus_pipeline' retrieved from /opt/airflow/dags/sus_pipeline.py
[2026-04-29T15:54:04.629+0000] {logging_mixin.py:188} INFO - [2026-04-29T15:54:04.628+0000] {dag.py:3036} INFO - Sync 1 DAGs
[2026-04-29T15:54:04.692+0000] {logging_mixin.py:188} INFO - [2026-04-29T15:54:04.691+0000] {dag.py:3823} INFO - Setting next_dagrun for sus_pipeline to 2026-04-01 00:00:00+00:00, run_after=2026-05-01 00:00:00+00:00
[2026-04-29T15:54:04.746+0000] {processor.py:183} INFO - Processing /opt/airflow/dags/sus_pipeline.py took 19.298 seconds
[2026-04-29T15:54:35.025+0000] {processor.py:161} INFO - Started process (PID=6628) to work on /opt/airflow/dags/sus_pipeline.py
[2026-04-29T15:54:35.026+0000] {processor.py:830} INFO - Processing file /opt/airflow/dags/sus_pipeline.py for tasks to queue
[2026-04-29T15:54:35.027+0000] {logging_mixin.py:188} INFO - [2026-04-29T15:54:35.027+0000] {dagbag.py:538} INFO - Filling up the DagBag from /opt/airflow/dags/sus_pipeline.py
[2026-04-29T15:55:07.147+0000] {logging_mixin.py:188} INFO - [2026-04-29T15:55:07.146+0000] {timeout.py:68} ERROR - Process timed out, PID: 6628
[2026-04-29T15:55:07.161+0000] {logging_mixin.py:188} INFO - [2026-04-29T15:55:07.148+0000] {dagbag.py:348} ERROR - Failed to import: /opt/airflow/dags/sus_pipeline.py
Traceback (most recent call last):
  File "/home/airflow/.local/lib/python3.10/site-packages/airflow/models/dagbag.py", line 344, in parse
    loader.exec_module(new_module)
  File "<frozen importlib._bootstrap_external>", line 883, in exec_module
  File "<frozen importlib._bootstrap>", line 241, in _call_with_frames_removed
  File "/opt/airflow/dags/sus_pipeline.py", line 6, in <module>
    from pysus.online_data.SIH import download, SIH
  File "/home/airflow/.local/lib/python3.10/site-packages/pysus/online_data/SIH.py", line 14, in <module>
    sih = SIH().load()
  File "/home/airflow/.local/lib/python3.10/site-packages/pysus/ftp/__init__.py", line 517, in load
    directory.load()
  File "/home/airflow/.local/lib/python3.10/site-packages/pysus/ftp/__init__.py", line 364, in load
    self.__content__ |= load_directory_content(self.path)
  File "/home/airflow/.local/lib/python3.10/site-packages/pysus/ftp/__init__.py", line 422, in load_directory_content
    raise exc
  File "/home/airflow/.local/lib/python3.10/site-packages/pysus/ftp/__init__.py", line 420, in load_directory_content
    ftp.retrlines("LIST", line_parser)
  File "/usr/local/lib/python3.10/ftplib.py", line 465, in retrlines
    line = fp.readline(self.maxline + 1)
  File "/usr/local/lib/python3.10/socket.py", line 705, in readinto
    return self._sock.recv_into(b)
  File "/home/airflow/.local/lib/python3.10/site-packages/airflow/utils/timeout.py", line 69, in handle_timeout
    raise AirflowTaskTimeout(self.error_message)
airflow.exceptions.AirflowTaskTimeout: DagBag import timeout for /opt/airflow/dags/sus_pipeline.py after 30.0s.
Please take a look at these docs to improve your DAG import time:
* https://airflow.apache.org/docs/apache-airflow/2.8.1/best-practices.html#top-level-python-code
* https://airflow.apache.org/docs/apache-airflow/2.8.1/best-practices.html#reducing-dag-complexity, PID: 6628
[2026-04-29T15:55:07.170+0000] {processor.py:842} WARNING - No viable dags retrieved from /opt/airflow/dags/sus_pipeline.py
[2026-04-29T15:55:07.209+0000] {processor.py:183} INFO - Processing /opt/airflow/dags/sus_pipeline.py took 30.073 seconds
[2026-04-29T15:55:37.670+0000] {processor.py:161} INFO - Started process (PID=6636) to work on /opt/airflow/dags/sus_pipeline.py
[2026-04-29T15:55:37.671+0000] {processor.py:830} INFO - Processing file /opt/airflow/dags/sus_pipeline.py for tasks to queue
[2026-04-29T15:55:37.672+0000] {logging_mixin.py:188} INFO - [2026-04-29T15:55:37.672+0000] {dagbag.py:538} INFO - Filling up the DagBag from /opt/airflow/dags/sus_pipeline.py
[2026-04-29T15:56:00.186+0000] {processor.py:840} INFO - DAG(s) 'sus_pipeline' retrieved from /opt/airflow/dags/sus_pipeline.py
[2026-04-29T15:56:00.219+0000] {logging_mixin.py:188} INFO - [2026-04-29T15:56:00.219+0000] {dag.py:3036} INFO - Sync 1 DAGs
[2026-04-29T15:56:00.239+0000] {logging_mixin.py:188} INFO - [2026-04-29T15:56:00.239+0000] {dag.py:3823} INFO - Setting next_dagrun for sus_pipeline to 2026-04-01 00:00:00+00:00, run_after=2026-05-01 00:00:00+00:00
[2026-04-29T15:56:00.261+0000] {processor.py:183} INFO - Processing /opt/airflow/dags/sus_pipeline.py took 20.364 seconds
[2026-04-29T15:56:31.782+0000] {processor.py:161} INFO - Started process (PID=6644) to work on /opt/airflow/dags/sus_pipeline.py
[2026-04-29T15:56:31.783+0000] {processor.py:830} INFO - Processing file /opt/airflow/dags/sus_pipeline.py for tasks to queue
[2026-04-29T15:56:31.784+0000] {logging_mixin.py:188} INFO - [2026-04-29T15:56:31.784+0000] {dagbag.py:538} INFO - Filling up the DagBag from /opt/airflow/dags/sus_pipeline.py
[2026-04-29T15:56:55.825+0000] {processor.py:840} INFO - DAG(s) 'sus_pipeline' retrieved from /opt/airflow/dags/sus_pipeline.py
[2026-04-29T15:56:55.850+0000] {logging_mixin.py:188} INFO - [2026-04-29T15:56:55.849+0000] {dag.py:3036} INFO - Sync 1 DAGs
[2026-04-29T15:56:55.866+0000] {logging_mixin.py:188} INFO - [2026-04-29T15:56:55.866+0000] {dag.py:3823} INFO - Setting next_dagrun for sus_pipeline to 2026-04-01 00:00:00+00:00, run_after=2026-05-01 00:00:00+00:00
[2026-04-29T15:56:55.884+0000] {processor.py:183} INFO - Processing /opt/airflow/dags/sus_pipeline.py took 24.107 seconds
[2026-04-29T15:56:57.916+0000] {processor.py:161} INFO - Started process (PID=6652) to work on /opt/airflow/dags/sus_pipeline.py
[2026-04-29T15:56:57.918+0000] {processor.py:830} INFO - Processing file /opt/airflow/dags/sus_pipeline.py for tasks to queue
[2026-04-29T15:56:57.919+0000] {logging_mixin.py:188} INFO - [2026-04-29T15:56:57.918+0000] {dagbag.py:538} INFO - Filling up the DagBag from /opt/airflow/dags/sus_pipeline.py
[2026-04-29T15:57:15.018+0000] {processor.py:840} INFO - DAG(s) 'sus_pipeline' retrieved from /opt/airflow/dags/sus_pipeline.py
[2026-04-29T15:57:15.050+0000] {logging_mixin.py:188} INFO - [2026-04-29T15:57:15.049+0000] {dag.py:3036} INFO - Sync 1 DAGs
[2026-04-29T15:57:15.084+0000] {logging_mixin.py:188} INFO - [2026-04-29T15:57:15.084+0000] {dag.py:3823} INFO - Setting next_dagrun for sus_pipeline to 2026-04-01 00:00:00+00:00, run_after=2026-05-01 00:00:00+00:00
[2026-04-29T15:57:15.116+0000] {processor.py:183} INFO - Processing /opt/airflow/dags/sus_pipeline.py took 15.043 seconds
[2026-04-29T15:57:45.867+0000] {processor.py:161} INFO - Started process (PID=6660) to work on /opt/airflow/dags/sus_pipeline.py
[2026-04-29T15:57:45.868+0000] {processor.py:830} INFO - Processing file /opt/airflow/dags/sus_pipeline.py for tasks to queue
[2026-04-29T15:57:45.869+0000] {logging_mixin.py:188} INFO - [2026-04-29T15:57:45.869+0000] {dagbag.py:538} INFO - Filling up the DagBag from /opt/airflow/dags/sus_pipeline.py
[2026-04-29T15:57:47.184+0000] {processor.py:840} INFO - DAG(s) 'sus_pipeline' retrieved from /opt/airflow/dags/sus_pipeline.py
[2026-04-29T15:57:47.205+0000] {logging_mixin.py:188} INFO - [2026-04-29T15:57:47.205+0000] {dag.py:3036} INFO - Sync 1 DAGs
[2026-04-29T15:57:47.221+0000] {logging_mixin.py:188} INFO - [2026-04-29T15:57:47.221+0000] {dag.py:3823} INFO - Setting next_dagrun for sus_pipeline to 2026-04-01 00:00:00+00:00, run_after=2026-05-01 00:00:00+00:00
[2026-04-29T15:57:47.247+0000] {processor.py:183} INFO - Processing /opt/airflow/dags/sus_pipeline.py took 1.384 seconds
[2026-04-29T15:58:17.514+0000] {processor.py:161} INFO - Started process (PID=6668) to work on /opt/airflow/dags/sus_pipeline.py
[2026-04-29T15:58:17.516+0000] {processor.py:830} INFO - Processing file /opt/airflow/dags/sus_pipeline.py for tasks to queue
[2026-04-29T15:58:17.517+0000] {logging_mixin.py:188} INFO - [2026-04-29T15:58:17.517+0000] {dagbag.py:538} INFO - Filling up the DagBag from /opt/airflow/dags/sus_pipeline.py
[2026-04-29T15:58:18.938+0000] {processor.py:840} INFO - DAG(s) 'sus_pipeline' retrieved from /opt/airflow/dags/sus_pipeline.py
[2026-04-29T15:58:18.957+0000] {logging_mixin.py:188} INFO - [2026-04-29T15:58:18.957+0000] {dag.py:3036} INFO - Sync 1 DAGs
[2026-04-29T15:58:18.977+0000] {logging_mixin.py:188} INFO - [2026-04-29T15:58:18.976+0000] {dag.py:3823} INFO - Setting next_dagrun for sus_pipeline to 2026-04-01 00:00:00+00:00, run_after=2026-05-01 00:00:00+00:00
[2026-04-29T15:58:18.992+0000] {processor.py:183} INFO - Processing /opt/airflow/dags/sus_pipeline.py took 1.487 seconds
[2026-04-29T15:58:50.544+0000] {processor.py:161} INFO - Started process (PID=6676) to work on /opt/airflow/dags/sus_pipeline.py
[2026-04-29T15:58:50.545+0000] {processor.py:830} INFO - Processing file /opt/airflow/dags/sus_pipeline.py for tasks to queue
[2026-04-29T15:58:50.546+0000] {logging_mixin.py:188} INFO - [2026-04-29T15:58:50.546+0000] {dagbag.py:538} INFO - Filling up the DagBag from /opt/airflow/dags/sus_pipeline.py
[2026-04-29T15:58:52.008+0000] {processor.py:840} INFO - DAG(s) 'sus_pipeline' retrieved from /opt/airflow/dags/sus_pipeline.py
[2026-04-29T15:58:52.030+0000] {logging_mixin.py:188} INFO - [2026-04-29T15:58:52.030+0000] {dag.py:3036} INFO - Sync 1 DAGs
[2026-04-29T15:58:52.053+0000] {logging_mixin.py:188} INFO - [2026-04-29T15:58:52.052+0000] {dag.py:3823} INFO - Setting next_dagrun for sus_pipeline to 2026-04-01 00:00:00+00:00, run_after=2026-05-01 00:00:00+00:00
[2026-04-29T15:58:52.073+0000] {processor.py:183} INFO - Processing /opt/airflow/dags/sus_pipeline.py took 1.534 seconds
[2026-04-29T15:59:24.651+0000] {processor.py:161} INFO - Started process (PID=6684) to work on /opt/airflow/dags/sus_pipeline.py
[2026-04-29T15:59:24.652+0000] {processor.py:830} INFO - Processing file /opt/airflow/dags/sus_pipeline.py for tasks to queue
[2026-04-29T15:59:24.653+0000] {logging_mixin.py:188} INFO - [2026-04-29T15:59:24.652+0000] {dagbag.py:538} INFO - Filling up the DagBag from /opt/airflow/dags/sus_pipeline.py
[2026-04-29T15:59:26.146+0000] {processor.py:840} INFO - DAG(s) 'sus_pipeline' retrieved from /opt/airflow/dags/sus_pipeline.py
[2026-04-29T15:59:26.176+0000] {logging_mixin.py:188} INFO - [2026-04-29T15:59:26.176+0000] {dag.py:3036} INFO - Sync 1 DAGs
[2026-04-29T15:59:26.195+0000] {logging_mixin.py:188} INFO - [2026-04-29T15:59:26.195+0000] {dag.py:3823} INFO - Setting next_dagrun for sus_pipeline to 2026-04-01 00:00:00+00:00, run_after=2026-05-01 00:00:00+00:00
[2026-04-29T15:59:26.214+0000] {processor.py:183} INFO - Processing /opt/airflow/dags/sus_pipeline.py took 1.567 seconds
[2026-04-29T15:59:56.482+0000] {processor.py:161} INFO - Started process (PID=6692) to work on /opt/airflow/dags/sus_pipeline.py
[2026-04-29T15:59:56.484+0000] {processor.py:830} INFO - Processing file /opt/airflow/dags/sus_pipeline.py for tasks to queue
[2026-04-29T15:59:56.485+0000] {logging_mixin.py:188} INFO - [2026-04-29T15:59:56.484+0000] {dagbag.py:538} INFO - Filling up the DagBag from /opt/airflow/dags/sus_pipeline.py
[2026-04-29T16:00:00.240+0000] {processor.py:840} INFO - DAG(s) 'sus_pipeline' retrieved from /opt/airflow/dags/sus_pipeline.py
[2026-04-29T16:00:00.274+0000] {logging_mixin.py:188} INFO - [2026-04-29T16:00:00.273+0000] {dag.py:3036} INFO - Sync 1 DAGs
[2026-04-29T16:00:00.303+0000] {logging_mixin.py:188} INFO - [2026-04-29T16:00:00.303+0000] {dag.py:3823} INFO - Setting next_dagrun for sus_pipeline to 2026-04-01 00:00:00+00:00, run_after=2026-05-01 00:00:00+00:00
[2026-04-29T16:00:00.320+0000] {processor.py:183} INFO - Processing /opt/airflow/dags/sus_pipeline.py took 1.472 seconds
[2026-04-29T16:00:30.417+0000] {processor.py:161} INFO - Started process (PID=6721) to work on /opt/airflow/dags/sus_pipeline.py
[2026-04-29T16:00:30.418+0000] {processor.py:830} INFO - Processing file /opt/airflow/dags/sus_pipeline.py for tasks to queue
[2026-04-29T16:00:30.419+0000] {logging_mixin.py:188} INFO - [2026-04-29T16:00:30.418+0000] {dagbag.py:538} INFO - Filling up the DagBag from /opt/airflow/dags/sus_pipeline.py
[2026-04-29T16:00:38.106+0000] {processor.py:840} INFO - DAG(s) 'sus_pipeline' retrieved from /opt/airflow/dags/sus_pipeline.py
[2026-04-29T16:00:38.222+0000] {logging_mixin.py:188} INFO - [2026-04-29T16:00:38.221+0000] {dag.py:3036} INFO - Sync 1 DAGs
[2026-04-29T16:00:38.319+0000] {logging_mixin.py:188} INFO - [2026-04-29T16:00:38.318+0000] {dag.py:3823} INFO - Setting next_dagrun for sus_pipeline to 2026-04-01 00:00:00+00:00, run_after=2026-05-01 00:00:00+00:00
[2026-04-29T16:00:38.349+0000] {processor.py:183} INFO - Processing /opt/airflow/dags/sus_pipeline.py took 5.540 seconds
[2026-04-29T16:01:08.745+0000] {processor.py:161} INFO - Started process (PID=6730) to work on /opt/airflow/dags/sus_pipeline.py
[2026-04-29T16:01:08.748+0000] {processor.py:830} INFO - Processing file /opt/airflow/dags/sus_pipeline.py for tasks to queue
[2026-04-29T16:01:08.752+0000] {logging_mixin.py:188} INFO - [2026-04-29T16:01:08.751+0000] {dagbag.py:538} INFO - Filling up the DagBag from /opt/airflow/dags/sus_pipeline.py
[2026-04-29T16:01:14.898+0000] {processor.py:840} INFO - DAG(s) 'sus_pipeline' retrieved from /opt/airflow/dags/sus_pipeline.py
[2026-04-29T16:01:15.246+0000] {logging_mixin.py:188} INFO - [2026-04-29T16:01:15.244+0000] {dag.py:3036} INFO - Sync 1 DAGs
[2026-04-29T16:01:15.458+0000] {logging_mixin.py:188} INFO - [2026-04-29T16:01:15.456+0000] {dag.py:3823} INFO - Setting next_dagrun for sus_pipeline to 2026-04-01 00:00:00+00:00, run_after=2026-05-01 00:00:00+00:00
[2026-04-29T16:01:15.552+0000] {processor.py:183} INFO - Processing /opt/airflow/dags/sus_pipeline.py took 6.828 seconds
[2026-04-29T16:01:46.001+0000] {processor.py:161} INFO - Started process (PID=6738) to work on /opt/airflow/dags/sus_pipeline.py
[2026-04-29T16:01:46.002+0000] {processor.py:830} INFO - Processing file /opt/airflow/dags/sus_pipeline.py for tasks to queue
[2026-04-29T16:01:46.003+0000] {logging_mixin.py:188} INFO - [2026-04-29T16:01:46.003+0000] {dagbag.py:538} INFO - Filling up the DagBag from /opt/airflow/dags/sus_pipeline.py
[2026-04-29T16:01:48.761+0000] {processor.py:840} INFO - DAG(s) 'sus_pipeline' retrieved from /opt/airflow/dags/sus_pipeline.py
[2026-04-29T16:01:48.805+0000] {logging_mixin.py:188} INFO - [2026-04-29T16:01:48.804+0000] {dag.py:3036} INFO - Sync 1 DAGs
[2026-04-29T16:01:48.845+0000] {logging_mixin.py:188} INFO - [2026-04-29T16:01:48.845+0000] {dag.py:3823} INFO - Setting next_dagrun for sus_pipeline to 2026-04-01 00:00:00+00:00, run_after=2026-05-01 00:00:00+00:00
[2026-04-29T16:01:48.889+0000] {processor.py:183} INFO - Processing /opt/airflow/dags/sus_pipeline.py took 2.897 seconds
[2026-04-29T16:02:19.120+0000] {processor.py:161} INFO - Started process (PID=6746) to work on /opt/airflow/dags/sus_pipeline.py
[2026-04-29T16:02:19.123+0000] {processor.py:830} INFO - Processing file /opt/airflow/dags/sus_pipeline.py for tasks to queue
[2026-04-29T16:02:19.125+0000] {logging_mixin.py:188} INFO - [2026-04-29T16:02:19.124+0000] {dagbag.py:538} INFO - Filling up the DagBag from /opt/airflow/dags/sus_pipeline.py
[2026-04-29T16:02:23.958+0000] {processor.py:840} INFO - DAG(s) 'sus_pipeline' retrieved from /opt/airflow/dags/sus_pipeline.py
[2026-04-29T16:02:24.071+0000] {logging_mixin.py:188} INFO - [2026-04-29T16:02:24.071+0000] {dag.py:3036} INFO - Sync 1 DAGs
[2026-04-29T16:02:24.157+0000] {logging_mixin.py:188} INFO - [2026-04-29T16:02:24.157+0000] {dag.py:3823} INFO - Setting next_dagrun for sus_pipeline to 2026-04-01 00:00:00+00:00, run_after=2026-05-01 00:00:00+00:00
[2026-04-29T16:02:24.629+0000] {processor.py:183} INFO - Processing /opt/airflow/dags/sus_pipeline.py took 5.517 seconds
[2026-04-29T16:02:54.951+0000] {processor.py:161} INFO - Started process (PID=6825) to work on /opt/airflow/dags/sus_pipeline.py
[2026-04-29T16:02:54.952+0000] {processor.py:830} INFO - Processing file /opt/airflow/dags/sus_pipeline.py for tasks to queue
[2026-04-29T16:02:54.953+0000] {logging_mixin.py:188} INFO - [2026-04-29T16:02:54.952+0000] {dagbag.py:538} INFO - Filling up the DagBag from /opt/airflow/dags/sus_pipeline.py
[2026-04-29T16:02:56.899+0000] {processor.py:840} INFO - DAG(s) 'sus_pipeline' retrieved from /opt/airflow/dags/sus_pipeline.py
[2026-04-29T16:02:56.931+0000] {logging_mixin.py:188} INFO - [2026-04-29T16:02:56.931+0000] {dag.py:3036} INFO - Sync 1 DAGs
[2026-04-29T16:02:56.951+0000] {logging_mixin.py:188} INFO - [2026-04-29T16:02:56.951+0000] {dag.py:3823} INFO - Setting next_dagrun for sus_pipeline to 2026-04-01 00:00:00+00:00, run_after=2026-05-01 00:00:00+00:00
[2026-04-29T16:02:56.966+0000] {processor.py:183} INFO - Processing /opt/airflow/dags/sus_pipeline.py took 2.019 seconds
[2026-04-29T16:03:27.416+0000] {processor.py:161} INFO - Started process (PID=6969) to work on /opt/airflow/dags/sus_pipeline.py
[2026-04-29T16:03:27.417+0000] {processor.py:830} INFO - Processing file /opt/airflow/dags/sus_pipeline.py for tasks to queue
[2026-04-29T16:03:27.418+0000] {logging_mixin.py:188} INFO - [2026-04-29T16:03:27.417+0000] {dagbag.py:538} INFO - Filling up the DagBag from /opt/airflow/dags/sus_pipeline.py
[2026-04-29T16:03:28.760+0000] {processor.py:840} INFO - DAG(s) 'sus_pipeline' retrieved from /opt/airflow/dags/sus_pipeline.py
[2026-04-29T16:03:28.802+0000] {logging_mixin.py:188} INFO - [2026-04-29T16:03:28.801+0000] {dag.py:3036} INFO - Sync 1 DAGs
[2026-04-29T16:03:28.836+0000] {logging_mixin.py:188} INFO - [2026-04-29T16:03:28.835+0000] {dag.py:3823} INFO - Setting next_dagrun for sus_pipeline to 2026-04-01 00:00:00+00:00, run_after=2026-05-01 00:00:00+00:00
[2026-04-29T16:03:28.862+0000] {processor.py:183} INFO - Processing /opt/airflow/dags/sus_pipeline.py took 1.449 seconds
[2026-04-29T16:04:01.313+0000] {processor.py:161} INFO - Started process (PID=7105) to work on /opt/airflow/dags/sus_pipeline.py
[2026-04-29T16:04:01.315+0000] {processor.py:830} INFO - Processing file /opt/airflow/dags/sus_pipeline.py for tasks to queue
[2026-04-29T16:04:01.316+0000] {logging_mixin.py:188} INFO - [2026-04-29T16:04:01.316+0000] {dagbag.py:538} INFO - Filling up the DagBag from /opt/airflow/dags/sus_pipeline.py
[2026-04-29T16:04:02.702+0000] {processor.py:840} INFO - DAG(s) 'sus_pipeline' retrieved from /opt/airflow/dags/sus_pipeline.py
[2026-04-29T16:04:02.733+0000] {logging_mixin.py:188} INFO - [2026-04-29T16:04:02.732+0000] {dag.py:3036} INFO - Sync 1 DAGs
[2026-04-29T16:04:02.757+0000] {logging_mixin.py:188} INFO - [2026-04-29T16:04:02.757+0000] {dag.py:3823} INFO - Setting next_dagrun for sus_pipeline to 2026-04-01 00:00:00+00:00, run_after=2026-05-01 00:00:00+00:00
[2026-04-29T16:04:02.775+0000] {processor.py:183} INFO - Processing /opt/airflow/dags/sus_pipeline.py took 1.464 seconds
[2026-04-29T16:04:32.952+0000] {processor.py:161} INFO - Started process (PID=7237) to work on /opt/airflow/dags/sus_pipeline.py
[2026-04-29T16:04:32.952+0000] {processor.py:830} INFO - Processing file /opt/airflow/dags/sus_pipeline.py for tasks to queue
[2026-04-29T16:04:32.953+0000] {logging_mixin.py:188} INFO - [2026-04-29T16:04:32.953+0000] {dagbag.py:538} INFO - Filling up the DagBag from /opt/airflow/dags/sus_pipeline.py
[2026-04-29T16:04:37.074+0000] {processor.py:840} INFO - DAG(s) 'sus_pipeline' retrieved from /opt/airflow/dags/sus_pipeline.py
[2026-04-29T16:04:37.095+0000] {logging_mixin.py:188} INFO - [2026-04-29T16:04:37.094+0000] {dag.py:3036} INFO - Sync 1 DAGs
[2026-04-29T16:04:37.120+0000] {logging_mixin.py:188} INFO - [2026-04-29T16:04:37.120+0000] {dag.py:3823} INFO - Setting next_dagrun for sus_pipeline to 2026-04-01 00:00:00+00:00, run_after=2026-05-01 00:00:00+00:00
[2026-04-29T16:04:37.139+0000] {processor.py:183} INFO - Processing /opt/airflow/dags/sus_pipeline.py took 1.913 seconds
[2026-04-29T16:05:07.320+0000] {processor.py:161} INFO - Started process (PID=7385) to work on /opt/airflow/dags/sus_pipeline.py
[2026-04-29T16:05:07.321+0000] {processor.py:830} INFO - Processing file /opt/airflow/dags/sus_pipeline.py for tasks to queue
[2026-04-29T16:05:07.321+0000] {logging_mixin.py:188} INFO - [2026-04-29T16:05:07.321+0000] {dagbag.py:538} INFO - Filling up the DagBag from /opt/airflow/dags/sus_pipeline.py
[2026-04-29T16:05:11.074+0000] {processor.py:840} INFO - DAG(s) 'sus_pipeline' retrieved from /opt/airflow/dags/sus_pipeline.py
[2026-04-29T16:05:11.094+0000] {logging_mixin.py:188} INFO - [2026-04-29T16:05:11.093+0000] {dag.py:3036} INFO - Sync 1 DAGs
[2026-04-29T16:05:11.111+0000] {logging_mixin.py:188} INFO - [2026-04-29T16:05:11.110+0000] {dag.py:3823} INFO - Setting next_dagrun for sus_pipeline to 2026-04-01 00:00:00+00:00, run_after=2026-05-01 00:00:00+00:00
[2026-04-29T16:05:11.131+0000] {processor.py:183} INFO - Processing /opt/airflow/dags/sus_pipeline.py took 1.540 seconds
[2026-04-29T16:05:41.328+0000] {processor.py:161} INFO - Started process (PID=7513) to work on /opt/airflow/dags/sus_pipeline.py
[2026-04-29T16:05:41.330+0000] {processor.py:830} INFO - Processing file /opt/airflow/dags/sus_pipeline.py for tasks to queue
[2026-04-29T16:05:41.332+0000] {logging_mixin.py:188} INFO - [2026-04-29T16:05:41.332+0000] {dagbag.py:538} INFO - Filling up the DagBag from /opt/airflow/dags/sus_pipeline.py
[2026-04-29T16:05:45.418+0000] {processor.py:840} INFO - DAG(s) 'sus_pipeline' retrieved from /opt/airflow/dags/sus_pipeline.py
[2026-04-29T16:05:45.435+0000] {logging_mixin.py:188} INFO - [2026-04-29T16:05:45.435+0000] {dag.py:3036} INFO - Sync 1 DAGs
[2026-04-29T16:05:45.453+0000] {logging_mixin.py:188} INFO - [2026-04-29T16:05:45.453+0000] {dag.py:3823} INFO - Setting next_dagrun for sus_pipeline to 2026-04-01 00:00:00+00:00, run_after=2026-05-01 00:00:00+00:00
[2026-04-29T16:05:45.469+0000] {processor.py:183} INFO - Processing /opt/airflow/dags/sus_pipeline.py took 1.866 seconds
[2026-04-29T16:06:15.660+0000] {processor.py:161} INFO - Started process (PID=7659) to work on /opt/airflow/dags/sus_pipeline.py
[2026-04-29T16:06:15.660+0000] {processor.py:830} INFO - Processing file /opt/airflow/dags/sus_pipeline.py for tasks to queue
[2026-04-29T16:06:15.661+0000] {logging_mixin.py:188} INFO - [2026-04-29T16:06:15.661+0000] {dagbag.py:538} INFO - Filling up the DagBag from /opt/airflow/dags/sus_pipeline.py
[2026-04-29T16:06:20.320+0000] {processor.py:840} INFO - DAG(s) 'sus_pipeline' retrieved from /opt/airflow/dags/sus_pipeline.py
[2026-04-29T16:06:20.337+0000] {logging_mixin.py:188} INFO - [2026-04-29T16:06:20.337+0000] {dag.py:3036} INFO - Sync 1 DAGs
[2026-04-29T16:06:20.355+0000] {logging_mixin.py:188} INFO - [2026-04-29T16:06:20.354+0000] {dag.py:3823} INFO - Setting next_dagrun for sus_pipeline to 2026-04-01 00:00:00+00:00, run_after=2026-05-01 00:00:00+00:00
[2026-04-29T16:06:20.368+0000] {processor.py:183} INFO - Processing /opt/airflow/dags/sus_pipeline.py took 2.610 seconds
[2026-04-29T16:06:50.478+0000] {processor.py:161} INFO - Started process (PID=7807) to work on /opt/airflow/dags/sus_pipeline.py
[2026-04-29T16:06:50.479+0000] {processor.py:830} INFO - Processing file /opt/airflow/dags/sus_pipeline.py for tasks to queue
[2026-04-29T16:06:50.480+0000] {logging_mixin.py:188} INFO - [2026-04-29T16:06:50.480+0000] {dagbag.py:538} INFO - Filling up the DagBag from /opt/airflow/dags/sus_pipeline.py
[2026-04-29T16:06:54.611+0000] {processor.py:840} INFO - DAG(s) 'sus_pipeline' retrieved from /opt/airflow/dags/sus_pipeline.py
[2026-04-29T16:06:54.634+0000] {logging_mixin.py:188} INFO - [2026-04-29T16:06:54.634+0000] {dag.py:3036} INFO - Sync 1 DAGs
[2026-04-29T16:06:54.663+0000] {logging_mixin.py:188} INFO - [2026-04-29T16:06:54.663+0000] {dag.py:3823} INFO - Setting next_dagrun for sus_pipeline to 2026-04-01 00:00:00+00:00, run_after=2026-05-01 00:00:00+00:00
[2026-04-29T16:06:54.694+0000] {processor.py:183} INFO - Processing /opt/airflow/dags/sus_pipeline.py took 1.761 seconds
[2026-04-29T16:07:24.911+0000] {processor.py:161} INFO - Started process (PID=7955) to work on /opt/airflow/dags/sus_pipeline.py
[2026-04-29T16:07:24.919+0000] {processor.py:830} INFO - Processing file /opt/airflow/dags/sus_pipeline.py for tasks to queue
[2026-04-29T16:07:24.923+0000] {logging_mixin.py:188} INFO - [2026-04-29T16:07:24.922+0000] {dagbag.py:538} INFO - Filling up the DagBag from /opt/airflow/dags/sus_pipeline.py
[2026-04-29T16:07:29.174+0000] {processor.py:840} INFO - DAG(s) 'sus_pipeline' retrieved from /opt/airflow/dags/sus_pipeline.py
[2026-04-29T16:07:29.192+0000] {logging_mixin.py:188} INFO - [2026-04-29T16:07:29.191+0000] {dag.py:3036} INFO - Sync 1 DAGs
[2026-04-29T16:07:29.209+0000] {logging_mixin.py:188} INFO - [2026-04-29T16:07:29.208+0000] {dag.py:3823} INFO - Setting next_dagrun for sus_pipeline to 2026-04-01 00:00:00+00:00, run_after=2026-05-01 00:00:00+00:00
[2026-04-29T16:07:29.227+0000] {processor.py:183} INFO - Processing /opt/airflow/dags/sus_pipeline.py took 2.014 seconds
[2026-04-29T16:07:59.390+0000] {processor.py:161} INFO - Started process (PID=8103) to work on /opt/airflow/dags/sus_pipeline.py
[2026-04-29T16:07:59.392+0000] {processor.py:830} INFO - Processing file /opt/airflow/dags/sus_pipeline.py for tasks to queue
[2026-04-29T16:07:59.393+0000] {logging_mixin.py:188} INFO - [2026-04-29T16:07:59.392+0000] {dagbag.py:538} INFO - Filling up the DagBag from /opt/airflow/dags/sus_pipeline.py
[2026-04-29T16:08:00.876+0000] {processor.py:840} INFO - DAG(s) 'sus_pipeline' retrieved from /opt/airflow/dags/sus_pipeline.py
[2026-04-29T16:08:00.894+0000] {logging_mixin.py:188} INFO - [2026-04-29T16:08:00.894+0000] {dag.py:3036} INFO - Sync 1 DAGs
[2026-04-29T16:08:00.910+0000] {logging_mixin.py:188} INFO - [2026-04-29T16:08:00.910+0000] {dag.py:3823} INFO - Setting next_dagrun for sus_pipeline to 2026-04-01 00:00:00+00:00, run_after=2026-05-01 00:00:00+00:00
[2026-04-29T16:08:00.925+0000] {processor.py:183} INFO - Processing /opt/airflow/dags/sus_pipeline.py took 1.542 seconds
[2026-04-29T16:08:30.994+0000] {processor.py:161} INFO - Started process (PID=8241) to work on /opt/airflow/dags/sus_pipeline.py
[2026-04-29T16:08:30.996+0000] {processor.py:830} INFO - Processing file /opt/airflow/dags/sus_pipeline.py for tasks to queue
[2026-04-29T16:08:30.997+0000] {logging_mixin.py:188} INFO - [2026-04-29T16:08:30.997+0000] {dagbag.py:538} INFO - Filling up the DagBag from /opt/airflow/dags/sus_pipeline.py
[2026-04-29T16:08:32.615+0000] {processor.py:840} INFO - DAG(s) 'sus_pipeline' retrieved from /opt/airflow/dags/sus_pipeline.py
[2026-04-29T16:08:32.656+0000] {logging_mixin.py:188} INFO - [2026-04-29T16:08:32.655+0000] {dag.py:3036} INFO - Sync 1 DAGs
[2026-04-29T16:08:32.686+0000] {logging_mixin.py:188} INFO - [2026-04-29T16:08:32.686+0000] {dag.py:3823} INFO - Setting next_dagrun for sus_pipeline to 2026-04-01 00:00:00+00:00, run_after=2026-05-01 00:00:00+00:00
[2026-04-29T16:08:32.719+0000] {processor.py:183} INFO - Processing /opt/airflow/dags/sus_pipeline.py took 1.734 seconds
[2026-04-29T16:09:03.235+0000] {processor.py:161} INFO - Started process (PID=8351) to work on /opt/airflow/dags/sus_pipeline.py
[2026-04-29T16:09:03.237+0000] {processor.py:830} INFO - Processing file /opt/airflow/dags/sus_pipeline.py for tasks to queue
[2026-04-29T16:09:03.239+0000] {logging_mixin.py:188} INFO - [2026-04-29T16:09:03.238+0000] {dagbag.py:538} INFO - Filling up the DagBag from /opt/airflow/dags/sus_pipeline.py
[2026-04-29T16:09:06.101+0000] {processor.py:840} INFO - DAG(s) 'sus_pipeline' retrieved from /opt/airflow/dags/sus_pipeline.py
[2026-04-29T16:09:06.141+0000] {logging_mixin.py:188} INFO - [2026-04-29T16:09:06.141+0000] {dag.py:3036} INFO - Sync 1 DAGs
[2026-04-29T16:09:06.173+0000] {logging_mixin.py:188} INFO - [2026-04-29T16:09:06.173+0000] {dag.py:3823} INFO - Setting next_dagrun for sus_pipeline to 2026-04-01 00:00:00+00:00, run_after=2026-05-01 00:00:00+00:00
[2026-04-29T16:09:06.206+0000] {processor.py:183} INFO - Processing /opt/airflow/dags/sus_pipeline.py took 3.001 seconds
[2026-04-29T16:09:36.477+0000] {processor.py:161} INFO - Started process (PID=8359) to work on /opt/airflow/dags/sus_pipeline.py
[2026-04-29T16:09:36.478+0000] {processor.py:830} INFO - Processing file /opt/airflow/dags/sus_pipeline.py for tasks to queue
[2026-04-29T16:09:36.478+0000] {logging_mixin.py:188} INFO - [2026-04-29T16:09:36.478+0000] {dagbag.py:538} INFO - Filling up the DagBag from /opt/airflow/dags/sus_pipeline.py
[2026-04-29T16:09:38.154+0000] {processor.py:840} INFO - DAG(s) 'sus_pipeline' retrieved from /opt/airflow/dags/sus_pipeline.py
[2026-04-29T16:09:38.175+0000] {logging_mixin.py:188} INFO - [2026-04-29T16:09:38.174+0000] {dag.py:3036} INFO - Sync 1 DAGs
[2026-04-29T16:09:38.195+0000] {logging_mixin.py:188} INFO - [2026-04-29T16:09:38.194+0000] {dag.py:3823} INFO - Setting next_dagrun for sus_pipeline to 2026-04-01 00:00:00+00:00, run_after=2026-05-01 00:00:00+00:00
[2026-04-29T16:09:38.213+0000] {processor.py:183} INFO - Processing /opt/airflow/dags/sus_pipeline.py took 1.740 seconds
[2026-04-29T16:10:08.638+0000] {processor.py:161} INFO - Started process (PID=8367) to work on /opt/airflow/dags/sus_pipeline.py
[2026-04-29T16:10:08.640+0000] {processor.py:830} INFO - Processing file /opt/airflow/dags/sus_pipeline.py for tasks to queue
[2026-04-29T16:10:08.641+0000] {logging_mixin.py:188} INFO - [2026-04-29T16:10:08.640+0000] {dagbag.py:538} INFO - Filling up the DagBag from /opt/airflow/dags/sus_pipeline.py
[2026-04-29T16:10:09.980+0000] {processor.py:840} INFO - DAG(s) 'sus_pipeline' retrieved from /opt/airflow/dags/sus_pipeline.py
[2026-04-29T16:10:09.997+0000] {logging_mixin.py:188} INFO - [2026-04-29T16:10:09.997+0000] {dag.py:3036} INFO - Sync 1 DAGs
[2026-04-29T16:10:10.011+0000] {logging_mixin.py:188} INFO - [2026-04-29T16:10:10.011+0000] {dag.py:3823} INFO - Setting next_dagrun for sus_pipeline to 2026-04-01 00:00:00+00:00, run_after=2026-05-01 00:00:00+00:00
[2026-04-29T16:10:10.031+0000] {processor.py:183} INFO - Processing /opt/airflow/dags/sus_pipeline.py took 1.397 seconds
[2026-04-29T16:10:40.331+0000] {processor.py:161} INFO - Started process (PID=8375) to work on /opt/airflow/dags/sus_pipeline.py
[2026-04-29T16:10:40.333+0000] {processor.py:830} INFO - Processing file /opt/airflow/dags/sus_pipeline.py for tasks to queue
[2026-04-29T16:10:40.335+0000] {logging_mixin.py:188} INFO - [2026-04-29T16:10:40.334+0000] {dagbag.py:538} INFO - Filling up the DagBag from /opt/airflow/dags/sus_pipeline.py
[2026-04-29T16:10:41.970+0000] {processor.py:840} INFO - DAG(s) 'sus_pipeline' retrieved from /opt/airflow/dags/sus_pipeline.py
[2026-04-29T16:10:41.993+0000] {logging_mixin.py:188} INFO - [2026-04-29T16:10:41.993+0000] {dag.py:3036} INFO - Sync 1 DAGs
[2026-04-29T16:10:42.016+0000] {logging_mixin.py:188} INFO - [2026-04-29T16:10:42.016+0000] {dag.py:3823} INFO - Setting next_dagrun for sus_pipeline to 2026-04-01 00:00:00+00:00, run_after=2026-05-01 00:00:00+00:00
[2026-04-29T16:10:42.039+0000] {processor.py:183} INFO - Processing /opt/airflow/dags/sus_pipeline.py took 1.715 seconds
[2026-04-29T16:11:12.524+0000] {processor.py:161} INFO - Started process (PID=8383) to work on /opt/airflow/dags/sus_pipeline.py
[2026-04-29T16:11:12.525+0000] {processor.py:830} INFO - Processing file /opt/airflow/dags/sus_pipeline.py for tasks to queue
[2026-04-29T16:11:12.526+0000] {logging_mixin.py:188} INFO - [2026-04-29T16:11:12.526+0000] {dagbag.py:538} INFO - Filling up the DagBag from /opt/airflow/dags/sus_pipeline.py
[2026-04-29T16:11:13.962+0000] {processor.py:840} INFO - DAG(s) 'sus_pipeline' retrieved from /opt/airflow/dags/sus_pipeline.py
[2026-04-29T16:11:13.978+0000] {logging_mixin.py:188} INFO - [2026-04-29T16:11:13.978+0000] {dag.py:3036} INFO - Sync 1 DAGs
[2026-04-29T16:11:13.997+0000] {logging_mixin.py:188} INFO - [2026-04-29T16:11:13.997+0000] {dag.py:3823} INFO - Setting next_dagrun for sus_pipeline to 2026-04-01 00:00:00+00:00, run_after=2026-05-01 00:00:00+00:00
[2026-04-29T16:11:14.013+0000] {processor.py:183} INFO - Processing /opt/airflow/dags/sus_pipeline.py took 1.492 seconds
[2026-04-29T16:11:44.401+0000] {processor.py:161} INFO - Started process (PID=8391) to work on /opt/airflow/dags/sus_pipeline.py
[2026-04-29T16:11:44.402+0000] {processor.py:830} INFO - Processing file /opt/airflow/dags/sus_pipeline.py for tasks to queue
[2026-04-29T16:11:44.403+0000] {logging_mixin.py:188} INFO - [2026-04-29T16:11:44.403+0000] {dagbag.py:538} INFO - Filling up the DagBag from /opt/airflow/dags/sus_pipeline.py
[2026-04-29T16:11:45.687+0000] {processor.py:840} INFO - DAG(s) 'sus_pipeline' retrieved from /opt/airflow/dags/sus_pipeline.py
[2026-04-29T16:11:45.707+0000] {logging_mixin.py:188} INFO - [2026-04-29T16:11:45.707+0000] {dag.py:3036} INFO - Sync 1 DAGs
[2026-04-29T16:11:45.724+0000] {logging_mixin.py:188} INFO - [2026-04-29T16:11:45.724+0000] {dag.py:3823} INFO - Setting next_dagrun for sus_pipeline to 2026-04-01 00:00:00+00:00, run_after=2026-05-01 00:00:00+00:00
[2026-04-29T16:11:45.741+0000] {processor.py:183} INFO - Processing /opt/airflow/dags/sus_pipeline.py took 1.346 seconds
[2026-04-29T16:12:15.955+0000] {processor.py:161} INFO - Started process (PID=8399) to work on /opt/airflow/dags/sus_pipeline.py
[2026-04-29T16:12:15.955+0000] {processor.py:830} INFO - Processing file /opt/airflow/dags/sus_pipeline.py for tasks to queue
[2026-04-29T16:12:15.956+0000] {logging_mixin.py:188} INFO - [2026-04-29T16:12:15.956+0000] {dagbag.py:538} INFO - Filling up the DagBag from /opt/airflow/dags/sus_pipeline.py
[2026-04-29T16:12:17.341+0000] {processor.py:840} INFO - DAG(s) 'sus_pipeline' retrieved from /opt/airflow/dags/sus_pipeline.py
[2026-04-29T16:12:17.358+0000] {logging_mixin.py:188} INFO - [2026-04-29T16:12:17.357+0000] {dag.py:3036} INFO - Sync 1 DAGs
[2026-04-29T16:12:17.376+0000] {logging_mixin.py:188} INFO - [2026-04-29T16:12:17.375+0000] {dag.py:3823} INFO - Setting next_dagrun for sus_pipeline to 2026-04-01 00:00:00+00:00, run_after=2026-05-01 00:00:00+00:00
[2026-04-29T16:12:17.413+0000] {processor.py:183} INFO - Processing /opt/airflow/dags/sus_pipeline.py took 1.461 seconds
[2026-04-29T16:12:47.666+0000] {processor.py:161} INFO - Started process (PID=8407) to work on /opt/airflow/dags/sus_pipeline.py
[2026-04-29T16:12:47.667+0000] {processor.py:830} INFO - Processing file /opt/airflow/dags/sus_pipeline.py for tasks to queue
[2026-04-29T16:12:47.669+0000] {logging_mixin.py:188} INFO - [2026-04-29T16:12:47.668+0000] {dagbag.py:538} INFO - Filling up the DagBag from /opt/airflow/dags/sus_pipeline.py
[2026-04-29T16:12:49.060+0000] {processor.py:840} INFO - DAG(s) 'sus_pipeline' retrieved from /opt/airflow/dags/sus_pipeline.py
[2026-04-29T16:12:49.081+0000] {logging_mixin.py:188} INFO - [2026-04-29T16:12:49.080+0000] {dag.py:3036} INFO - Sync 1 DAGs
[2026-04-29T16:12:49.097+0000] {logging_mixin.py:188} INFO - [2026-04-29T16:12:49.097+0000] {dag.py:3823} INFO - Setting next_dagrun for sus_pipeline to 2026-04-01 00:00:00+00:00, run_after=2026-05-01 00:00:00+00:00
[2026-04-29T16:12:49.113+0000] {processor.py:183} INFO - Processing /opt/airflow/dags/sus_pipeline.py took 1.452 seconds
[2026-04-29T16:13:19.290+0000] {processor.py:161} INFO - Started process (PID=8415) to work on /opt/airflow/dags/sus_pipeline.py
[2026-04-29T16:13:19.292+0000] {processor.py:830} INFO - Processing file /opt/airflow/dags/sus_pipeline.py for tasks to queue
[2026-04-29T16:13:19.294+0000] {logging_mixin.py:188} INFO - [2026-04-29T16:13:19.294+0000] {dagbag.py:538} INFO - Filling up the DagBag from /opt/airflow/dags/sus_pipeline.py
[2026-04-29T16:13:22.900+0000] {processor.py:840} INFO - DAG(s) 'sus_pipeline' retrieved from /opt/airflow/dags/sus_pipeline.py
[2026-04-29T16:13:22.987+0000] {logging_mixin.py:188} INFO - [2026-04-29T16:13:22.985+0000] {dag.py:3036} INFO - Sync 1 DAGs
[2026-04-29T16:13:23.049+0000] {logging_mixin.py:188} INFO - [2026-04-29T16:13:23.049+0000] {dag.py:3823} INFO - Setting next_dagrun for sus_pipeline to 2026-04-01 00:00:00+00:00, run_after=2026-05-01 00:00:00+00:00
[2026-04-29T16:13:23.095+0000] {processor.py:183} INFO - Processing /opt/airflow/dags/sus_pipeline.py took 3.811 seconds
[2026-04-29T16:13:53.645+0000] {processor.py:161} INFO - Started process (PID=8423) to work on /opt/airflow/dags/sus_pipeline.py
[2026-04-29T16:13:53.649+0000] {processor.py:830} INFO - Processing file /opt/airflow/dags/sus_pipeline.py for tasks to queue
[2026-04-29T16:13:53.650+0000] {logging_mixin.py:188} INFO - [2026-04-29T16:13:53.650+0000] {dagbag.py:538} INFO - Filling up the DagBag from /opt/airflow/dags/sus_pipeline.py
[2026-04-29T16:13:57.654+0000] {processor.py:840} INFO - DAG(s) 'sus_pipeline' retrieved from /opt/airflow/dags/sus_pipeline.py
[2026-04-29T16:13:57.715+0000] {logging_mixin.py:188} INFO - [2026-04-29T16:13:57.715+0000] {dag.py:3036} INFO - Sync 1 DAGs
[2026-04-29T16:13:57.760+0000] {logging_mixin.py:188} INFO - [2026-04-29T16:13:57.760+0000] {dag.py:3823} INFO - Setting next_dagrun for sus_pipeline to 2026-04-01 00:00:00+00:00, run_after=2026-05-01 00:00:00+00:00
[2026-04-29T16:13:57.791+0000] {processor.py:183} INFO - Processing /opt/airflow/dags/sus_pipeline.py took 4.154 seconds
[2026-04-29T16:14:28.276+0000] {processor.py:161} INFO - Started process (PID=8431) to work on /opt/airflow/dags/sus_pipeline.py
[2026-04-29T16:14:28.280+0000] {processor.py:830} INFO - Processing file /opt/airflow/dags/sus_pipeline.py for tasks to queue
[2026-04-29T16:14:28.283+0000] {logging_mixin.py:188} INFO - [2026-04-29T16:14:28.282+0000] {dagbag.py:538} INFO - Filling up the DagBag from /opt/airflow/dags/sus_pipeline.py
[2026-04-29T16:14:31.716+0000] {processor.py:840} INFO - DAG(s) 'sus_pipeline' retrieved from /opt/airflow/dags/sus_pipeline.py
[2026-04-29T16:14:31.856+0000] {logging_mixin.py:188} INFO - [2026-04-29T16:14:31.855+0000] {dag.py:3036} INFO - Sync 1 DAGs
[2026-04-29T16:14:31.944+0000] {logging_mixin.py:188} INFO - [2026-04-29T16:14:31.943+0000] {dag.py:3823} INFO - Setting next_dagrun for sus_pipeline to 2026-04-01 00:00:00+00:00, run_after=2026-05-01 00:00:00+00:00
[2026-04-29T16:14:32.029+0000] {processor.py:183} INFO - Processing /opt/airflow/dags/sus_pipeline.py took 3.788 seconds
[2026-04-29T16:15:02.966+0000] {processor.py:161} INFO - Started process (PID=8439) to work on /opt/airflow/dags/sus_pipeline.py
[2026-04-29T16:15:02.997+0000] {processor.py:830} INFO - Processing file /opt/airflow/dags/sus_pipeline.py for tasks to queue
[2026-04-29T16:15:03.012+0000] {logging_mixin.py:188} INFO - [2026-04-29T16:15:03.006+0000] {dagbag.py:538} INFO - Filling up the DagBag from /opt/airflow/dags/sus_pipeline.py
[2026-04-29T16:15:09.002+0000] {processor.py:840} INFO - DAG(s) 'sus_pipeline' retrieved from /opt/airflow/dags/sus_pipeline.py
[2026-04-29T16:15:09.099+0000] {logging_mixin.py:188} INFO - [2026-04-29T16:15:09.098+0000] {dag.py:3036} INFO - Sync 1 DAGs
[2026-04-29T16:15:09.193+0000] {logging_mixin.py:188} INFO - [2026-04-29T16:15:09.192+0000] {dag.py:3823} INFO - Setting next_dagrun for sus_pipeline to 2026-04-01 00:00:00+00:00, run_after=2026-05-01 00:00:00+00:00
[2026-04-29T16:15:09.236+0000] {processor.py:183} INFO - Processing /opt/airflow/dags/sus_pipeline.py took 6.344 seconds
[2026-04-29T16:15:39.808+0000] {processor.py:161} INFO - Started process (PID=8447) to work on /opt/airflow/dags/sus_pipeline.py
[2026-04-29T16:15:39.820+0000] {processor.py:830} INFO - Processing file /opt/airflow/dags/sus_pipeline.py for tasks to queue
[2026-04-29T16:15:39.824+0000] {logging_mixin.py:188} INFO - [2026-04-29T16:15:39.822+0000] {dagbag.py:538} INFO - Filling up the DagBag from /opt/airflow/dags/sus_pipeline.py
[2026-04-29T16:15:44.766+0000] {processor.py:840} INFO - DAG(s) 'sus_pipeline' retrieved from /opt/airflow/dags/sus_pipeline.py
[2026-04-29T16:15:44.956+0000] {logging_mixin.py:188} INFO - [2026-04-29T16:15:44.954+0000] {dag.py:3036} INFO - Sync 1 DAGs
[2026-04-29T16:15:45.096+0000] {logging_mixin.py:188} INFO - [2026-04-29T16:15:45.095+0000] {dag.py:3823} INFO - Setting next_dagrun for sus_pipeline to 2026-04-01 00:00:00+00:00, run_after=2026-05-01 00:00:00+00:00
[2026-04-29T16:15:45.221+0000] {processor.py:183} INFO - Processing /opt/airflow/dags/sus_pipeline.py took 5.423 seconds
[2026-04-29T16:16:15.520+0000] {processor.py:161} INFO - Started process (PID=8455) to work on /opt/airflow/dags/sus_pipeline.py
[2026-04-29T16:16:15.541+0000] {processor.py:830} INFO - Processing file /opt/airflow/dags/sus_pipeline.py for tasks to queue
[2026-04-29T16:16:15.548+0000] {logging_mixin.py:188} INFO - [2026-04-29T16:16:15.546+0000] {dagbag.py:538} INFO - Filling up the DagBag from /opt/airflow/dags/sus_pipeline.py
[2026-04-29T16:16:18.085+0000] {processor.py:840} INFO - DAG(s) 'sus_pipeline' retrieved from /opt/airflow/dags/sus_pipeline.py
[2026-04-29T16:16:18.133+0000] {logging_mixin.py:188} INFO - [2026-04-29T16:16:18.133+0000] {dag.py:3036} INFO - Sync 1 DAGs
[2026-04-29T16:16:18.184+0000] {logging_mixin.py:188} INFO - [2026-04-29T16:16:18.183+0000] {dag.py:3823} INFO - Setting next_dagrun for sus_pipeline to 2026-04-01 00:00:00+00:00, run_after=2026-05-01 00:00:00+00:00
[2026-04-29T16:16:18.208+0000] {processor.py:183} INFO - Processing /opt/airflow/dags/sus_pipeline.py took 2.695 seconds
[2026-04-29T16:16:48.637+0000] {processor.py:161} INFO - Started process (PID=8463) to work on /opt/airflow/dags/sus_pipeline.py
[2026-04-29T16:16:48.645+0000] {processor.py:830} INFO - Processing file /opt/airflow/dags/sus_pipeline.py for tasks to queue
[2026-04-29T16:16:48.652+0000] {logging_mixin.py:188} INFO - [2026-04-29T16:16:48.650+0000] {dagbag.py:538} INFO - Filling up the DagBag from /opt/airflow/dags/sus_pipeline.py
[2026-04-29T16:16:51.827+0000] {processor.py:840} INFO - DAG(s) 'sus_pipeline' retrieved from /opt/airflow/dags/sus_pipeline.py
[2026-04-29T16:16:51.894+0000] {logging_mixin.py:188} INFO - [2026-04-29T16:16:51.893+0000] {dag.py:3036} INFO - Sync 1 DAGs
[2026-04-29T16:16:51.940+0000] {logging_mixin.py:188} INFO - [2026-04-29T16:16:51.940+0000] {dag.py:3823} INFO - Setting next_dagrun for sus_pipeline to 2026-04-01 00:00:00+00:00, run_after=2026-05-01 00:00:00+00:00
[2026-04-29T16:16:51.957+0000] {processor.py:183} INFO - Processing /opt/airflow/dags/sus_pipeline.py took 3.338 seconds
[2026-04-29T16:17:22.236+0000] {processor.py:161} INFO - Started process (PID=8471) to work on /opt/airflow/dags/sus_pipeline.py
[2026-04-29T16:17:22.241+0000] {processor.py:830} INFO - Processing file /opt/airflow/dags/sus_pipeline.py for tasks to queue
[2026-04-29T16:17:22.244+0000] {logging_mixin.py:188} INFO - [2026-04-29T16:17:22.242+0000] {dagbag.py:538} INFO - Filling up the DagBag from /opt/airflow/dags/sus_pipeline.py
[2026-04-29T16:17:26.233+0000] {processor.py:840} INFO - DAG(s) 'sus_pipeline' retrieved from /opt/airflow/dags/sus_pipeline.py
[2026-04-29T16:17:26.280+0000] {logging_mixin.py:188} INFO - [2026-04-29T16:17:26.279+0000] {dag.py:3036} INFO - Sync 1 DAGs
[2026-04-29T16:17:26.366+0000] {logging_mixin.py:188} INFO - [2026-04-29T16:17:26.365+0000] {dag.py:3823} INFO - Setting next_dagrun for sus_pipeline to 2026-04-01 00:00:00+00:00, run_after=2026-05-01 00:00:00+00:00
[2026-04-29T16:17:26.410+0000] {processor.py:183} INFO - Processing /opt/airflow/dags/sus_pipeline.py took 4.186 seconds
[2026-04-29T16:17:56.688+0000] {processor.py:161} INFO - Started process (PID=8479) to work on /opt/airflow/dags/sus_pipeline.py
[2026-04-29T16:17:56.689+0000] {processor.py:830} INFO - Processing file /opt/airflow/dags/sus_pipeline.py for tasks to queue
[2026-04-29T16:17:56.689+0000] {logging_mixin.py:188} INFO - [2026-04-29T16:17:56.689+0000] {dagbag.py:538} INFO - Filling up the DagBag from /opt/airflow/dags/sus_pipeline.py
[2026-04-29T16:17:58.171+0000] {processor.py:840} INFO - DAG(s) 'sus_pipeline' retrieved from /opt/airflow/dags/sus_pipeline.py
[2026-04-29T16:17:58.199+0000] {logging_mixin.py:188} INFO - [2026-04-29T16:17:58.198+0000] {dag.py:3036} INFO - Sync 1 DAGs
[2026-04-29T16:17:58.218+0000] {logging_mixin.py:188} INFO - [2026-04-29T16:17:58.218+0000] {dag.py:3823} INFO - Setting next_dagrun for sus_pipeline to 2026-04-01 00:00:00+00:00, run_after=2026-05-01 00:00:00+00:00
[2026-04-29T16:17:58.238+0000] {processor.py:183} INFO - Processing /opt/airflow/dags/sus_pipeline.py took 1.554 seconds
[2026-04-29T16:18:28.371+0000] {processor.py:161} INFO - Started process (PID=8487) to work on /opt/airflow/dags/sus_pipeline.py
[2026-04-29T16:18:28.373+0000] {processor.py:830} INFO - Processing file /opt/airflow/dags/sus_pipeline.py for tasks to queue
[2026-04-29T16:18:28.374+0000] {logging_mixin.py:188} INFO - [2026-04-29T16:18:28.374+0000] {dagbag.py:538} INFO - Filling up the DagBag from /opt/airflow/dags/sus_pipeline.py
[2026-04-29T16:18:30.026+0000] {processor.py:840} INFO - DAG(s) 'sus_pipeline' retrieved from /opt/airflow/dags/sus_pipeline.py
[2026-04-29T16:18:30.066+0000] {logging_mixin.py:188} INFO - [2026-04-29T16:18:30.065+0000] {dag.py:3036} INFO - Sync 1 DAGs
[2026-04-29T16:18:30.102+0000] {logging_mixin.py:188} INFO - [2026-04-29T16:18:30.102+0000] {dag.py:3823} INFO - Setting next_dagrun for sus_pipeline to 2026-04-01 00:00:00+00:00, run_after=2026-05-01 00:00:00+00:00
[2026-04-29T16:18:30.126+0000] {processor.py:183} INFO - Processing /opt/airflow/dags/sus_pipeline.py took 1.759 seconds
[2026-04-29T16:19:00.715+0000] {processor.py:161} INFO - Started process (PID=8495) to work on /opt/airflow/dags/sus_pipeline.py
[2026-04-29T16:19:00.716+0000] {processor.py:830} INFO - Processing file /opt/airflow/dags/sus_pipeline.py for tasks to queue
[2026-04-29T16:19:00.717+0000] {logging_mixin.py:188} INFO - [2026-04-29T16:19:00.717+0000] {dagbag.py:538} INFO - Filling up the DagBag from /opt/airflow/dags/sus_pipeline.py
[2026-04-29T16:19:02.456+0000] {processor.py:840} INFO - DAG(s) 'sus_pipeline' retrieved from /opt/airflow/dags/sus_pipeline.py
[2026-04-29T16:19:02.485+0000] {logging_mixin.py:188} INFO - [2026-04-29T16:19:02.485+0000] {dag.py:3036} INFO - Sync 1 DAGs
[2026-04-29T16:19:02.502+0000] {logging_mixin.py:188} INFO - [2026-04-29T16:19:02.502+0000] {dag.py:3823} INFO - Setting next_dagrun for sus_pipeline to 2026-04-01 00:00:00+00:00, run_after=2026-05-01 00:00:00+00:00
[2026-04-29T16:19:02.516+0000] {processor.py:183} INFO - Processing /opt/airflow/dags/sus_pipeline.py took 1.805 seconds
[2026-04-29T16:19:35.347+0000] {processor.py:161} INFO - Started process (PID=8503) to work on /opt/airflow/dags/sus_pipeline.py
[2026-04-29T16:19:35.348+0000] {processor.py:830} INFO - Processing file /opt/airflow/dags/sus_pipeline.py for tasks to queue
[2026-04-29T16:19:35.349+0000] {logging_mixin.py:188} INFO - [2026-04-29T16:19:35.349+0000] {dagbag.py:538} INFO - Filling up the DagBag from /opt/airflow/dags/sus_pipeline.py
[2026-04-29T16:19:37.146+0000] {processor.py:840} INFO - DAG(s) 'sus_pipeline' retrieved from /opt/airflow/dags/sus_pipeline.py
[2026-04-29T16:19:37.172+0000] {logging_mixin.py:188} INFO - [2026-04-29T16:19:37.172+0000] {dag.py:3036} INFO - Sync 1 DAGs
[2026-04-29T16:19:37.202+0000] {logging_mixin.py:188} INFO - [2026-04-29T16:19:37.202+0000] {dag.py:3823} INFO - Setting next_dagrun for sus_pipeline to 2026-04-01 00:00:00+00:00, run_after=2026-05-01 00:00:00+00:00
[2026-04-29T16:19:37.224+0000] {processor.py:183} INFO - Processing /opt/airflow/dags/sus_pipeline.py took 1.881 seconds
[2026-04-29T16:20:07.424+0000] {processor.py:161} INFO - Started process (PID=8511) to work on /opt/airflow/dags/sus_pipeline.py
[2026-04-29T16:20:07.426+0000] {processor.py:830} INFO - Processing file /opt/airflow/dags/sus_pipeline.py for tasks to queue
[2026-04-29T16:20:07.426+0000] {logging_mixin.py:188} INFO - [2026-04-29T16:20:07.426+0000] {dagbag.py:538} INFO - Filling up the DagBag from /opt/airflow/dags/sus_pipeline.py
[2026-04-29T16:20:11.099+0000] {processor.py:840} INFO - DAG(s) 'sus_pipeline' retrieved from /opt/airflow/dags/sus_pipeline.py
[2026-04-29T16:20:11.128+0000] {logging_mixin.py:188} INFO - [2026-04-29T16:20:11.127+0000] {dag.py:3036} INFO - Sync 1 DAGs
[2026-04-29T16:20:11.149+0000] {logging_mixin.py:188} INFO - [2026-04-29T16:20:11.149+0000] {dag.py:3823} INFO - Setting next_dagrun for sus_pipeline to 2026-04-01 00:00:00+00:00, run_after=2026-05-01 00:00:00+00:00
[2026-04-29T16:20:11.166+0000] {processor.py:183} INFO - Processing /opt/airflow/dags/sus_pipeline.py took 1.456 seconds
[2026-04-29T16:20:41.375+0000] {processor.py:161} INFO - Started process (PID=8519) to work on /opt/airflow/dags/sus_pipeline.py
[2026-04-29T16:20:41.378+0000] {processor.py:830} INFO - Processing file /opt/airflow/dags/sus_pipeline.py for tasks to queue
[2026-04-29T16:20:41.380+0000] {logging_mixin.py:188} INFO - [2026-04-29T16:20:41.379+0000] {dagbag.py:538} INFO - Filling up the DagBag from /opt/airflow/dags/sus_pipeline.py
[2026-04-29T16:20:45.052+0000] {processor.py:840} INFO - DAG(s) 'sus_pipeline' retrieved from /opt/airflow/dags/sus_pipeline.py
[2026-04-29T16:20:45.085+0000] {logging_mixin.py:188} INFO - [2026-04-29T16:20:45.085+0000] {dag.py:3036} INFO - Sync 1 DAGs
[2026-04-29T16:20:45.105+0000] {logging_mixin.py:188} INFO - [2026-04-29T16:20:45.104+0000] {dag.py:3823} INFO - Setting next_dagrun for sus_pipeline to 2026-04-01 00:00:00+00:00, run_after=2026-05-01 00:00:00+00:00
[2026-04-29T16:20:45.120+0000] {processor.py:183} INFO - Processing /opt/airflow/dags/sus_pipeline.py took 1.424 seconds
[2026-04-29T16:21:15.295+0000] {processor.py:161} INFO - Started process (PID=8527) to work on /opt/airflow/dags/sus_pipeline.py
[2026-04-29T16:21:15.296+0000] {processor.py:830} INFO - Processing file /opt/airflow/dags/sus_pipeline.py for tasks to queue
[2026-04-29T16:21:15.297+0000] {logging_mixin.py:188} INFO - [2026-04-29T16:21:15.297+0000] {dagbag.py:538} INFO - Filling up the DagBag from /opt/airflow/dags/sus_pipeline.py
[2026-04-29T16:21:19.160+0000] {processor.py:840} INFO - DAG(s) 'sus_pipeline' retrieved from /opt/airflow/dags/sus_pipeline.py
[2026-04-29T16:21:19.178+0000] {logging_mixin.py:188} INFO - [2026-04-29T16:21:19.178+0000] {dag.py:3036} INFO - Sync 1 DAGs
[2026-04-29T16:21:19.192+0000] {logging_mixin.py:188} INFO - [2026-04-29T16:21:19.192+0000] {dag.py:3823} INFO - Setting next_dagrun for sus_pipeline to 2026-04-01 00:00:00+00:00, run_after=2026-05-01 00:00:00+00:00
[2026-04-29T16:21:19.210+0000] {processor.py:183} INFO - Processing /opt/airflow/dags/sus_pipeline.py took 1.516 seconds
[2026-04-29T16:21:49.403+0000] {processor.py:161} INFO - Started process (PID=8535) to work on /opt/airflow/dags/sus_pipeline.py
[2026-04-29T16:21:49.404+0000] {processor.py:830} INFO - Processing file /opt/airflow/dags/sus_pipeline.py for tasks to queue
[2026-04-29T16:21:49.404+0000] {logging_mixin.py:188} INFO - [2026-04-29T16:21:49.404+0000] {dagbag.py:538} INFO - Filling up the DagBag from /opt/airflow/dags/sus_pipeline.py
[2026-04-29T16:21:53.642+0000] {processor.py:840} INFO - DAG(s) 'sus_pipeline' retrieved from /opt/airflow/dags/sus_pipeline.py
[2026-04-29T16:21:53.697+0000] {logging_mixin.py:188} INFO - [2026-04-29T16:21:53.696+0000] {dag.py:3036} INFO - Sync 1 DAGs
[2026-04-29T16:21:53.722+0000] {logging_mixin.py:188} INFO - [2026-04-29T16:21:53.722+0000] {dag.py:3823} INFO - Setting next_dagrun for sus_pipeline to 2026-04-01 00:00:00+00:00, run_after=2026-05-01 00:00:00+00:00
[2026-04-29T16:21:53.751+0000] {processor.py:183} INFO - Processing /opt/airflow/dags/sus_pipeline.py took 2.275 seconds
[2026-04-29T16:22:23.943+0000] {processor.py:161} INFO - Started process (PID=8543) to work on /opt/airflow/dags/sus_pipeline.py
[2026-04-29T16:22:23.944+0000] {processor.py:830} INFO - Processing file /opt/airflow/dags/sus_pipeline.py for tasks to queue
[2026-04-29T16:22:23.944+0000] {logging_mixin.py:188} INFO - [2026-04-29T16:22:23.944+0000] {dagbag.py:538} INFO - Filling up the DagBag from /opt/airflow/dags/sus_pipeline.py
[2026-04-29T16:22:25.561+0000] {processor.py:840} INFO - DAG(s) 'sus_pipeline' retrieved from /opt/airflow/dags/sus_pipeline.py
[2026-04-29T16:22:27.905+0000] {logging_mixin.py:188} INFO - [2026-04-29T16:22:27.904+0000] {dag.py:3036} INFO - Sync 1 DAGs
[2026-04-29T16:22:27.963+0000] {logging_mixin.py:188} INFO - [2026-04-29T16:22:27.963+0000] {dag.py:3823} INFO - Setting next_dagrun for sus_pipeline to 2026-04-01 00:00:00+00:00, run_after=2026-05-01 00:00:00+00:00
[2026-04-29T16:22:28.006+0000] {processor.py:183} INFO - Processing /opt/airflow/dags/sus_pipeline.py took 1.795 seconds
[2026-04-29T16:22:58.118+0000] {processor.py:161} INFO - Started process (PID=8551) to work on /opt/airflow/dags/sus_pipeline.py
[2026-04-29T16:22:58.119+0000] {processor.py:830} INFO - Processing file /opt/airflow/dags/sus_pipeline.py for tasks to queue
[2026-04-29T16:22:58.121+0000] {logging_mixin.py:188} INFO - [2026-04-29T16:22:58.120+0000] {dagbag.py:538} INFO - Filling up the DagBag from /opt/airflow/dags/sus_pipeline.py
[2026-04-29T16:22:59.609+0000] {processor.py:840} INFO - DAG(s) 'sus_pipeline' retrieved from /opt/airflow/dags/sus_pipeline.py
[2026-04-29T16:22:59.635+0000] {logging_mixin.py:188} INFO - [2026-04-29T16:22:59.634+0000] {dag.py:3036} INFO - Sync 1 DAGs
[2026-04-29T16:22:59.651+0000] {logging_mixin.py:188} INFO - [2026-04-29T16:22:59.651+0000] {dag.py:3823} INFO - Setting next_dagrun for sus_pipeline to 2026-04-01 00:00:00+00:00, run_after=2026-05-01 00:00:00+00:00
[2026-04-29T16:22:59.664+0000] {processor.py:183} INFO - Processing /opt/airflow/dags/sus_pipeline.py took 1.550 seconds
[2026-04-29T16:23:30.179+0000] {processor.py:161} INFO - Started process (PID=8559) to work on /opt/airflow/dags/sus_pipeline.py
[2026-04-29T16:23:30.181+0000] {processor.py:830} INFO - Processing file /opt/airflow/dags/sus_pipeline.py for tasks to queue
[2026-04-29T16:23:30.184+0000] {logging_mixin.py:188} INFO - [2026-04-29T16:23:30.182+0000] {dagbag.py:538} INFO - Filling up the DagBag from /opt/airflow/dags/sus_pipeline.py
[2026-04-29T16:23:31.608+0000] {processor.py:840} INFO - DAG(s) 'sus_pipeline' retrieved from /opt/airflow/dags/sus_pipeline.py
[2026-04-29T16:23:31.629+0000] {logging_mixin.py:188} INFO - [2026-04-29T16:23:31.628+0000] {dag.py:3036} INFO - Sync 1 DAGs
[2026-04-29T16:23:31.648+0000] {logging_mixin.py:188} INFO - [2026-04-29T16:23:31.647+0000] {dag.py:3823} INFO - Setting next_dagrun for sus_pipeline to 2026-04-01 00:00:00+00:00, run_after=2026-05-01 00:00:00+00:00
[2026-04-29T16:23:31.666+0000] {processor.py:183} INFO - Processing /opt/airflow/dags/sus_pipeline.py took 1.496 seconds
[2026-04-29T16:24:02.112+0000] {processor.py:161} INFO - Started process (PID=8567) to work on /opt/airflow/dags/sus_pipeline.py
[2026-04-29T16:24:02.121+0000] {processor.py:830} INFO - Processing file /opt/airflow/dags/sus_pipeline.py for tasks to queue
[2026-04-29T16:24:02.122+0000] {logging_mixin.py:188} INFO - [2026-04-29T16:24:02.122+0000] {dagbag.py:538} INFO - Filling up the DagBag from /opt/airflow/dags/sus_pipeline.py
[2026-04-29T16:24:03.503+0000] {processor.py:840} INFO - DAG(s) 'sus_pipeline' retrieved from /opt/airflow/dags/sus_pipeline.py
[2026-04-29T16:24:03.523+0000] {logging_mixin.py:188} INFO - [2026-04-29T16:24:03.523+0000] {dag.py:3036} INFO - Sync 1 DAGs
[2026-04-29T16:24:03.538+0000] {logging_mixin.py:188} INFO - [2026-04-29T16:24:03.538+0000] {dag.py:3823} INFO - Setting next_dagrun for sus_pipeline to 2026-04-01 00:00:00+00:00, run_after=2026-05-01 00:00:00+00:00
[2026-04-29T16:24:03.556+0000] {processor.py:183} INFO - Processing /opt/airflow/dags/sus_pipeline.py took 1.450 seconds
[2026-04-29T16:24:34.042+0000] {processor.py:161} INFO - Started process (PID=8575) to work on /opt/airflow/dags/sus_pipeline.py
[2026-04-29T16:24:34.043+0000] {processor.py:830} INFO - Processing file /opt/airflow/dags/sus_pipeline.py for tasks to queue
[2026-04-29T16:24:34.044+0000] {logging_mixin.py:188} INFO - [2026-04-29T16:24:34.044+0000] {dagbag.py:538} INFO - Filling up the DagBag from /opt/airflow/dags/sus_pipeline.py
[2026-04-29T16:24:35.443+0000] {processor.py:840} INFO - DAG(s) 'sus_pipeline' retrieved from /opt/airflow/dags/sus_pipeline.py
[2026-04-29T16:24:35.463+0000] {logging_mixin.py:188} INFO - [2026-04-29T16:24:35.463+0000] {dag.py:3036} INFO - Sync 1 DAGs
[2026-04-29T16:24:35.482+0000] {logging_mixin.py:188} INFO - [2026-04-29T16:24:35.481+0000] {dag.py:3823} INFO - Setting next_dagrun for sus_pipeline to 2026-04-01 00:00:00+00:00, run_after=2026-05-01 00:00:00+00:00
[2026-04-29T16:24:35.505+0000] {processor.py:183} INFO - Processing /opt/airflow/dags/sus_pipeline.py took 1.470 seconds
[2026-04-29T16:25:05.960+0000] {processor.py:161} INFO - Started process (PID=8583) to work on /opt/airflow/dags/sus_pipeline.py
[2026-04-29T16:25:05.961+0000] {processor.py:830} INFO - Processing file /opt/airflow/dags/sus_pipeline.py for tasks to queue
[2026-04-29T16:25:05.964+0000] {logging_mixin.py:188} INFO - [2026-04-29T16:25:05.963+0000] {dagbag.py:538} INFO - Filling up the DagBag from /opt/airflow/dags/sus_pipeline.py
[2026-04-29T16:25:07.588+0000] {processor.py:840} INFO - DAG(s) 'sus_pipeline' retrieved from /opt/airflow/dags/sus_pipeline.py
[2026-04-29T16:25:07.609+0000] {logging_mixin.py:188} INFO - [2026-04-29T16:25:07.609+0000] {dag.py:3036} INFO - Sync 1 DAGs
[2026-04-29T16:25:07.632+0000] {logging_mixin.py:188} INFO - [2026-04-29T16:25:07.632+0000] {dag.py:3823} INFO - Setting next_dagrun for sus_pipeline to 2026-04-01 00:00:00+00:00, run_after=2026-05-01 00:00:00+00:00
[2026-04-29T16:25:07.652+0000] {processor.py:183} INFO - Processing /opt/airflow/dags/sus_pipeline.py took 1.698 seconds
[2026-04-29T16:25:37.918+0000] {processor.py:161} INFO - Started process (PID=8591) to work on /opt/airflow/dags/sus_pipeline.py
[2026-04-29T16:25:37.920+0000] {processor.py:830} INFO - Processing file /opt/airflow/dags/sus_pipeline.py for tasks to queue
[2026-04-29T16:25:37.921+0000] {logging_mixin.py:188} INFO - [2026-04-29T16:25:37.921+0000] {dagbag.py:538} INFO - Filling up the DagBag from /opt/airflow/dags/sus_pipeline.py
[2026-04-29T16:25:39.252+0000] {processor.py:840} INFO - DAG(s) 'sus_pipeline' retrieved from /opt/airflow/dags/sus_pipeline.py
[2026-04-29T16:25:39.276+0000] {logging_mixin.py:188} INFO - [2026-04-29T16:25:39.276+0000] {dag.py:3036} INFO - Sync 1 DAGs
[2026-04-29T16:25:39.296+0000] {logging_mixin.py:188} INFO - [2026-04-29T16:25:39.296+0000] {dag.py:3823} INFO - Setting next_dagrun for sus_pipeline to 2026-04-01 00:00:00+00:00, run_after=2026-05-01 00:00:00+00:00
[2026-04-29T16:25:39.316+0000] {processor.py:183} INFO - Processing /opt/airflow/dags/sus_pipeline.py took 1.404 seconds
[2026-04-29T16:26:11.711+0000] {processor.py:161} INFO - Started process (PID=8599) to work on /opt/airflow/dags/sus_pipeline.py
[2026-04-29T16:26:11.712+0000] {processor.py:830} INFO - Processing file /opt/airflow/dags/sus_pipeline.py for tasks to queue
[2026-04-29T16:26:11.712+0000] {logging_mixin.py:188} INFO - [2026-04-29T16:26:11.712+0000] {dagbag.py:538} INFO - Filling up the DagBag from /opt/airflow/dags/sus_pipeline.py
[2026-04-29T16:26:13.907+0000] {processor.py:840} INFO - DAG(s) 'sus_pipeline' retrieved from /opt/airflow/dags/sus_pipeline.py
[2026-04-29T16:26:13.932+0000] {logging_mixin.py:188} INFO - [2026-04-29T16:26:13.931+0000] {dag.py:3036} INFO - Sync 1 DAGs
[2026-04-29T16:26:13.947+0000] {logging_mixin.py:188} INFO - [2026-04-29T16:26:13.947+0000] {dag.py:3823} INFO - Setting next_dagrun for sus_pipeline to 2026-04-01 00:00:00+00:00, run_after=2026-05-01 00:00:00+00:00
[2026-04-29T16:26:13.968+0000] {processor.py:183} INFO - Processing /opt/airflow/dags/sus_pipeline.py took 2.261 seconds
[2026-04-29T16:26:46.445+0000] {processor.py:161} INFO - Started process (PID=8607) to work on /opt/airflow/dags/sus_pipeline.py
[2026-04-29T16:26:46.448+0000] {processor.py:830} INFO - Processing file /opt/airflow/dags/sus_pipeline.py for tasks to queue
[2026-04-29T16:26:46.450+0000] {logging_mixin.py:188} INFO - [2026-04-29T16:26:46.449+0000] {dagbag.py:538} INFO - Filling up the DagBag from /opt/airflow/dags/sus_pipeline.py
[2026-04-29T16:26:47.986+0000] {processor.py:840} INFO - DAG(s) 'sus_pipeline' retrieved from /opt/airflow/dags/sus_pipeline.py
[2026-04-29T16:26:48.029+0000] {logging_mixin.py:188} INFO - [2026-04-29T16:26:48.028+0000] {dag.py:3036} INFO - Sync 1 DAGs
[2026-04-29T16:26:48.057+0000] {logging_mixin.py:188} INFO - [2026-04-29T16:26:48.056+0000] {dag.py:3823} INFO - Setting next_dagrun for sus_pipeline to 2026-04-01 00:00:00+00:00, run_after=2026-05-01 00:00:00+00:00
[2026-04-29T16:26:48.086+0000] {processor.py:183} INFO - Processing /opt/airflow/dags/sus_pipeline.py took 1.651 seconds
[2026-04-29T16:27:20.592+0000] {processor.py:161} INFO - Started process (PID=8615) to work on /opt/airflow/dags/sus_pipeline.py
[2026-04-29T16:27:20.593+0000] {processor.py:830} INFO - Processing file /opt/airflow/dags/sus_pipeline.py for tasks to queue
[2026-04-29T16:27:20.594+0000] {logging_mixin.py:188} INFO - [2026-04-29T16:27:20.594+0000] {dagbag.py:538} INFO - Filling up the DagBag from /opt/airflow/dags/sus_pipeline.py
[2026-04-29T16:27:21.936+0000] {processor.py:840} INFO - DAG(s) 'sus_pipeline' retrieved from /opt/airflow/dags/sus_pipeline.py
[2026-04-29T16:27:21.959+0000] {logging_mixin.py:188} INFO - [2026-04-29T16:27:21.958+0000] {dag.py:3036} INFO - Sync 1 DAGs
[2026-04-29T16:27:21.979+0000] {logging_mixin.py:188} INFO - [2026-04-29T16:27:21.978+0000] {dag.py:3823} INFO - Setting next_dagrun for sus_pipeline to 2026-04-01 00:00:00+00:00, run_after=2026-05-01 00:00:00+00:00
[2026-04-29T16:27:21.993+0000] {processor.py:183} INFO - Processing /opt/airflow/dags/sus_pipeline.py took 1.404 seconds
[2026-04-29T16:27:52.172+0000] {processor.py:161} INFO - Started process (PID=8623) to work on /opt/airflow/dags/sus_pipeline.py
[2026-04-29T16:27:52.174+0000] {processor.py:830} INFO - Processing file /opt/airflow/dags/sus_pipeline.py for tasks to queue
[2026-04-29T16:27:52.176+0000] {logging_mixin.py:188} INFO - [2026-04-29T16:27:52.175+0000] {dagbag.py:538} INFO - Filling up the DagBag from /opt/airflow/dags/sus_pipeline.py
[2026-04-29T16:27:55.735+0000] {processor.py:840} INFO - DAG(s) 'sus_pipeline' retrieved from /opt/airflow/dags/sus_pipeline.py
[2026-04-29T16:27:55.757+0000] {logging_mixin.py:188} INFO - [2026-04-29T16:27:55.756+0000] {dag.py:3036} INFO - Sync 1 DAGs
[2026-04-29T16:27:55.785+0000] {logging_mixin.py:188} INFO - [2026-04-29T16:27:55.785+0000] {dag.py:3823} INFO - Setting next_dagrun for sus_pipeline to 2026-04-01 00:00:00+00:00, run_after=2026-05-01 00:00:00+00:00
[2026-04-29T16:27:55.802+0000] {processor.py:183} INFO - Processing /opt/airflow/dags/sus_pipeline.py took 1.404 seconds
[2026-04-29T16:28:26.020+0000] {processor.py:161} INFO - Started process (PID=8631) to work on /opt/airflow/dags/sus_pipeline.py
[2026-04-29T16:28:26.022+0000] {processor.py:830} INFO - Processing file /opt/airflow/dags/sus_pipeline.py for tasks to queue
[2026-04-29T16:28:26.023+0000] {logging_mixin.py:188} INFO - [2026-04-29T16:28:26.023+0000] {dagbag.py:538} INFO - Filling up the DagBag from /opt/airflow/dags/sus_pipeline.py
[2026-04-29T16:28:29.097+0000] {processor.py:840} INFO - DAG(s) 'sus_pipeline' retrieved from /opt/airflow/dags/sus_pipeline.py
[2026-04-29T16:28:29.114+0000] {logging_mixin.py:188} INFO - [2026-04-29T16:28:29.113+0000] {dag.py:3036} INFO - Sync 1 DAGs
[2026-04-29T16:28:29.129+0000] {logging_mixin.py:188} INFO - [2026-04-29T16:28:29.129+0000] {dag.py:3823} INFO - Setting next_dagrun for sus_pipeline to 2026-04-01 00:00:00+00:00, run_after=2026-05-01 00:00:00+00:00
[2026-04-29T16:28:29.143+0000] {processor.py:183} INFO - Processing /opt/airflow/dags/sus_pipeline.py took 1.455 seconds
[2026-04-29T16:28:59.310+0000] {processor.py:161} INFO - Started process (PID=8639) to work on /opt/airflow/dags/sus_pipeline.py
[2026-04-29T16:28:59.311+0000] {processor.py:830} INFO - Processing file /opt/airflow/dags/sus_pipeline.py for tasks to queue
[2026-04-29T16:28:59.312+0000] {logging_mixin.py:188} INFO - [2026-04-29T16:28:59.311+0000] {dagbag.py:538} INFO - Filling up the DagBag from /opt/airflow/dags/sus_pipeline.py
[2026-04-29T16:29:00.875+0000] {processor.py:840} INFO - DAG(s) 'sus_pipeline' retrieved from /opt/airflow/dags/sus_pipeline.py
[2026-04-29T16:29:00.894+0000] {logging_mixin.py:188} INFO - [2026-04-29T16:29:00.894+0000] {dag.py:3036} INFO - Sync 1 DAGs
[2026-04-29T16:29:00.914+0000] {logging_mixin.py:188} INFO - [2026-04-29T16:29:00.914+0000] {dag.py:3823} INFO - Setting next_dagrun for sus_pipeline to 2026-04-01 00:00:00+00:00, run_after=2026-05-01 00:00:00+00:00
[2026-04-29T16:29:00.934+0000] {processor.py:183} INFO - Processing /opt/airflow/dags/sus_pipeline.py took 1.627 seconds
[2026-04-29T16:29:31.394+0000] {processor.py:161} INFO - Started process (PID=8647) to work on /opt/airflow/dags/sus_pipeline.py
[2026-04-29T16:29:31.395+0000] {processor.py:830} INFO - Processing file /opt/airflow/dags/sus_pipeline.py for tasks to queue
[2026-04-29T16:29:31.396+0000] {logging_mixin.py:188} INFO - [2026-04-29T16:29:31.395+0000] {dagbag.py:538} INFO - Filling up the DagBag from /opt/airflow/dags/sus_pipeline.py
[2026-04-29T16:29:32.886+0000] {processor.py:840} INFO - DAG(s) 'sus_pipeline' retrieved from /opt/airflow/dags/sus_pipeline.py
[2026-04-29T16:29:32.907+0000] {logging_mixin.py:188} INFO - [2026-04-29T16:29:32.907+0000] {dag.py:3036} INFO - Sync 1 DAGs
[2026-04-29T16:29:32.928+0000] {logging_mixin.py:188} INFO - [2026-04-29T16:29:32.928+0000] {dag.py:3823} INFO - Setting next_dagrun for sus_pipeline to 2026-04-01 00:00:00+00:00, run_after=2026-05-01 00:00:00+00:00
[2026-04-29T16:29:32.947+0000] {processor.py:183} INFO - Processing /opt/airflow/dags/sus_pipeline.py took 1.558 seconds
[2026-04-29T16:30:03.397+0000] {processor.py:161} INFO - Started process (PID=8655) to work on /opt/airflow/dags/sus_pipeline.py
[2026-04-29T16:30:03.398+0000] {processor.py:830} INFO - Processing file /opt/airflow/dags/sus_pipeline.py for tasks to queue
[2026-04-29T16:30:03.399+0000] {logging_mixin.py:188} INFO - [2026-04-29T16:30:03.399+0000] {dagbag.py:538} INFO - Filling up the DagBag from /opt/airflow/dags/sus_pipeline.py
[2026-04-29T16:30:04.756+0000] {processor.py:840} INFO - DAG(s) 'sus_pipeline' retrieved from /opt/airflow/dags/sus_pipeline.py
[2026-04-29T16:30:04.776+0000] {logging_mixin.py:188} INFO - [2026-04-29T16:30:04.775+0000] {dag.py:3036} INFO - Sync 1 DAGs
[2026-04-29T16:30:04.794+0000] {logging_mixin.py:188} INFO - [2026-04-29T16:30:04.794+0000] {dag.py:3823} INFO - Setting next_dagrun for sus_pipeline to 2026-04-01 00:00:00+00:00, run_after=2026-05-01 00:00:00+00:00
[2026-04-29T16:30:04.810+0000] {processor.py:183} INFO - Processing /opt/airflow/dags/sus_pipeline.py took 1.419 seconds
[2026-04-29T16:30:35.238+0000] {processor.py:161} INFO - Started process (PID=8663) to work on /opt/airflow/dags/sus_pipeline.py
[2026-04-29T16:30:35.239+0000] {processor.py:830} INFO - Processing file /opt/airflow/dags/sus_pipeline.py for tasks to queue
[2026-04-29T16:30:35.239+0000] {logging_mixin.py:188} INFO - [2026-04-29T16:30:35.239+0000] {dagbag.py:538} INFO - Filling up the DagBag from /opt/airflow/dags/sus_pipeline.py
[2026-04-29T16:30:36.815+0000] {processor.py:840} INFO - DAG(s) 'sus_pipeline' retrieved from /opt/airflow/dags/sus_pipeline.py
[2026-04-29T16:30:36.837+0000] {logging_mixin.py:188} INFO - [2026-04-29T16:30:36.836+0000] {dag.py:3036} INFO - Sync 1 DAGs
[2026-04-29T16:30:36.858+0000] {logging_mixin.py:188} INFO - [2026-04-29T16:30:36.857+0000] {dag.py:3823} INFO - Setting next_dagrun for sus_pipeline to 2026-04-01 00:00:00+00:00, run_after=2026-05-01 00:00:00+00:00
[2026-04-29T16:30:36.876+0000] {processor.py:183} INFO - Processing /opt/airflow/dags/sus_pipeline.py took 1.641 seconds
[2026-04-29T16:31:07.335+0000] {processor.py:161} INFO - Started process (PID=8671) to work on /opt/airflow/dags/sus_pipeline.py
[2026-04-29T16:31:07.336+0000] {processor.py:830} INFO - Processing file /opt/airflow/dags/sus_pipeline.py for tasks to queue
[2026-04-29T16:31:07.337+0000] {logging_mixin.py:188} INFO - [2026-04-29T16:31:07.336+0000] {dagbag.py:538} INFO - Filling up the DagBag from /opt/airflow/dags/sus_pipeline.py
[2026-04-29T16:31:08.736+0000] {processor.py:840} INFO - DAG(s) 'sus_pipeline' retrieved from /opt/airflow/dags/sus_pipeline.py
[2026-04-29T16:31:08.758+0000] {logging_mixin.py:188} INFO - [2026-04-29T16:31:08.758+0000] {dag.py:3036} INFO - Sync 1 DAGs
[2026-04-29T16:31:08.782+0000] {logging_mixin.py:188} INFO - [2026-04-29T16:31:08.782+0000] {dag.py:3823} INFO - Setting next_dagrun for sus_pipeline to 2026-04-01 00:00:00+00:00, run_after=2026-05-01 00:00:00+00:00
[2026-04-29T16:31:08.801+0000] {processor.py:183} INFO - Processing /opt/airflow/dags/sus_pipeline.py took 1.469 seconds
[2026-04-29T16:31:39.142+0000] {processor.py:161} INFO - Started process (PID=8679) to work on /opt/airflow/dags/sus_pipeline.py
[2026-04-29T16:31:39.144+0000] {processor.py:830} INFO - Processing file /opt/airflow/dags/sus_pipeline.py for tasks to queue
[2026-04-29T16:31:39.146+0000] {logging_mixin.py:188} INFO - [2026-04-29T16:31:39.145+0000] {dagbag.py:538} INFO - Filling up the DagBag from /opt/airflow/dags/sus_pipeline.py
[2026-04-29T16:31:40.532+0000] {processor.py:840} INFO - DAG(s) 'sus_pipeline' retrieved from /opt/airflow/dags/sus_pipeline.py
[2026-04-29T16:31:40.561+0000] {logging_mixin.py:188} INFO - [2026-04-29T16:31:40.561+0000] {dag.py:3036} INFO - Sync 1 DAGs
[2026-04-29T16:31:40.594+0000] {logging_mixin.py:188} INFO - [2026-04-29T16:31:40.593+0000] {dag.py:3823} INFO - Setting next_dagrun for sus_pipeline to 2026-04-01 00:00:00+00:00, run_after=2026-05-01 00:00:00+00:00
[2026-04-29T16:31:40.614+0000] {processor.py:183} INFO - Processing /opt/airflow/dags/sus_pipeline.py took 1.478 seconds
[2026-04-29T16:32:10.668+0000] {processor.py:161} INFO - Started process (PID=8687) to work on /opt/airflow/dags/sus_pipeline.py
[2026-04-29T16:32:10.669+0000] {processor.py:830} INFO - Processing file /opt/airflow/dags/sus_pipeline.py for tasks to queue
[2026-04-29T16:32:10.670+0000] {logging_mixin.py:188} INFO - [2026-04-29T16:32:10.669+0000] {dagbag.py:538} INFO - Filling up the DagBag from /opt/airflow/dags/sus_pipeline.py
[2026-04-29T16:32:12.451+0000] {processor.py:840} INFO - DAG(s) 'sus_pipeline' retrieved from /opt/airflow/dags/sus_pipeline.py
[2026-04-29T16:32:12.487+0000] {logging_mixin.py:188} INFO - [2026-04-29T16:32:12.486+0000] {dag.py:3036} INFO - Sync 1 DAGs
[2026-04-29T16:32:12.526+0000] {logging_mixin.py:188} INFO - [2026-04-29T16:32:12.526+0000] {dag.py:3823} INFO - Setting next_dagrun for sus_pipeline to 2026-04-01 00:00:00+00:00, run_after=2026-05-01 00:00:00+00:00
[2026-04-29T16:32:12.583+0000] {processor.py:183} INFO - Processing /opt/airflow/dags/sus_pipeline.py took 1.919 seconds
[2026-04-29T16:32:43.065+0000] {processor.py:161} INFO - Started process (PID=8695) to work on /opt/airflow/dags/sus_pipeline.py
[2026-04-29T16:32:43.066+0000] {processor.py:830} INFO - Processing file /opt/airflow/dags/sus_pipeline.py for tasks to queue
[2026-04-29T16:32:43.066+0000] {logging_mixin.py:188} INFO - [2026-04-29T16:32:43.066+0000] {dagbag.py:538} INFO - Filling up the DagBag from /opt/airflow/dags/sus_pipeline.py
[2026-04-29T16:32:44.475+0000] {processor.py:840} INFO - DAG(s) 'sus_pipeline' retrieved from /opt/airflow/dags/sus_pipeline.py
[2026-04-29T16:32:44.511+0000] {logging_mixin.py:188} INFO - [2026-04-29T16:32:44.510+0000] {dag.py:3036} INFO - Sync 1 DAGs
[2026-04-29T16:32:44.585+0000] {logging_mixin.py:188} INFO - [2026-04-29T16:32:44.584+0000] {dag.py:3823} INFO - Setting next_dagrun for sus_pipeline to 2026-04-01 00:00:00+00:00, run_after=2026-05-01 00:00:00+00:00
[2026-04-29T16:32:44.633+0000] {processor.py:183} INFO - Processing /opt/airflow/dags/sus_pipeline.py took 1.572 seconds
[2026-04-29T16:33:14.935+0000] {processor.py:161} INFO - Started process (PID=8703) to work on /opt/airflow/dags/sus_pipeline.py
[2026-04-29T16:33:14.937+0000] {processor.py:830} INFO - Processing file /opt/airflow/dags/sus_pipeline.py for tasks to queue
[2026-04-29T16:33:14.937+0000] {logging_mixin.py:188} INFO - [2026-04-29T16:33:14.937+0000] {dagbag.py:538} INFO - Filling up the DagBag from /opt/airflow/dags/sus_pipeline.py
[2026-04-29T16:33:16.438+0000] {processor.py:840} INFO - DAG(s) 'sus_pipeline' retrieved from /opt/airflow/dags/sus_pipeline.py
[2026-04-29T16:33:16.458+0000] {logging_mixin.py:188} INFO - [2026-04-29T16:33:16.458+0000] {dag.py:3036} INFO - Sync 1 DAGs
[2026-04-29T16:33:16.475+0000] {logging_mixin.py:188} INFO - [2026-04-29T16:33:16.475+0000] {dag.py:3823} INFO - Setting next_dagrun for sus_pipeline to 2026-04-01 00:00:00+00:00, run_after=2026-05-01 00:00:00+00:00
[2026-04-29T16:33:16.495+0000] {processor.py:183} INFO - Processing /opt/airflow/dags/sus_pipeline.py took 1.566 seconds
[2026-04-29T16:33:46.607+0000] {processor.py:161} INFO - Started process (PID=8711) to work on /opt/airflow/dags/sus_pipeline.py
[2026-04-29T16:33:46.608+0000] {processor.py:830} INFO - Processing file /opt/airflow/dags/sus_pipeline.py for tasks to queue
[2026-04-29T16:33:46.609+0000] {logging_mixin.py:188} INFO - [2026-04-29T16:33:46.609+0000] {dagbag.py:538} INFO - Filling up the DagBag from /opt/airflow/dags/sus_pipeline.py
[2026-04-29T16:33:48.217+0000] {processor.py:840} INFO - DAG(s) 'sus_pipeline' retrieved from /opt/airflow/dags/sus_pipeline.py
[2026-04-29T16:33:48.253+0000] {logging_mixin.py:188} INFO - [2026-04-29T16:33:48.252+0000] {dag.py:3036} INFO - Sync 1 DAGs
[2026-04-29T16:33:48.285+0000] {logging_mixin.py:188} INFO - [2026-04-29T16:33:48.285+0000] {dag.py:3823} INFO - Setting next_dagrun for sus_pipeline to 2026-04-01 00:00:00+00:00, run_after=2026-05-01 00:00:00+00:00
[2026-04-29T16:33:48.306+0000] {processor.py:183} INFO - Processing /opt/airflow/dags/sus_pipeline.py took 1.703 seconds
[2026-04-29T16:34:18.388+0000] {processor.py:161} INFO - Started process (PID=8719) to work on /opt/airflow/dags/sus_pipeline.py
[2026-04-29T16:34:18.388+0000] {processor.py:830} INFO - Processing file /opt/airflow/dags/sus_pipeline.py for tasks to queue
[2026-04-29T16:34:18.389+0000] {logging_mixin.py:188} INFO - [2026-04-29T16:34:18.389+0000] {dagbag.py:538} INFO - Filling up the DagBag from /opt/airflow/dags/sus_pipeline.py
[2026-04-29T16:34:20.159+0000] {processor.py:840} INFO - DAG(s) 'sus_pipeline' retrieved from /opt/airflow/dags/sus_pipeline.py
[2026-04-29T16:34:20.191+0000] {logging_mixin.py:188} INFO - [2026-04-29T16:34:20.191+0000] {dag.py:3036} INFO - Sync 1 DAGs
[2026-04-29T16:34:20.231+0000] {logging_mixin.py:188} INFO - [2026-04-29T16:34:20.230+0000] {dag.py:3823} INFO - Setting next_dagrun for sus_pipeline to 2026-04-01 00:00:00+00:00, run_after=2026-05-01 00:00:00+00:00
[2026-04-29T16:34:20.263+0000] {processor.py:183} INFO - Processing /opt/airflow/dags/sus_pipeline.py took 1.879 seconds
[2026-04-29T16:34:50.779+0000] {processor.py:161} INFO - Started process (PID=8727) to work on /opt/airflow/dags/sus_pipeline.py
[2026-04-29T16:34:50.781+0000] {processor.py:830} INFO - Processing file /opt/airflow/dags/sus_pipeline.py for tasks to queue
[2026-04-29T16:34:50.782+0000] {logging_mixin.py:188} INFO - [2026-04-29T16:34:50.781+0000] {dagbag.py:538} INFO - Filling up the DagBag from /opt/airflow/dags/sus_pipeline.py
[2026-04-29T16:34:52.893+0000] {processor.py:840} INFO - DAG(s) 'sus_pipeline' retrieved from /opt/airflow/dags/sus_pipeline.py
[2026-04-29T16:34:52.921+0000] {logging_mixin.py:188} INFO - [2026-04-29T16:34:52.921+0000] {dag.py:3036} INFO - Sync 1 DAGs
[2026-04-29T16:34:52.986+0000] {logging_mixin.py:188} INFO - [2026-04-29T16:34:52.985+0000] {dag.py:3823} INFO - Setting next_dagrun for sus_pipeline to 2026-04-01 00:00:00+00:00, run_after=2026-05-01 00:00:00+00:00
[2026-04-29T16:34:53.050+0000] {processor.py:183} INFO - Processing /opt/airflow/dags/sus_pipeline.py took 2.276 seconds
[2026-04-29T16:35:23.351+0000] {processor.py:161} INFO - Started process (PID=8735) to work on /opt/airflow/dags/sus_pipeline.py
[2026-04-29T16:35:23.352+0000] {processor.py:830} INFO - Processing file /opt/airflow/dags/sus_pipeline.py for tasks to queue
[2026-04-29T16:35:23.353+0000] {logging_mixin.py:188} INFO - [2026-04-29T16:35:23.352+0000] {dagbag.py:538} INFO - Filling up the DagBag from /opt/airflow/dags/sus_pipeline.py
[2026-04-29T16:35:24.860+0000] {processor.py:840} INFO - DAG(s) 'sus_pipeline' retrieved from /opt/airflow/dags/sus_pipeline.py
[2026-04-29T16:35:24.883+0000] {logging_mixin.py:188} INFO - [2026-04-29T16:35:24.883+0000] {dag.py:3036} INFO - Sync 1 DAGs
[2026-04-29T16:35:24.904+0000] {logging_mixin.py:188} INFO - [2026-04-29T16:35:24.904+0000] {dag.py:3823} INFO - Setting next_dagrun for sus_pipeline to 2026-04-01 00:00:00+00:00, run_after=2026-05-01 00:00:00+00:00
[2026-04-29T16:35:24.924+0000] {processor.py:183} INFO - Processing /opt/airflow/dags/sus_pipeline.py took 1.576 seconds
[2026-04-29T16:35:55.117+0000] {processor.py:161} INFO - Started process (PID=8743) to work on /opt/airflow/dags/sus_pipeline.py
[2026-04-29T16:35:55.118+0000] {processor.py:830} INFO - Processing file /opt/airflow/dags/sus_pipeline.py for tasks to queue
[2026-04-29T16:35:55.119+0000] {logging_mixin.py:188} INFO - [2026-04-29T16:35:55.119+0000] {dagbag.py:538} INFO - Filling up the DagBag from /opt/airflow/dags/sus_pipeline.py
[2026-04-29T16:35:58.867+0000] {processor.py:840} INFO - DAG(s) 'sus_pipeline' retrieved from /opt/airflow/dags/sus_pipeline.py
[2026-04-29T16:35:58.897+0000] {logging_mixin.py:188} INFO - [2026-04-29T16:35:58.897+0000] {dag.py:3036} INFO - Sync 1 DAGs
[2026-04-29T16:35:58.921+0000] {logging_mixin.py:188} INFO - [2026-04-29T16:35:58.920+0000] {dag.py:3823} INFO - Setting next_dagrun for sus_pipeline to 2026-04-01 00:00:00+00:00, run_after=2026-05-01 00:00:00+00:00
[2026-04-29T16:35:58.951+0000] {processor.py:183} INFO - Processing /opt/airflow/dags/sus_pipeline.py took 1.657 seconds
[2026-04-29T16:36:29.142+0000] {processor.py:161} INFO - Started process (PID=8751) to work on /opt/airflow/dags/sus_pipeline.py
[2026-04-29T16:36:29.143+0000] {processor.py:830} INFO - Processing file /opt/airflow/dags/sus_pipeline.py for tasks to queue
[2026-04-29T16:36:29.144+0000] {logging_mixin.py:188} INFO - [2026-04-29T16:36:29.143+0000] {dagbag.py:538} INFO - Filling up the DagBag from /opt/airflow/dags/sus_pipeline.py
[2026-04-29T16:36:33.047+0000] {processor.py:840} INFO - DAG(s) 'sus_pipeline' retrieved from /opt/airflow/dags/sus_pipeline.py
[2026-04-29T16:36:33.065+0000] {logging_mixin.py:188} INFO - [2026-04-29T16:36:33.065+0000] {dag.py:3036} INFO - Sync 1 DAGs
[2026-04-29T16:36:33.082+0000] {logging_mixin.py:188} INFO - [2026-04-29T16:36:33.082+0000] {dag.py:3823} INFO - Setting next_dagrun for sus_pipeline to 2026-04-01 00:00:00+00:00, run_after=2026-05-01 00:00:00+00:00
[2026-04-29T16:36:33.106+0000] {processor.py:183} INFO - Processing /opt/airflow/dags/sus_pipeline.py took 1.684 seconds
[2026-04-29T16:37:03.287+0000] {processor.py:161} INFO - Started process (PID=8759) to work on /opt/airflow/dags/sus_pipeline.py
[2026-04-29T16:37:03.288+0000] {processor.py:830} INFO - Processing file /opt/airflow/dags/sus_pipeline.py for tasks to queue
[2026-04-29T16:37:03.289+0000] {logging_mixin.py:188} INFO - [2026-04-29T16:37:03.289+0000] {dagbag.py:538} INFO - Filling up the DagBag from /opt/airflow/dags/sus_pipeline.py
[2026-04-29T16:37:07.350+0000] {processor.py:840} INFO - DAG(s) 'sus_pipeline' retrieved from /opt/airflow/dags/sus_pipeline.py
[2026-04-29T16:37:07.411+0000] {logging_mixin.py:188} INFO - [2026-04-29T16:37:07.410+0000] {dag.py:3036} INFO - Sync 1 DAGs
[2026-04-29T16:37:07.476+0000] {logging_mixin.py:188} INFO - [2026-04-29T16:37:07.475+0000] {dag.py:3823} INFO - Setting next_dagrun for sus_pipeline to 2026-04-01 00:00:00+00:00, run_after=2026-05-01 00:00:00+00:00
[2026-04-29T16:37:07.597+0000] {processor.py:183} INFO - Processing /opt/airflow/dags/sus_pipeline.py took 2.007 seconds
[2026-04-29T16:37:37.785+0000] {processor.py:161} INFO - Started process (PID=8767) to work on /opt/airflow/dags/sus_pipeline.py
[2026-04-29T16:37:37.786+0000] {processor.py:830} INFO - Processing file /opt/airflow/dags/sus_pipeline.py for tasks to queue
[2026-04-29T16:37:37.787+0000] {logging_mixin.py:188} INFO - [2026-04-29T16:37:37.786+0000] {dagbag.py:538} INFO - Filling up the DagBag from /opt/airflow/dags/sus_pipeline.py
[2026-04-29T16:37:41.638+0000] {processor.py:840} INFO - DAG(s) 'sus_pipeline' retrieved from /opt/airflow/dags/sus_pipeline.py
[2026-04-29T16:37:41.684+0000] {logging_mixin.py:188} INFO - [2026-04-29T16:37:41.684+0000] {dag.py:3036} INFO - Sync 1 DAGs
[2026-04-29T16:37:41.700+0000] {logging_mixin.py:188} INFO - [2026-04-29T16:37:41.700+0000] {dag.py:3823} INFO - Setting next_dagrun for sus_pipeline to 2026-04-01 00:00:00+00:00, run_after=2026-05-01 00:00:00+00:00
[2026-04-29T16:37:41.712+0000] {processor.py:183} INFO - Processing /opt/airflow/dags/sus_pipeline.py took 1.629 seconds
[2026-04-29T16:38:11.908+0000] {processor.py:161} INFO - Started process (PID=8775) to work on /opt/airflow/dags/sus_pipeline.py
[2026-04-29T16:38:11.909+0000] {processor.py:830} INFO - Processing file /opt/airflow/dags/sus_pipeline.py for tasks to queue
[2026-04-29T16:38:11.910+0000] {logging_mixin.py:188} INFO - [2026-04-29T16:38:11.910+0000] {dagbag.py:538} INFO - Filling up the DagBag from /opt/airflow/dags/sus_pipeline.py
[2026-04-29T16:38:15.896+0000] {processor.py:840} INFO - DAG(s) 'sus_pipeline' retrieved from /opt/airflow/dags/sus_pipeline.py
[2026-04-29T16:38:15.920+0000] {logging_mixin.py:188} INFO - [2026-04-29T16:38:15.920+0000] {dag.py:3036} INFO - Sync 1 DAGs
[2026-04-29T16:38:15.946+0000] {logging_mixin.py:188} INFO - [2026-04-29T16:38:15.946+0000] {dag.py:3823} INFO - Setting next_dagrun for sus_pipeline to 2026-04-01 00:00:00+00:00, run_after=2026-05-01 00:00:00+00:00
[2026-04-29T16:38:15.964+0000] {processor.py:183} INFO - Processing /opt/airflow/dags/sus_pipeline.py took 1.788 seconds
[2026-04-29T16:38:46.166+0000] {processor.py:161} INFO - Started process (PID=8783) to work on /opt/airflow/dags/sus_pipeline.py
[2026-04-29T16:38:46.168+0000] {processor.py:830} INFO - Processing file /opt/airflow/dags/sus_pipeline.py for tasks to queue
[2026-04-29T16:38:46.170+0000] {logging_mixin.py:188} INFO - [2026-04-29T16:38:46.170+0000] {dagbag.py:538} INFO - Filling up the DagBag from /opt/airflow/dags/sus_pipeline.py
[2026-04-29T16:38:47.705+0000] {processor.py:840} INFO - DAG(s) 'sus_pipeline' retrieved from /opt/airflow/dags/sus_pipeline.py
[2026-04-29T16:38:47.730+0000] {logging_mixin.py:188} INFO - [2026-04-29T16:38:47.729+0000] {dag.py:3036} INFO - Sync 1 DAGs
[2026-04-29T16:38:47.752+0000] {logging_mixin.py:188} INFO - [2026-04-29T16:38:47.751+0000] {dag.py:3823} INFO - Setting next_dagrun for sus_pipeline to 2026-04-01 00:00:00+00:00, run_after=2026-05-01 00:00:00+00:00
[2026-04-29T16:38:47.774+0000] {processor.py:183} INFO - Processing /opt/airflow/dags/sus_pipeline.py took 1.612 seconds
[2026-04-29T16:39:18.141+0000] {processor.py:161} INFO - Started process (PID=8791) to work on /opt/airflow/dags/sus_pipeline.py
[2026-04-29T16:39:18.142+0000] {processor.py:830} INFO - Processing file /opt/airflow/dags/sus_pipeline.py for tasks to queue
[2026-04-29T16:39:18.143+0000] {logging_mixin.py:188} INFO - [2026-04-29T16:39:18.143+0000] {dagbag.py:538} INFO - Filling up the DagBag from /opt/airflow/dags/sus_pipeline.py
[2026-04-29T16:39:19.491+0000] {processor.py:840} INFO - DAG(s) 'sus_pipeline' retrieved from /opt/airflow/dags/sus_pipeline.py
[2026-04-29T16:39:19.517+0000] {logging_mixin.py:188} INFO - [2026-04-29T16:39:19.517+0000] {dag.py:3036} INFO - Sync 1 DAGs
[2026-04-29T16:39:19.546+0000] {logging_mixin.py:188} INFO - [2026-04-29T16:39:19.546+0000] {dag.py:3823} INFO - Setting next_dagrun for sus_pipeline to 2026-04-01 00:00:00+00:00, run_after=2026-05-01 00:00:00+00:00
[2026-04-29T16:39:19.569+0000] {processor.py:183} INFO - Processing /opt/airflow/dags/sus_pipeline.py took 1.435 seconds
[2026-04-29T16:39:49.768+0000] {processor.py:161} INFO - Started process (PID=8799) to work on /opt/airflow/dags/sus_pipeline.py
[2026-04-29T16:39:49.770+0000] {processor.py:830} INFO - Processing file /opt/airflow/dags/sus_pipeline.py for tasks to queue
[2026-04-29T16:39:49.771+0000] {logging_mixin.py:188} INFO - [2026-04-29T16:39:49.771+0000] {dagbag.py:538} INFO - Filling up the DagBag from /opt/airflow/dags/sus_pipeline.py
[2026-04-29T16:39:51.175+0000] {processor.py:840} INFO - DAG(s) 'sus_pipeline' retrieved from /opt/airflow/dags/sus_pipeline.py
[2026-04-29T16:39:51.198+0000] {logging_mixin.py:188} INFO - [2026-04-29T16:39:51.198+0000] {dag.py:3036} INFO - Sync 1 DAGs
[2026-04-29T16:39:51.216+0000] {logging_mixin.py:188} INFO - [2026-04-29T16:39:51.216+0000] {dag.py:3823} INFO - Setting next_dagrun for sus_pipeline to 2026-04-01 00:00:00+00:00, run_after=2026-05-01 00:00:00+00:00
[2026-04-29T16:39:51.233+0000] {processor.py:183} INFO - Processing /opt/airflow/dags/sus_pipeline.py took 1.469 seconds
[2026-04-29T16:40:21.789+0000] {processor.py:161} INFO - Started process (PID=8807) to work on /opt/airflow/dags/sus_pipeline.py
[2026-04-29T16:40:21.791+0000] {processor.py:830} INFO - Processing file /opt/airflow/dags/sus_pipeline.py for tasks to queue
[2026-04-29T16:40:21.800+0000] {logging_mixin.py:188} INFO - [2026-04-29T16:40:21.792+0000] {dagbag.py:538} INFO - Filling up the DagBag from /opt/airflow/dags/sus_pipeline.py
[2026-04-29T16:40:23.136+0000] {processor.py:840} INFO - DAG(s) 'sus_pipeline' retrieved from /opt/airflow/dags/sus_pipeline.py
[2026-04-29T16:40:23.159+0000] {logging_mixin.py:188} INFO - [2026-04-29T16:40:23.159+0000] {dag.py:3036} INFO - Sync 1 DAGs
[2026-04-29T16:40:23.179+0000] {logging_mixin.py:188} INFO - [2026-04-29T16:40:23.178+0000] {dag.py:3823} INFO - Setting next_dagrun for sus_pipeline to 2026-04-01 00:00:00+00:00, run_after=2026-05-01 00:00:00+00:00
[2026-04-29T16:40:23.195+0000] {processor.py:183} INFO - Processing /opt/airflow/dags/sus_pipeline.py took 1.412 seconds
[2026-04-29T16:40:53.434+0000] {processor.py:161} INFO - Started process (PID=8815) to work on /opt/airflow/dags/sus_pipeline.py
[2026-04-29T16:40:53.435+0000] {processor.py:830} INFO - Processing file /opt/airflow/dags/sus_pipeline.py for tasks to queue
[2026-04-29T16:40:53.436+0000] {logging_mixin.py:188} INFO - [2026-04-29T16:40:53.435+0000] {dagbag.py:538} INFO - Filling up the DagBag from /opt/airflow/dags/sus_pipeline.py
[2026-04-29T16:40:54.854+0000] {processor.py:840} INFO - DAG(s) 'sus_pipeline' retrieved from /opt/airflow/dags/sus_pipeline.py
[2026-04-29T16:40:54.871+0000] {logging_mixin.py:188} INFO - [2026-04-29T16:40:54.870+0000] {dag.py:3036} INFO - Sync 1 DAGs
[2026-04-29T16:40:54.887+0000] {logging_mixin.py:188} INFO - [2026-04-29T16:40:54.887+0000] {dag.py:3823} INFO - Setting next_dagrun for sus_pipeline to 2026-04-01 00:00:00+00:00, run_after=2026-05-01 00:00:00+00:00
[2026-04-29T16:40:54.901+0000] {processor.py:183} INFO - Processing /opt/airflow/dags/sus_pipeline.py took 1.470 seconds
[2026-04-29T16:41:25.434+0000] {processor.py:161} INFO - Started process (PID=8823) to work on /opt/airflow/dags/sus_pipeline.py
[2026-04-29T16:41:25.435+0000] {processor.py:830} INFO - Processing file /opt/airflow/dags/sus_pipeline.py for tasks to queue
[2026-04-29T16:41:25.435+0000] {logging_mixin.py:188} INFO - [2026-04-29T16:41:25.435+0000] {dagbag.py:538} INFO - Filling up the DagBag from /opt/airflow/dags/sus_pipeline.py
[2026-04-29T16:41:26.778+0000] {processor.py:840} INFO - DAG(s) 'sus_pipeline' retrieved from /opt/airflow/dags/sus_pipeline.py
[2026-04-29T16:41:26.798+0000] {logging_mixin.py:188} INFO - [2026-04-29T16:41:26.797+0000] {dag.py:3036} INFO - Sync 1 DAGs
[2026-04-29T16:41:26.814+0000] {logging_mixin.py:188} INFO - [2026-04-29T16:41:26.814+0000] {dag.py:3823} INFO - Setting next_dagrun for sus_pipeline to 2026-04-01 00:00:00+00:00, run_after=2026-05-01 00:00:00+00:00
[2026-04-29T16:41:26.830+0000] {processor.py:183} INFO - Processing /opt/airflow/dags/sus_pipeline.py took 1.400 seconds
[2026-04-29T16:41:56.947+0000] {processor.py:161} INFO - Started process (PID=8831) to work on /opt/airflow/dags/sus_pipeline.py
[2026-04-29T16:41:56.949+0000] {processor.py:830} INFO - Processing file /opt/airflow/dags/sus_pipeline.py for tasks to queue
[2026-04-29T16:41:56.950+0000] {logging_mixin.py:188} INFO - [2026-04-29T16:41:56.950+0000] {dagbag.py:538} INFO - Filling up the DagBag from /opt/airflow/dags/sus_pipeline.py
[2026-04-29T16:41:58.286+0000] {processor.py:840} INFO - DAG(s) 'sus_pipeline' retrieved from /opt/airflow/dags/sus_pipeline.py
[2026-04-29T16:41:58.346+0000] {logging_mixin.py:188} INFO - [2026-04-29T16:41:58.346+0000] {dag.py:3036} INFO - Sync 1 DAGs
[2026-04-29T16:41:58.368+0000] {logging_mixin.py:188} INFO - [2026-04-29T16:41:58.367+0000] {dag.py:3823} INFO - Setting next_dagrun for sus_pipeline to 2026-04-01 00:00:00+00:00, run_after=2026-05-01 00:00:00+00:00
[2026-04-29T16:41:58.790+0000] {processor.py:183} INFO - Processing /opt/airflow/dags/sus_pipeline.py took 1.847 seconds
[2026-04-29T16:42:29.430+0000] {processor.py:161} INFO - Started process (PID=8839) to work on /opt/airflow/dags/sus_pipeline.py
[2026-04-29T16:42:29.430+0000] {processor.py:830} INFO - Processing file /opt/airflow/dags/sus_pipeline.py for tasks to queue
[2026-04-29T16:42:29.431+0000] {logging_mixin.py:188} INFO - [2026-04-29T16:42:29.431+0000] {dagbag.py:538} INFO - Filling up the DagBag from /opt/airflow/dags/sus_pipeline.py
[2026-04-29T16:42:31.642+0000] {processor.py:840} INFO - DAG(s) 'sus_pipeline' retrieved from /opt/airflow/dags/sus_pipeline.py
[2026-04-29T16:42:31.669+0000] {logging_mixin.py:188} INFO - [2026-04-29T16:42:31.669+0000] {dag.py:3036} INFO - Sync 1 DAGs
[2026-04-29T16:42:31.691+0000] {logging_mixin.py:188} INFO - [2026-04-29T16:42:31.690+0000] {dag.py:3823} INFO - Setting next_dagrun for sus_pipeline to 2026-04-01 00:00:00+00:00, run_after=2026-05-01 00:00:00+00:00
[2026-04-29T16:42:31.709+0000] {processor.py:183} INFO - Processing /opt/airflow/dags/sus_pipeline.py took 2.283 seconds
[2026-04-29T16:43:01.987+0000] {processor.py:161} INFO - Started process (PID=8847) to work on /opt/airflow/dags/sus_pipeline.py
[2026-04-29T16:43:01.987+0000] {processor.py:830} INFO - Processing file /opt/airflow/dags/sus_pipeline.py for tasks to queue
[2026-04-29T16:43:01.988+0000] {logging_mixin.py:188} INFO - [2026-04-29T16:43:01.988+0000] {dagbag.py:538} INFO - Filling up the DagBag from /opt/airflow/dags/sus_pipeline.py
[2026-04-29T16:43:03.253+0000] {processor.py:840} INFO - DAG(s) 'sus_pipeline' retrieved from /opt/airflow/dags/sus_pipeline.py
[2026-04-29T16:43:03.273+0000] {logging_mixin.py:188} INFO - [2026-04-29T16:43:03.272+0000] {dag.py:3036} INFO - Sync 1 DAGs
[2026-04-29T16:43:03.305+0000] {logging_mixin.py:188} INFO - [2026-04-29T16:43:03.304+0000] {dag.py:3823} INFO - Setting next_dagrun for sus_pipeline to 2026-04-01 00:00:00+00:00, run_after=2026-05-01 00:00:00+00:00
[2026-04-29T16:43:03.327+0000] {processor.py:183} INFO - Processing /opt/airflow/dags/sus_pipeline.py took 1.344 seconds
[2026-04-29T16:43:33.751+0000] {processor.py:161} INFO - Started process (PID=8855) to work on /opt/airflow/dags/sus_pipeline.py
[2026-04-29T16:43:33.752+0000] {processor.py:830} INFO - Processing file /opt/airflow/dags/sus_pipeline.py for tasks to queue
[2026-04-29T16:43:33.752+0000] {logging_mixin.py:188} INFO - [2026-04-29T16:43:33.752+0000] {dagbag.py:538} INFO - Filling up the DagBag from /opt/airflow/dags/sus_pipeline.py
[2026-04-29T16:43:35.149+0000] {processor.py:840} INFO - DAG(s) 'sus_pipeline' retrieved from /opt/airflow/dags/sus_pipeline.py
[2026-04-29T16:43:35.206+0000] {logging_mixin.py:188} INFO - [2026-04-29T16:43:35.205+0000] {dag.py:3036} INFO - Sync 1 DAGs
[2026-04-29T16:43:35.237+0000] {logging_mixin.py:188} INFO - [2026-04-29T16:43:35.237+0000] {dag.py:3823} INFO - Setting next_dagrun for sus_pipeline to 2026-04-01 00:00:00+00:00, run_after=2026-05-01 00:00:00+00:00
[2026-04-29T16:43:35.269+0000] {processor.py:183} INFO - Processing /opt/airflow/dags/sus_pipeline.py took 1.522 seconds
[2026-04-29T16:44:05.551+0000] {processor.py:161} INFO - Started process (PID=8863) to work on /opt/airflow/dags/sus_pipeline.py
[2026-04-29T16:44:05.553+0000] {processor.py:830} INFO - Processing file /opt/airflow/dags/sus_pipeline.py for tasks to queue
[2026-04-29T16:44:05.554+0000] {logging_mixin.py:188} INFO - [2026-04-29T16:44:05.553+0000] {dagbag.py:538} INFO - Filling up the DagBag from /opt/airflow/dags/sus_pipeline.py
[2026-04-29T16:44:07.019+0000] {processor.py:840} INFO - DAG(s) 'sus_pipeline' retrieved from /opt/airflow/dags/sus_pipeline.py
[2026-04-29T16:44:07.039+0000] {logging_mixin.py:188} INFO - [2026-04-29T16:44:07.038+0000] {dag.py:3036} INFO - Sync 1 DAGs
[2026-04-29T16:44:07.054+0000] {logging_mixin.py:188} INFO - [2026-04-29T16:44:07.054+0000] {dag.py:3823} INFO - Setting next_dagrun for sus_pipeline to 2026-04-01 00:00:00+00:00, run_after=2026-05-01 00:00:00+00:00
[2026-04-29T16:44:07.071+0000] {processor.py:183} INFO - Processing /opt/airflow/dags/sus_pipeline.py took 1.526 seconds
[2026-04-29T16:44:37.492+0000] {processor.py:161} INFO - Started process (PID=8871) to work on /opt/airflow/dags/sus_pipeline.py
[2026-04-29T16:44:37.493+0000] {processor.py:830} INFO - Processing file /opt/airflow/dags/sus_pipeline.py for tasks to queue
[2026-04-29T16:44:37.494+0000] {logging_mixin.py:188} INFO - [2026-04-29T16:44:37.494+0000] {dagbag.py:538} INFO - Filling up the DagBag from /opt/airflow/dags/sus_pipeline.py
[2026-04-29T16:44:38.851+0000] {processor.py:840} INFO - DAG(s) 'sus_pipeline' retrieved from /opt/airflow/dags/sus_pipeline.py
[2026-04-29T16:44:38.870+0000] {logging_mixin.py:188} INFO - [2026-04-29T16:44:38.869+0000] {dag.py:3036} INFO - Sync 1 DAGs
[2026-04-29T16:44:38.889+0000] {logging_mixin.py:188} INFO - [2026-04-29T16:44:38.889+0000] {dag.py:3823} INFO - Setting next_dagrun for sus_pipeline to 2026-04-01 00:00:00+00:00, run_after=2026-05-01 00:00:00+00:00
[2026-04-29T16:44:38.905+0000] {processor.py:183} INFO - Processing /opt/airflow/dags/sus_pipeline.py took 1.416 seconds
[2026-04-29T16:45:09.078+0000] {processor.py:161} INFO - Started process (PID=8879) to work on /opt/airflow/dags/sus_pipeline.py
[2026-04-29T16:45:09.079+0000] {processor.py:830} INFO - Processing file /opt/airflow/dags/sus_pipeline.py for tasks to queue
[2026-04-29T16:45:09.080+0000] {logging_mixin.py:188} INFO - [2026-04-29T16:45:09.080+0000] {dagbag.py:538} INFO - Filling up the DagBag from /opt/airflow/dags/sus_pipeline.py
[2026-04-29T16:45:13.094+0000] {processor.py:840} INFO - DAG(s) 'sus_pipeline' retrieved from /opt/airflow/dags/sus_pipeline.py
[2026-04-29T16:45:13.119+0000] {logging_mixin.py:188} INFO - [2026-04-29T16:45:13.118+0000] {dag.py:3036} INFO - Sync 1 DAGs
[2026-04-29T16:45:13.143+0000] {logging_mixin.py:188} INFO - [2026-04-29T16:45:13.143+0000] {dag.py:3823} INFO - Setting next_dagrun for sus_pipeline to 2026-04-01 00:00:00+00:00, run_after=2026-05-01 00:00:00+00:00
[2026-04-29T16:45:13.160+0000] {processor.py:183} INFO - Processing /opt/airflow/dags/sus_pipeline.py took 1.657 seconds
[2026-04-29T16:45:43.354+0000] {processor.py:161} INFO - Started process (PID=8887) to work on /opt/airflow/dags/sus_pipeline.py
[2026-04-29T16:45:43.354+0000] {processor.py:830} INFO - Processing file /opt/airflow/dags/sus_pipeline.py for tasks to queue
[2026-04-29T16:45:43.355+0000] {logging_mixin.py:188} INFO - [2026-04-29T16:45:43.355+0000] {dagbag.py:538} INFO - Filling up the DagBag from /opt/airflow/dags/sus_pipeline.py
[2026-04-29T16:45:47.275+0000] {processor.py:840} INFO - DAG(s) 'sus_pipeline' retrieved from /opt/airflow/dags/sus_pipeline.py
[2026-04-29T16:45:47.300+0000] {logging_mixin.py:188} INFO - [2026-04-29T16:45:47.300+0000] {dag.py:3036} INFO - Sync 1 DAGs
[2026-04-29T16:45:47.314+0000] {logging_mixin.py:188} INFO - [2026-04-29T16:45:47.314+0000] {dag.py:3823} INFO - Setting next_dagrun for sus_pipeline to 2026-04-01 00:00:00+00:00, run_after=2026-05-01 00:00:00+00:00
[2026-04-29T16:45:47.331+0000] {processor.py:183} INFO - Processing /opt/airflow/dags/sus_pipeline.py took 1.519 seconds
[2026-04-29T16:46:17.499+0000] {processor.py:161} INFO - Started process (PID=8895) to work on /opt/airflow/dags/sus_pipeline.py
[2026-04-29T16:46:17.501+0000] {processor.py:830} INFO - Processing file /opt/airflow/dags/sus_pipeline.py for tasks to queue
[2026-04-29T16:46:17.501+0000] {logging_mixin.py:188} INFO - [2026-04-29T16:46:17.501+0000] {dagbag.py:538} INFO - Filling up the DagBag from /opt/airflow/dags/sus_pipeline.py
[2026-04-29T16:46:21.393+0000] {processor.py:840} INFO - DAG(s) 'sus_pipeline' retrieved from /opt/airflow/dags/sus_pipeline.py
[2026-04-29T16:46:21.415+0000] {logging_mixin.py:188} INFO - [2026-04-29T16:46:21.414+0000] {dag.py:3036} INFO - Sync 1 DAGs
[2026-04-29T16:46:21.430+0000] {logging_mixin.py:188} INFO - [2026-04-29T16:46:21.429+0000] {dag.py:3823} INFO - Setting next_dagrun for sus_pipeline to 2026-04-01 00:00:00+00:00, run_after=2026-05-01 00:00:00+00:00
[2026-04-29T16:46:21.444+0000] {processor.py:183} INFO - Processing /opt/airflow/dags/sus_pipeline.py took 1.483 seconds
